[0.0013348991837350774, 0.0011953514414292108, 0.00084743395911989, -0.000388949666731699, 0.0015720514823968996, 0.001130786844768853, 0.001270126581495929, 0.0006381712544688517, 0.0012096643000021358, 0.001268474377870083, 0.004320788656304023, -0.0002379667116884336, 0.008260562835465798, -0.0005630721484538237, 0.007025976641595262, 0.0010053892939994359, -0.0006531123796749295, -0.0038474824348579367, -0.005491543586881282, 0.0013515859033606018, -0.00011322357622275514, 0.0006141929143644219, 0.001286233080291374, 0.003110757528552789, -0.001869397038412544, 0.00141792921345363, -6.593944674609592e-05, 0.0013069571246094335, 0.0005455497875044271, 0.0002623599321633752, 0.001393223412094093, 0.0012527836255235702, 0.0009903525011072634, 0.001984351458910656, -0.0011870140795883575, 0.0022074383132332466, 0.0013691690454859312, -0.00021924424022116807, -0.0005062884702390616, 0.0024665320613892795, -0.0014169981745195683, -0.0037804599372153907, 0.0023553192720804357, 0.0011878882623067117, 0.001004570565066518, 0.00015212190067493125, 0.0015869847671488631, 0.006031419322425277, -0.00046096628274180126, -0.0003960212428209059]	1432256410659
[0.0012667016099559762, 0.0010293071602955426, 0.0009759550410789171, -0.0004262892724534741, 0.0011191000036481769, 0.0008789603735122246, 0.0010122933339126467, 0.0005158252207744571, 0.0010616089951752, 0.001182913536773536, 0.00378230531428367, -0.00016768932370357976, 0.006980190358259546, -0.000510108132551095, 0.005912297253429152, 0.0007301233833054876, -0.0005392893427594538, -0.003260966631085319, -0.005223562065848233, 0.0011178864256879725, -1.2065278808112262e-05, 0.0005952615740069337, 0.0013498340648254818, 0.002984554370997453, -0.0016031233421751486, 0.0007894956109916792, -0.00015211192977138713, 0.0010171970226109394, 0.0006191628608377063, 3.1747580985848975e-05, 0.0007838243231268206, 0.0021877674396367673, 0.0003215569154858736, 0.0018255960850091727, -0.001088471771524978, 0.002128242381269952, 0.0011812643139923495, -0.00040465757890291947, 0.0002529184309251247, 0.0020832700886816782, -0.0010894592909246278, -0.003424037667677018, 0.0020473572891656876, 0.00019107603404746866, 0.0009664299884382963, 0.00016115144775420017, 0.0018277816126364122, 0.005701084089521044, -0.00018472674327917694, -0.0007636775816033026]	1432258453666
[0.002239530936394618, 0.0016716590374246884, 0.004156694148547788, -0.0006805632324716716, 0.003659146707348893, 0.0039726210236369335, 0.0020451829693431166, 0.006275282671793261, 0.00043302469225447527, 0.0010763580767904986, 0.035605812728390814, 0.0112765366835906, 0.036191329886957134, 0.006835548327337353, 0.04042928127123571, -0.00010656047018167385, 0.00864767651547941, 0.15209874594108258, -0.002221984121418255, 0.027734999023005392, -0.019087649426304528, -0.011351025027852258, -0.005765684988548287, -0.02342190561707896, -0.030579010748389736, -0.0006737202295904998, -0.005650473461234399, 0.008496679374807527, 0.0013020333915354026, 0.0025493541359034428, -0.006453683992689913, 0.0104493242555736, 0.009407008616290553, -0.005109766505862466, -0.0029671312887657652, -0.005403303995492239, -0.003112754956582685, -0.012183049530391659, -0.023571435075552923, 0.011051748803119928, -0.01573402678827798, 0.010316209346558258, 0.006125596712827192, -0.0027933940800949487, 0.03290448501291632, -0.000365522632677067, -0.019781783041211976, 0.01721363271750732, -0.011462468972404005, 0.013759033589647618]	1432260073659
[0.027814506082689115, 0.04273029735916426, 0.39018462481337207, -0.20132224812549288, -0.03888957293553828, 0.010032211799771401, -0.010157041881070857, 0.0037250872498005632, -0.00346575152448191, -0.0022635911510978696, 0.045629905759787225, 0.013814940831224438, 0.05200992914816547, 0.006653705994610923, 0.06085645822669301, -0.0029199839695572944, 0.011810216037218994, 0.23768317182692583, -0.004974814600980567, 0.04321387074713834, 0.006530802974252215, -0.04624467268432085, -0.017901150821678154, -0.04507327770641916, -0.0467229644077616, 0.0029550785775280643, -0.00851417858601984, 0.02159848038283714, 0.017092183905884493, 0.007382203615710162, 0.003807275539989114, 0.009486169104686125, -0.020236672916231425, 0.037161262316356476, -0.05494031191950027, 0.10983189517630196, -0.07042348999582644, 0.16652264088317564, -0.023197337083378726, -0.08289186734968161, 0.0249206574341419, 0.016888261351135615, -0.011232468809509585, -0.00225652394104728, -0.002867763456078305, 0.010325055941505358, -0.015979210318550676, -0.01931003425718639, 0.005700161484328902, 0.010251982197873585]	1432260852660
[0.0075846331138005605, 0.0028683251579069945, 0.007339516209583283, -0.0032617445907524153, 0.017465310774199563, 0.005465928943888846, 0.007244051390167533, 0.004370135744043776, 0.002002665928239996, 0.007587419816694574, 0.2733756941833585, -0.4341506352078687, -0.10279720030337323, -0.005324693776479975, -0.024613069428113095, -0.027415121977985398, 0.0010790250660479284, -0.009309002333934016, -0.026400812667474415, 0.0038289644715689443, -0.013182977270314901, -0.034238306007544406, -0.020631217246056065, -0.010355925869946126, -0.0017051020916194785, -0.003925598705111653, 0.0021648971791122214, -0.0029374661195791137, -0.0027911218267102265, -0.004429612441439538, -0.004137854198623979, -0.004094723971891142, -0.0062756966247401345, -0.004547490031123521, 0.00296533167973302, -0.007618480017886687, 0.0039682118100293415, -0.006916995586864743, 0.0021435005324040245, 0.002081244661212416, -0.0006867912185203383, 0.0029241188937631007, -0.0032870899718448455, 0.0031914413861005952, -4.757372630795827e-07, -0.0012138327279413458, 0.002561312829069675, -0.0004767717726120261, -0.0021569110956763957, 0.0025139096664618435]	1432287218658
[0.0012158373617786621, 0.002144413894032113, 0.0016506250448369588, -0.0004415560051155114, 0.003428364656786729, 0.0030677057822833887, 0.00048599001066665674, 0.0004824835769561446, 0.00019736910000219405, 0.0005926920251299709, 0.003720100374802739, -0.0003797403764465711, 0.0033940092367301697, 0.00034977486414876217, 0.0024272234410957503, 0.00036400922749172965, 0.00020183880149240963, 0.00039754343307130444, 3.813931728413979e-05, -0.0006385553737992519, 0.0006883279464982154, 0.0038745498134852637, 0.0023817023851254765, 0.0048475987625457, 0.0005035418043636881, 0.0013980807606706997, 0.0004844042309682968, 0.002936114562838644, 0.00026421893112300935, 0.0001248745467434015, 0.000922448841895493, 0.00023032355624746375, -0.0010887860093345798, 0.0024692464012459046, -0.001076134963939722, 0.002346395367964152, 0.004510144385201738, 0.0007113825892450918, 0.005405579918087583, 0.002409039154179324, 0.0006920164813276679, -0.007369472523781361, 0.0023528666684488613, 0.0014193982537235527, 0.0013561207488448285, 0.0024309313488514207, 0.0024289039757666125, 0.0037227548110281136, -0.004678288304257796, 0.0014421926157125366]	1432292393662
[0.00234673666398037, 0.003494313412671918, 0.003456163326967967, -0.0010651324906336271, 0.008827141827986745, 0.00765836972115379, -0.0010476106225831348, 0.0002852816003321832, 0.00013482735515057308, 0.005573191130645845, 0.002649204586198989, -0.0010846023154928194, 0.0030648666773699933, 0.0015733323568539745, 0.001400802205043269, 0.00028085739092609225, 0.0002840449398178499, 0.0017171766359730784, 0.0007541612218947329, -0.0009944698875119869, 0.0007801282970976356, 0.004739320466087603, 0.001355098736509169, 0.00578300076573749, 0.0018803826283492352, 0.0003912984572583444, -0.0016425828684904487, -0.00010625065588972439, -0.0013752818992605713, 0.00651760498207231, 0.0016006162400019905, -0.0012723281181284771, 0.004726415816299024, 0.0011480118195290883, -0.0017896227338242937, 0.00565047031716908, -0.00417615254968838, -0.004357709108224435, 0.001712593005723558, 0.004837698148117873, -0.002138385580663529, -0.007312630924645718, 0.009715436902947948, -0.004149190736255291, -0.0027734355222630946, 0.0041871301174172485, 0.0025258718451127704, -0.030923858296283864, -0.00436341586383149, -0.00011759986390076589]	1432300098661
[0.0026977096811742957, 0.0020283215962100956, 0.004693512613291043, -0.000716012756820886, 0.004558665274710114, 0.004736067477730158, 0.0025705803834933636, 0.007846483127568185, 0.0006412464620264012, 0.0015508564388088924, 0.04659648498814281, 0.014318524546739217, 0.04748506786241936, 0.006682244965448458, 0.05357128992522759, -0.0007473512794057084, 0.011730083777655501, 0.2134667370759582, -0.0014649643919611383, 0.037857623044486956, -0.02820484098812876, -0.016994704401293026, -0.0095660557354978, -0.038958829709660386, -0.046671691449887184, -0.0028685149664673675, -0.007591677619693476, 0.0085275218092696, 0.003004366963255877, 0.005108509822798121, -0.01113082036696732, 0.015195450055321013, 0.00488841106135064, -0.008921236845486211, 0.002133314918034056, -0.004472319841821506, -0.006607167204966795, -0.013370417374547033, -0.022715431692078493, 0.005981840958400054, -0.004017196372202769, 0.009349966504756363, 0.008787023852074562, -0.005329128925646409, 0.042817815893778755, -0.016186823108864573, -0.010101601038697783, 0.01886707943514309, -0.02600062392678536, 0.010923482726006274]	1432302037662
[0.004599817556657206, 0.004161733655247071, 0.004912300570748148, -0.00022774387462118638, 0.0068599324954891185, 0.008836414457974595, 0.020792510016456718, 0.0088402885841567, 0.00020047518012802787, 0.0040709713918857205, 0.03754160008856203, 0.009680937867657061, 0.019902193268728805, 0.0012998587820535006, 0.02064449341780757, 0.005373590457879411, 0.003023094264544992, 0.06145019938091155, 0.002320111353724971, -0.0037118445709176874, 0.0055058714344898355, -0.009073575533435683, 0.020697466085332634, 0.13968004441374973, 0.15988781833164462, 0.5604381372871381, -0.13063256131203124, -0.14902346943093367, -0.024572207666846507, 0.001587416191300225, -0.017494159949860588, -0.042713325737535356, 0.007835769824079568, -0.015651846048483357, 0.006935855802637408, -0.023391229603953595, -0.011355326297275455, 7.455155561836154e-05, -0.003957092071235871, -0.005773712297862339, -0.0001670541950956919, 0.006119915848576451, -0.007248582846696412, 0.005146706990262694, -4.831606980231083e-05, -0.006285296142632038, -0.0030671829834937924, -0.0009810068472499594, -0.0015993950640806392, 0.0018227153513903794]	1432302868665
[0.7008323223610239, -0.11817402785525859, -0.03615535028001751, 0.0021919259290327773, -0.020649634973415102, -0.007778717268169212, -0.0195163142945758, -0.00318984943958061, -0.004844591715731132, -0.0015291221839149381, -0.005775305562122011, 0.00648292895006065, -0.004415801381259227, -6.219350023893225e-05, 0.001529907247498445, -0.0016456400217808513, -0.00047352136882411873, -0.0023556813548789917, -0.0010725557954880068, 0.0011016970807447882, -0.0015702504860917027, -0.015176107847052176, 0.0005110736875729493, 0.0028475981522614593, 0.0021826107899115777, -0.005745129337771491, 0.007573570609839647, 0.005370928192498696, -0.00018567168392592847, 0.006304689386454646, 0.0034246193764774957, -0.008203400712677387, -0.001331962144625152, 0.007532888349949446, -0.004615307499865404, 0.013060766445302269, 0.02501942241763553, 0.0034230088137111197, -0.017674777341971756, 0.021504842982553108, 0.01044544260306003, -0.019176798174781944, -0.025302651721472363, -0.01638190447669523, 0.04200070895349006, 0.05495932402991868, 0.05189839935306072, -0.031094672565211007, 0.05210274626164112, 0.03686654000711478]	1432305097663
[0.001981327899353325, 0.0011749150766755543, 0.0024320266815158007, -0.00045783082108305945, 0.004670626602535065, 0.002910721541031822, 0.0010764734705569158, 0.0006117441505218685, 0.00011834018896217952, -1.3196918205825184e-05, 0.004114187036878112, -0.0005116248005533122, 0.0029759093845357224, 0.0006961579038638141, 0.002000048402070172, 0.00048022053537577155, 0.00043321179452764677, 0.001244754846784599, -9.176912645651563e-06, -0.0019505709480248158, 0.0016055813801227911, 0.0066967035493295714, 0.0033973263180178412, 0.005661900096116079, -0.0021867380632792743, 0.003549842326817906, 0.0013908687882950499, 0.00294754407475447, 0.00010924844799982339, -0.0035431029372059515, -0.0028995160599126603, 0.00038228253414187977, 0.00472257928283818, 0.0017424553744281722, -0.002080062873409902, 0.004353045064440411, 0.001528326714277754, 0.0018408138939281786, 0.0011341543194824605, 0.001908767414798249, -0.005729565401299615, -0.002113732301195358, 0.014978063112220911, -0.012140906976831786, -0.00263328757646983, -0.0007536995341941882, -0.003661009135464704, -0.0013700902113317301, 0.0030619024849098796, 0.006446541287325571]	1432305617657
[0.0018602332808965345, 0.0005986112323325634, 0.0019224443406124926, 1.225031896257728e-05, 0.008807776190250494, -0.0008150276232258493, 6.914881214323646e-05, 0.0025126742721839233, 0.00032195521202705755, 0.00016671242112339054, 0.005488280808993796, 0.0012057209515199793, 0.005951613984835605, 0.0038952847397869033, 0.0007766159189873125, 0.000706466079858826, -0.00013035630994390917, 0.0018713024899192016, -0.00012439637596038214, 0.0008991663674767109, 0.0004199917403928623, 0.0158935022627034, -0.0017498033691315214, 0.00820609895494259, 0.010376548302341037, 0.01375609986628514, -0.0043713288292390505, 0.019136905705803144, 0.007246859065914066, 0.0055661444766478795, 0.0029276157817465904, -0.022026378021598087, 0.0018768624078003156, 0.001710556707473141, -0.0022311626083921453, -0.017217474897605067, 0.016500973457528552, 0.0013346056234295966, -0.022664433642801178, 0.010500843441971492, -0.06348253692630201, -0.00446896330438778, -0.001772306593696591, 0.041570775220302975, -0.013217096697502735, -0.02530319646452235, 0.016931546842168573, 0.027367174883324755, -0.032541366775156996, 0.0005473496109081949]	1432306887665
[0.0002055732087594384, 0.00028367016614911213, 0.0005891934539685173, 1.9332678231561144e-05, 0.0012889799761469827, 0.0005607003579152287, 6.051277576403749e-05, 0.00011286394609807595, 5.972258952574199e-06, 8.905323872639215e-05, 0.0012418351770637033, 7.4356660748308955e-06, 0.0010807021341021656, 5.2096211992568794e-05, 0.0007580083484013184, -4.9978301575018174e-05, 0.00018228816605429, 0.0004844723629808742, 0.0001057747551399921, -0.0005741223371941546, 0.0006491854278818417, 0.0036670859585691802, 0.0006499179132322033, 0.0014977941046071198, -0.0005165601094364438, 0.0014624296073533119, 0.0010059487773596966, 0.001126384532558422, -0.0003104277509565551, -0.0005407160705827093, -0.0002727133971286622, 0.0005275475649286897, -0.00014339951293854993, 0.00029995533562762587, -0.00026848199814916114, 0.000990633435356967, 0.0023096732037872275, -0.00038893351679202557, 2.9218993621937005e-05, 0.0013000620509199977, -0.0011149313719871123, -0.001794563056540563, 0.0020101830138762795, -0.0005095978368443927, -0.0006296585728728613, 0.0004214354268742376, 0.0014255039412391722, 0.0005382459542870674, -0.0006621841799965747, 0.0006398469487486268]	1432321134663
[0.0007233305516967665, 0.00023694786567750575, 0.0007591744048536767, -0.00015157627527458608, 0.0011286707818155385, 0.0005755897120844519, 0.00026574920791650093, 0.0003151322274031379, 0.00015490680938810088, 0.0003043514595149276, 0.002059922709015491, 0.00031337522755995435, 0.001910295222132471, -8.320624686447541e-05, 0.0008140464176458801, -0.00018873116028808194, 0.00013197692760028194, 0.000980409718452077, 8.955626734395635e-05, -0.00024019897081834879, 0.0008327640110353069, 0.002822009114209497, 0.0006928543542095657, 0.001752365685209903, -0.00014525036372598776, 0.001526419668577855, 0.00043927228947230826, 0.0012030390061523882, 3.431322469405559e-05, -0.0001257610094332781, 0.00023400848418568616, 0.0005263179533706676, -0.00017569336134174194, -0.0001459129685986173, -0.00023445035444833804, 0.0015629684975999474, 0.0022691932779822697, 0.00011848359041226984, -0.0007126704726707672, 0.002250119469846401, -0.001275408983788144, -0.0014794025155474013, 0.0016553784125139333, -0.0005736819119382148, -0.0010488360730285652, 0.0004928886064094406, 0.0013463965019476622, 0.0018655929664863767, -0.0011375857321893389, 0.0008335778834832656]	1432328924663
[0.00157679624815856, 0.0014417145733424351, 0.001472388085576482, -0.00010990128495434432, 0.0029451708052654186, 0.0022982852782805875, 0.0011738140137755686, 0.0010905352117278127, 0.00029681414899921076, -0.00010324990697645438, 0.004027021459038378, -0.00019381620994648774, 0.002926740876671483, 0.00015478466386326548, 0.0012722933281841809, 0.0009261604194252384, 0.00022433986273642602, 0.0007168060859175928, 0.00042092190832993833, -0.0015408805337593112, 0.0013988597739150262, 0.002906218437878217, 0.002051074183134956, 0.003914900298879133, -9.146677051628234e-05, 0.002292017964913622, -0.0008797118608175422, 0.004932068229377015, 0.0003230748736070539, -0.0004370902668620869, 0.0004328954967572754, 0.0014751778243546495, -0.000791911797529238, 0.0005592441748817309, -0.001728222343233222, 0.004371446898633893, 0.005506842949124372, -0.0014908482673039705, 0.00016068849395784062, 0.0019500406307535263, -0.00207853112303753, -0.001954786933192121, 0.00715687562196216, -0.004673274562837213, 0.0018114893792359847, 0.0003375773859293174, 0.004170059191176987, 0.0036334966655978923, -0.00046464650309361395, 0.002013174742004499]	1432333478664
[0.005820541721687027, 0.004202030199209985, 0.005322712674342409, -0.002594905282145931, 0.008090220557864234, 0.004804849452055241, 0.007915279079304977, 0.0023665534100118027, 0.002540718346190696, 0.004685734789451989, 0.04963677273249549, -0.06993149695355133, -0.009156289009609773, 0.0029241809978334705, -0.006352352800674397, -0.00017838612932657207, 0.0007137097568028415, -0.0018482819392189173, 0.0031475651625747516, -0.001028190101093718, 0.000144592547342652, -0.007238127822224611, 0.010523287040996981, 0.03335074160819762, -0.006503305583050507, -0.011393105476853365, -0.015528130508708113, -0.01616320629796671, 0.007624289296163502, -0.0008989087437442489, -0.011135306109511658, -0.008788968107727908, -0.0012390216695021402, 0.01265829985693223, 0.0132385606399155, 0.027119042560075295, -0.0028075086409048064, -0.02099094730909893, -0.011400113802523494, -0.047800408818350446, 0.018224283398136545, -0.007702945156368373, 0.0536158479146463, -0.08879771580670683, 0.024486801090568267, 0.010321383403215397, -0.0004379831710545505, 0.016788569229771153, 0.025443839248782452, 0.002072699451146327]	1432349382664
[0.005662311914478383, 0.0022044564587470525, 0.005573903752734799, -0.0022972665056464796, 0.012781429105330379, 0.0041445379437933735, 0.005297229298072233, 0.0032885309373740412, 0.0016863483124602695, 0.005577372597847192, 0.19597512414072113, -0.30980068580825876, -0.07246327694807957, -0.003853441260972087, -0.017297104423090168, -0.019432313818466922, 0.0008664688956116921, -0.006339154430242735, -0.01873878120329096, 0.0021422625054148157, -0.008876046206499554, -0.023878999499998454, -0.014078774143220344, -0.006218158919875228, -0.0010961558901429844, -0.0023629383444622363, 0.0011083046000095065, -0.0007671628660007895, -0.0021813094501319037, -0.0037648743124467587, -0.002829253394757021, -0.0025628579959005577, -0.004127814705844815, -0.002793807620832744, 0.001791928285865358, -0.004266695527234674, 0.003845982748961349, -0.004810687633462084, 0.0007985714300917123, 0.001348374237951279, -0.0005614950304974431, 0.002112113824670811, -0.001741546182955089, 0.002469898779432148, -1.1621808527454665e-05, -0.0007003639507597928, 0.002825897358126918, 0.0002404457432704378, -0.002440878422828014, 0.0016503733645993222]	1432353798664
[0.0003642402539844534, 0.00060013755199523, 0.00142170503117039, -9.213206139381518e-05, 0.0046122089133510775, 1.291063542568101e-05, -0.00015011707256315184, 0.00025149612014316254, 5.370568907295509e-06, 0.0003753267720553771, 0.0022669747305587512, 3.2299377016647736e-05, 0.0015127061800756572, 0.00021522278548713437, 0.001740681765572715, 1.972540676339628e-05, 0.00016158541639718632, 0.0012250326375153086, -0.0002455036895287331, -0.0009422256754557729, 0.0025366326329297486, 0.0007318152535374401, 0.003490789283365547, 0.001268605792085873, 0.0015543519261515789, 0.002145198636397656, -6.522016086108377e-05, 0.0014763159539266514, -0.0002995940908630306, -0.0003379207036099371, -0.00013116213854013508, -0.0002364822212990559, -0.00028832543556318613, 0.0002026941665093961, -0.0002893955788254793, 0.0014289725414992772, 0.00013134210567117808, 0.0004732562507045937, 0.00042923740291905024, 0.001960568708092848, -0.0011210617693153337, -0.0006591934932886243, 0.0014150858390737742, 0.0006223724639363341, 0.0009653286724310138, 0.0008411539491866238, -0.0002300387065049596, 0.002032589172805332, -0.0012198841662308688, 0.0013731478837281114]	1432373873665
[0.00025049836122860273, 0.00011413856570194109, 0.00010721276503833756, -2.345569888146463e-05, 0.00015955651860273174, 0.00020523772040372464, 9.74633395259634e-05, 0.00012723626901735413, 1.3816861404756332e-05, 0.0001517575897249524, 0.00034921255765173084, 5.465542695466685e-05, 0.00042450323162263406, 0.0002423984024259959, 0.00019151346291801556, -1.6135854939170158e-06, 3.742456315966258e-05, 0.0006028682498535194, -1.8120720182015307e-05, -3.6317884429321187e-05, -8.824181296759093e-06, 4.943100067146317e-06, 0.0002725120561210816, 0.0005605455498251721, 0.0004336584813216951, 8.504896071089695e-05, 0.000178989522207595, 0.0001095153549449868, 0.00022808428578842752, 0.00020578736149182592, 1.2572317649553771e-05, 0.00010043119540290309, 5.0139650180468115e-05, 0.0004146112800102796, -0.0004891291635241238, 0.000568289927385611, 0.00033989648050527447, 0.0007866815968018373, -0.0002343163609827164, -1.0317104165462724e-05, 0.0006961581379044844, 3.46399152339505e-05, 0.00029068463277191113, -0.0008050435299902082, 0.0008209212842631758, 0.0005606521145288427, 0.0003314243106364993, 0.0003190539673455317, 0.0003026507712483303, 0.0007592418726337292]	1432375952660
[0.0013186220269113295, 0.0015039382259971579, 0.0026066993063176783, 0.002489057081451029, 0.0015865319497834526, 0.0009456724632442733, 0.0006916174927031646, 0.0007644796166678272, 0.0005854005867518635, 0.0005027125331365949, 0.004812247126214538, -9.12330119634801e-05, 0.0035068051382344968, 0.0003339818702036303, 0.0018274662181135305, 0.00046096653516060034, 4.30664248986527e-05, 0.0013344436290226912, -0.00039212256942241467, -0.0013195246401759438, 0.002126503913030501, 0.0012075245373491474, 0.002412944089517172, 0.004503446769551885, 0.0014880573985467799, 0.0019823374014334284, -0.0003711783586573869, 0.008248144335747084, 0.0007066439137944233, -0.0021478479897232396, 0.00036324475946844, 0.00030576148508203724, -0.0005278299337910372, 0.0005604154887914777, -0.0003919067044916207, 0.0018723939990709956, 0.001948190598610034, 0.00037356975555097365, 0.0005416596484253639, 0.0031078864191104046, -0.0013300976426709246, -0.0004587917652052999, 1.2015685171430505e-05, -0.0005475195606677509, 0.0025952291652458696, 0.0008490203900649848, 0.0009041088141362811, 0.005009130395795933, -0.002301093854719091, 0.0016000089879074824]	1432383472659
[0.010782783328737215, 0.0047761205410770695, 0.006507342129137673, 0.00501765882447149, 0.005088547484131094, 0.0028701795819924465, 0.004138865566107853, 0.0021820804088119846, 0.002854805619863618, 0.0027011778100816944, 0.010681054571244783, -0.003459457628070602, 0.008527036086078344, 0.005047919135380041, 0.001486293380492088, 0.0018525038945895224, 0.0034201632641038334, 0.0020918325544520546, -0.0018224425256533204, -0.004762410826735247, 0.0021618510209681645, 0.0016177770182717365, 0.009524993045938608, 0.02523714754676964, 0.002871881395764336, 0.024128917826259096, 0.022237458093034873, 0.01267147898165293, 0.01507714380849789, 0.008281668005839935, 0.00799166508944052, 0.003824111974640326, -0.03575285905331149, 0.027840560102655967, 0.001728260277662106, 0.01619219033298324, 0.030876190787339632, -0.006840048787699252, -0.02795258432939982, 0.0018825730610515126, 0.019739418193718015, 0.000330783596432974, 0.06220790416615857, -0.055500752295977354, -0.05761064044073532, 0.024856829904889206, 0.017751652875763777, -0.08164179802473996, 0.05380836901544096, -0.18025161072594292]	1432384224663
[5.738966532252621e-05, 4.7368506637936334e-05, 8.976930189903514e-05, -2.508241614399387e-05, 0.00015701236023599625, 0.0003214495199030119, 1.0106797347411652e-05, 2.8551468197116183e-05, 2.135776278707067e-05, 4.268715223691482e-05, 0.00025646441076511965, 4.148374038878224e-05, 0.00031263007339308056, 3.286460750471649e-05, 8.26958943326793e-05, -7.086365482946693e-07, 4.0374046739656724e-05, 0.0007106170350741352, 1.977351539533605e-05, 0.00012273333626156973, -0.00011470944921877026, 2.913865051550681e-05, 0.00015887445695917336, 0.00017022686097641502, 0.00019690816839245515, 7.436745642832844e-05, -1.3874090663038847e-05, 4.562500157179891e-05, 4.5896770052348786e-05, 9.225245566230376e-05, 0.00016210070238867862, -5.434087301849627e-05, 0.00019817817000758724, 6.235333281928615e-05, 4.4533553640628245e-05, 0.0001554264447368751, 8.821527973156046e-05, -0.0001767774239731624, 0.00013325511975375437, 5.5610825391358564e-05, 4.272615225811844e-05, 9.83178220635869e-05, 0.00021845807442561605, -0.00015881403549547997, 0.0002538749720783931, 6.406280342554607e-05, -6.077205289544555e-05, 0.0001213691703080601, 9.614298984215768e-05, 0.0001840179649730992]	1432389207666
[0.000702128945849522, 0.0002754549878619398, 0.0006177600388961132, -0.00021771079016297547, 0.0008408299096924136, 0.0004907285014386937, 9.834743973484009e-05, 0.00037291015068386703, 0.00015966590271814117, 0.00025511009267652955, 0.0018887908487427475, 0.0003050874107607207, 0.0019318361232370086, -2.5354074891342566e-05, 0.0012425656515974181, -2.9106175620586625e-05, 0.00014029845365671003, 0.002498532924244993, 7.084019185687917e-05, 0.00017412743067086897, 0.002495347179165251, -5.882233855806934e-05, 0.00017080652073388894, 0.0007433629674674236, -4.749973651333246e-05, 0.0008537672239060455, -0.0005633887202955601, 0.0011457768132900918, 0.0007049604490162286, 0.00035349762683650244, 0.0002146515090339283, 0.00021428453465377592, -0.00042636509693462553, -0.00021468045204578906, -0.0004997300767400168, 0.00195672525235689, -4.1163406513041096e-05, 0.001397975595759137, -0.0005250093727038821, 0.001208970726141008, -0.00011024098041899752, 0.0002191819124800438, 0.0005499491371845476, -0.0003698355862523723, -0.0003163598500922837, 4.755547536047089e-05, 0.00031690531910442006, 0.0016752942796675093, -0.0007293727359571087, 2.4448405370678736e-05]	1432389953659
[0.0003855675936317327, 0.001432223308729021, 0.007023770514573828, 0.014357137303403203, -0.0007377426452016048, -0.00029091821762514906, 2.254139258382986e-05, -4.189248901531609e-05, -2.2367487795426987e-05, 0.00050848249641605, 0.0033473503102237198, 0.0019551180969077635, 0.00733225657798201, 0.0022792567273968722, 0.027303841063782912, 0.009649604699277779, 0.9674748326707217, -0.09154318704253088, 0.032624288432223376, 0.22286006742809214, 0.01555702062803193, 0.0057752853419521764, 0.0001864838238714655, 0.0024986630173783903, 0.008253694402135985, 0.003559973772037026, -0.006632854483282128, 0.020625194645195608, -0.0007588246270676796, -0.006053441953116216, -0.0014347488146196615, -0.001403940947416934, -0.0011505733412847203, 0.00034789330695161863, -0.00017346866339677734, -0.0021395418547003322, 4.830324796302649e-05, -0.0013532229768551608, 0.0004642961569976415, -2.497299823739723e-05, -0.0006714194221909311, 0.0008825975605108356, 0.00025649150616748295, 0.0004816541926559819, 0.001422924854063087, 0.00010265971447710535, -0.00021184412849109568, 0.00034916238381886637, -0.0004172536283180954, -0.0005912201052676858]	1432402960663
[0.001120815601366334, 0.0013228566303590571, 0.0017577180803448067, 8.73538134109489e-06, 0.004537552251648939, 0.0041758343378100245, -2.112144034537793e-06, 0.0011077286780881168, 0.00012028443429235642, 0.001135083040200146, 0.004979037704159381, -5.7327421277111186e-05, 0.0038960607623736102, 0.002082150375773201, 0.0028240086556192406, 0.000139996255529017, 0.00038616909098448113, 0.0014864268273157935, 0.0006390659494472121, -0.00127183910674293, 0.0012179037379720585, 0.005500686507344187, 0.003047340941109913, 0.005322935808454376, 0.0025049353590313357, 0.0030140534762001666, 0.0005211410587370672, 0.004383633676699204, -0.00016006381427692746, 0.0005842803301325112, 0.0017371116147240715, 0.0006251499768433373, -0.002215254042789562, 0.002650275730993906, -0.0013094807416861262, 0.0022712445207911255, 0.004541679970428685, -0.00045994881255221237, 0.004628751020625491, 0.0030382171970480885, 0.00042478433420049973, -0.008982469909197191, 0.002468157343439321, 0.0009271654622098576, 0.0004305289920302864, 0.004236764641745958, 0.0026709098375781886, 0.0039014782707414712, -0.008037229878013164, 0.001530058444076703]	1432405113664
[0.0011572165342895377, 0.0011221991459942201, 0.0007252978202687407, -0.00034404859086001744, 0.0011683514218983504, 0.0007845513400598691, 0.00116947455700294, 0.000507097291555139, 0.0012294356076391077, 0.001267685666634999, 0.0037735166820118842, -0.0002716118183755035, 0.0074733594703000365, -0.0006044660901609324, 0.006640654771913885, 0.0007401557802894842, -0.0006465528853825513, -0.0038533552812443435, -0.005738026787831084, 0.001343183306630645, -0.000254148395882408, 0.00043492317247388086, 0.001237220363277134, 0.0024339120652794506, -0.002100816641918513, 0.0009228350359902308, 0.00038891835181475466, 0.0007600920142579329, 0.00040835999995953706, 0.00014770163493967473, 0.0009696360891956034, 0.0007966125190348267, 0.0009240537930120127, 0.001930151615738219, -0.0007742602536642842, 0.0015219434148136149, 0.0008056396752940543, -0.00013826423432800218, -3.7743164767298615e-05, 0.0020352033530517655, -0.0010560437101460281, -0.0033826994864448886, 0.002060831952004686, 0.0007902190356557828, 0.000913490826007213, 0.0006995852073072837, 0.0010925065350160098, 0.005550653076174215, 0.00013966117884984595, -0.0008470607694888259]	1432408999665
[0.006637254633913707, 0.0025571934213275624, 0.006465258427347293, -0.002847174352231467, 0.015053471035454602, 0.0047825128098102805, 0.006333555926830712, 0.0037531721643762036, 0.001707389877776019, 0.006411306691115344, 0.230707464628102, -0.36601316680084617, -0.08603006450377523, -0.0044015776684258635, -0.020367653895492194, -0.022883952258228164, 0.0009375450531091495, -0.007597953354405172, -0.021815321979700274, 0.003028562229610571, -0.01106775286843289, -0.028473592747723448, -0.01708976585014151, -0.008152142916775604, -0.0012433967971780633, -0.003032490012460484, 0.0018723840382461527, -0.0016978020212879065, -0.0021941190331640475, -0.00330917432382453, -0.003474692808346812, -0.0030577701449463375, -0.0052428642282433945, -0.0035739931196713294, 0.0016248048343181305, -0.0054125129884427005, 0.004143634719329151, -0.005935200720775262, 0.0017828256139398465, 0.0018621378733167627, -0.0007890132101701359, 0.002260474528018164, -0.0024188223808881467, 0.0027042679425324733, -0.0003446534170995199, -0.0009272957067148882, 0.0024021054283152967, 0.00012353771600058828, -0.0020801856428349233, 0.002518744032333235]	1432409421660
[0.0031837686026407333, 0.002181070303840775, 0.0030626075287676488, 0.0017027486343664372, 0.003562311019728742, 0.0020712671683453324, 0.002606957248192031, 0.0010860147526025356, 0.0007879462635767989, 0.001582513395693612, 0.00658265269656862, -0.0008600015285021571, 0.005337245235055241, 0.0008887916953818232, 0.0016892062307071706, 0.0012062540650622253, 0.00027270637450344545, 0.0018407492581667352, 0.00012577221445555817, -0.001707783162460324, 0.004262997466396981, 0.002324669812208669, 0.004113712052926979, 0.00815313387158798, 0.0016945830263485407, 0.004248557894914121, -0.001426541427902146, 0.010813087863880298, 0.0030262478199746135, -0.0014606121672151061, 0.0034694981015951265, -9.400570812011957e-06, 0.0016951098152479722, 0.004170733351527031, -0.007441482394005201, 0.009795139545988797, -0.0003099075589691711, 0.008497647430135997, 0.00457125568449452, -0.00012534755501952434, -0.0041342569170818655, -0.005306201578688064, 0.004220207916206306, -0.00592805335727541, -0.00037677482610435216, 0.0007995215498661609, 0.003585362133709279, 0.010856430905425799, -0.0028939713173983597, -0.004995812136904823]	1432410820661
[0.015377454134802631, 0.022725020278477677, 0.03412485648730555, -0.0027201730972347357, 0.2783980625840831, 0.6329518456449768, -0.14470552958081964, -0.027200527237884988, -0.011276531691148346, -0.11195555573656168, -0.029843144665260685, 0.007864112822443012, -0.018684012235452147, -0.0025513983386439656, -0.013582948576216128, -0.00368101756381379, -0.0012763028250998927, -0.00963585348026215, -0.0025645252074190787, 0.00753112330531299, -0.043681336608845746, -0.03327607194180847, -0.009307238987663983, -0.0025573142510031755, 0.0009041245699476701, -0.00506528075425494, 0.003975144456245007, 0.0008978149728951376, -0.001928398248531035, 0.0030341810089866586, -0.012104384549573844, -0.0073885101312494835, -0.005589950025422765, -0.021465833498107493, 0.0073284790494515945, -0.010840682798227707, -0.011294459525624065, -0.0016305932441653126, -0.0033972439744721005, 0.01999694670167792, -0.013521502886240131, 0.007626633785863922, 0.03266132801603955, -0.008740729350071521, 0.00016865410108333277, -0.0028449149177091747, 0.0038116023067285235, -0.013942290745130028, 0.009040032880267461, -0.0049661995338557505]	1432412749661
[0.0004917278996505409, 0.0003266042341389143, 0.0002765448554967927, -7.238243217412739e-05, 0.000574621088749525, 0.00042186627695826054, 0.0005067641227307571, 0.0002485726706616089, 9.485858325901526e-05, 0.00016406876063197257, 0.0011486232365565988, -3.9819161441243484e-05, 0.0010150134197553142, 4.078786850938989e-05, 0.0003162665043890994, 4.76540095669437e-05, 2.0636793483493944e-05, 0.0004179692696718189, 0.00010095935989907324, 2.0160842322250903e-05, 0.0002038810716315941, 0.0007258377780204524, 0.0007275084344664558, 0.0014978157323259137, -4.06848753823546e-05, 6.678456486719383e-05, -0.00011861623358794073, 0.001080284906321172, 0.0012092673496739434, 0.0008702975527147797, -0.00010331049584113669, 0.0003820567446563142, 0.00017549739852112863, 0.000346423139503839, -0.0006115039191507402, 0.0021045698143256964, 0.0015880004390740013, -0.00043885578991655105, -0.0005886812174410859, 0.0002888095995363354, -0.00032393871364210235, -0.000815986226862503, 0.0013100671709365072, -0.0008612219910618131, -0.0001724399399484442, 0.0001458333543896568, 0.0002910484053214105, 0.0015381171341340655, -0.0009276035678588608, 0.0003764559498311409]	1432413241664
[0.0067219066038135345, 0.002434928510136462, 0.006570099756224411, -0.0026161497203700396, 0.014769624221158366, 0.004713699324696965, 0.006182887189428002, 0.0039068414701381345, 0.001674778401131163, 0.006298091980369441, 0.22385172338254192, -0.3535788348306329, -0.08236658988201964, -0.00428360128449063, -0.019018493664777827, -0.022091960474153727, 0.0009699840039815544, -0.007144516086255766, -0.021953495433874624, 0.0023932456945088363, -0.010494547790002891, -0.027330733362121523, -0.01571890753737098, -0.006922732119455221, -0.001143847929491437, -0.0021637145519851544, 0.0017155083458708588, 0.00022027836584535346, -0.003013551303836457, -0.004072253715202183, -0.0031984193322117296, -0.002983590841390635, -0.004126028712703671, -0.003963240434680702, 0.0019848635265593316, -0.002864278527479345, 0.0045243858884697384, -0.005966576980563475, -0.00037413838420193485, 0.002396179471168188, -0.0032903575354413708, 0.002465145904808263, -0.0011261907397191397, 0.0019242928197903393, 0.00034633318476694517, -0.0008639436202665465, 0.0029684818396510304, -0.0004264859771107965, -0.004135237268912031, 0.003533019378464085]	1432414373658
[0.00023425190509489898, 2.697981603267396e-05, 7.672827985189764e-05, -6.868253121769595e-06, 0.00011885261956266958, 0.00013327600488591984, 3.7023577115983374e-05, 0.0001308841218842428, 1.945060897960586e-05, 4.399861237631609e-05, 0.0002609913174778264, 4.0306188845878385e-05, 0.0003323603414045421, 4.3028826234120315e-05, 0.00018005133529515712, -3.8413243200051826e-05, 3.279388237674964e-05, 0.0005054318761140423, -2.701091560185818e-05, 4.2008356545338855e-05, 7.653151724315418e-06, -4.013425608723159e-05, 0.0001628338190935978, 0.0004922614846345495, 0.0003657703335049473, 9.523177376430957e-05, 0.00012258952707324628, 6.3118682976878375e-06, 1.8600583321019025e-05, 0.00010246852960882432, -7.740309508657416e-06, -0.0001674359927652365, 3.641090296491607e-05, 0.0003554594469997694, -0.0003923608341431963, 0.0004469885722720875, 0.00011485208397932037, 0.0006375064687013527, 0.0001138748669447269, -8.19978266495398e-05, 3.413550643729841e-05, -0.0004123485993005484, 3.786781396633739e-05, -0.00010282516988534739, 0.00038989534955248404, 1.3143389977471895e-05, 7.761241553052179e-05, 6.82472591944382e-05, -0.00011411371779837542, 0.0001753057148083941]	1432415764664
[0.0018500635162156344, 0.0014131116723849837, 0.0027085768799736975, -0.0012152918246886243, 0.004655668823536697, 0.0019783657046425853, 0.001886716383457735, 0.0017592882157394466, 0.0008058225876950799, 0.0004123010568532651, 0.005957362122712382, -0.0015164332089618018, 0.007425943914012617, 0.0006560727988365595, -0.0019787930031973187, 0.0032887340147092596, 0.00026441570165566857, 0.005983560856156039, 0.00017661752305377524, -0.0021060960915242487, 0.00290628143082367, 0.0029669251614599544, 0.0039152051921829065, 0.007661726749694659, -0.01061140977853234, -0.006094441115121139, -0.010482663862373068, 0.012829527526985244, 0.0032152699179196953, 0.014773164886503303, -0.004344442263372649, 0.004496423610987652, -0.01529707758709702, -0.03827900306862637, 0.0007871981216548741, 0.034308326992498944, 0.005028772300074093, 0.0032519595774945097, -0.039430613544098526, -0.007063751593136392, 0.057841418837843175, -0.012245090282345173, 0.0015391889807199605, -0.004363890428402816, -0.06992233350820623, 0.048877811988981563, 0.017623539998105228, 0.10483006422311414, -0.11116371220979586, 0.044074208593749206]	1432416067665
[0.001359096842441066, 0.0019180512448768523, 0.004213941516153341, 0.0003761777754201442, 0.00522602537450185, 0.005013679482680503, 0.00042841773467546716, 0.001694223483938908, -1.3431313644642485e-05, 3.5085666323324926e-05, 0.0076259998194297685, -0.0011043822735203668, 0.009454829959079472, 0.00013433959982022837, 0.0033185687803985683, 0.008686414803086013, 0.0004494508428410814, 0.008498004680946282, -0.0011520454044434524, -0.002952246152343182, 0.004807841583377088, 0.0019288415315627688, 0.015288304790165885, 0.0173091304095801, 0.008665519436027842, -0.0022627030550541817, 0.010495766791751723, 0.013318621914084372, 0.0032910177711857995, 0.012006357763432542, -0.01967221445378067, -0.0178760808556964, -0.012441907651233574, -0.02214201665569745, -0.006019800669276017, 0.013136050781182398, 0.006636957956949567, 0.034085359892132794, -0.016091527886829746, 0.027187860388987715, -0.030965302672435847, 0.016248873568628197, 0.0733700821691877, -0.022838412653382763, -0.0006835653207900871, -0.003289471111494733, 0.01933021735784744, -0.03527424977928835, 0.016842780238177195, -0.002664351116039932]	1432416100663
[0.00032447872716447567, 5.81925384759683e-05, 0.0004016015832548716, 1.4112940160825696e-05, 0.0003788034398244056, 0.00014240184505671775, 2.531331069212043e-05, 0.0001302223308546522, 0.0001378836074870092, 0.00021674165198125005, 0.00071172532143606, 8.1969357991702e-06, 0.00090789179487761, 5.6161313071587406e-05, 0.00040452258842206426, 3.74879870896538e-05, 8.278284424690717e-05, 0.000422576062844172, -0.0001777515532958773, -0.00032089567237921206, 0.000185437624193015, 0.0008169771087388105, 0.0003480568481386661, 0.0008232395980638847, 0.0006002190051169364, 0.00021065679017824414, -1.3502033521089449e-05, 0.0009705195549207531, 0.00015123557184980516, -4.745161965317954e-06, 0.00023382272176533168, -7.097152909010553e-05, -2.2225672170557477e-05, 0.00012673271925738884, -0.00026013686113187165, 0.0005606657845092902, 0.00023109648711792548, 0.0005425254983995535, 8.083919146836249e-05, 0.00026669446603701924, -0.0008636092456239016, -5.978389876567814e-05, 0.0001433317808027145, 0.00011222067283120092, 0.00038161479582222594, -0.0005205210146134632, 1.05327910632469e-05, 0.0002878141008439986, -0.000344246132982041, 0.0002682065973322163]	1432417256658
[0.000571312941310203, 0.00026683179712256677, 0.00041860043158499234, -4.771160916812991e-05, 0.0007050339398107048, 0.00039841189194588254, 0.0005226555683471538, 0.0002538904872738041, 6.744614549274309e-05, 0.00018887029839255068, 0.0016664837503576483, -6.876086011153396e-05, 0.0010388209951872345, 1.4312281049186126e-05, 0.00031992401939847536, 4.664802256496158e-05, 4.078250089288517e-05, 0.00029220940120673047, 4.839197304768523e-05, -0.0001492718245011922, 0.00035177901658006825, 0.0008692595464802201, 0.0007324756697127445, 0.0015338800246317223, 0.00023743522048589363, 0.0005413198880507771, -0.00024916822067062497, 0.0010211235477603517, 0.000638145919080838, 0.0003456043650320013, 0.0002634787987740872, 0.0004397847857612699, 0.0002331666023855268, 0.00035972834191110123, -0.00013664292035273266, 0.0012440038630699474, 0.001165479797384811, 0.0006822962757279245, -0.0004578412640643066, 0.00039045006898776936, -0.0003257592492019326, -0.0007094796581863487, 0.0007771777579992351, -0.0005137431893643285, 4.3198634370666866e-05, -0.00019533748170731663, 0.0006314381133751697, 0.0014328764393510334, -0.00030997151731347036, 0.0007571139186718978]	1432418529661
[0.0002727739978663015, 0.0009632621023387594, 0.004701653640082016, 0.009611029199135103, -0.0004927108960976309, -0.00019328482389110505, 1.5348931522583566e-05, -2.6212012390052687e-05, -1.4147778811726871e-05, 0.00034096398882439764, 0.0022524102952798143, 0.001308009243520879, 0.004916791148271141, 0.0015272708968074756, 0.018280314422378208, 0.006460182622647166, 0.6477021629540834, -0.06128329330587065, 0.021844136429808914, 0.1491991913118963, 0.010424108302706084, 0.0038736222479144366, 0.000143152674990675, 0.001702049053160505, 0.00553893511224325, 0.002393237583575417, -0.004443349664994159, 0.013860019781551183, -0.000492023112457964, -0.003993956901242432, -0.000930722975486114, -0.0008570431225747463, -0.0005683230794930084, 0.00025590779576688114, -0.00011917263015314347, -0.0014361459687765822, -2.6270389950511952e-05, -0.0008400183555096821, 0.0002712328356222316, 3.5386031119571536e-05, -0.00048553917975738926, 0.0006225693342735701, 0.00018686915863641183, 0.00030260696229710633, 0.0009146580489316355, -5.941067011181472e-06, -0.00013291976512939157, 0.0003232059766729182, -0.00016362219969678725, -0.0002638133171105201]	1432419103659
[0.006514335571191539, 0.0023601584693487654, 0.006362083178915495, -0.0025334010146825254, 0.014304129709912522, 0.00456718226851002, 0.005987464566362907, 0.0037839731165412805, 0.0016222177576346664, 0.006101271914091101, 0.2167561050913777, -0.3423553852906273, -0.07973899034018732, -0.004145709590230682, -0.018414013592714495, -0.021383154777506866, 0.0009411400806945639, -0.0069120189992247566, -0.021254201088744616, 0.0023115370319542346, -0.010151883357770435, -0.026438488311863736, -0.015179801843762055, -0.006667169363061177, -0.0011231520204348262, -0.0020911936246086984, 0.0016754398772477433, 0.00023286507217578058, -0.0029135573661439556, -0.003902954810314756, -0.0030956523872634188, -0.0028843449582375167, -0.004018338829531856, -0.0038446825541510327, 0.001919717205265862, -0.0027187025344850794, 0.004391536736680383, -0.005765162946846822, -0.00040599976253442974, 0.0023975723649326047, -0.0031747854354053297, 0.0023739358496714076, -0.00105005683774389, 0.0018863062029204735, 0.000334827793817827, -0.0008218564720071554, 0.0029288120987914514, -0.0003027414054592933, -0.004011209844148725, 0.0034864410733323166]	1432420146660
[0.0033090301639226243, 0.002957560547813086, 0.0036313859060790412, -0.00013622578076113537, 0.005035198384471729, 0.006232127123426937, 0.014559757622121012, 0.0061775520185593895, 0.00016902006076179827, 0.002973215753586774, 0.027145456573139156, 0.006431550865517487, 0.014144404366140508, 0.0008776474008304335, 0.01420561725328487, 0.003575524970264974, 0.002146937926770061, 0.04280517954701257, 0.0015999307813707572, -0.0027088461243404954, 0.003949473988593791, -0.005773920419850466, 0.014565808111178321, 0.09710847920078508, 0.11098340331255567, 0.3882189059215411, -0.09057197068842993, -0.10259318037235375, -0.016861336948244363, 0.0011189257023203694, -0.011745597044616692, -0.028991462766958357, 0.0056406126379413765, -0.010499638118555156, 0.004408597914880353, -0.015460808385257202, -0.00793556594901017, 0.0009387425847545727, -0.0028717328391263796, -0.003909867439958944, -6.952322266010387e-05, 0.003967923044213627, -0.004744827840871451, 0.002967403491605174, -0.00031419982850700105, -0.00441169597544753, -0.0018342694065364268, -2.6524255777416037e-05, -0.0008252280089155606, 0.0018453163251053956]	1432420798660
[0.02392948444064336, 0.020761164226550388, 0.06894824871497077, -0.01812297722352737, 0.6810973899953898, -0.32161839230654005, -0.023270295884965743, -0.019158036693325557, -0.009193962888735963, -0.009460429257897017, -0.029340753620113635, 0.015580735538649419, -0.023111492760723162, -0.0009182966049822472, -0.00857365152989209, -0.00966070076500392, -0.0009573407958434387, -0.0077608733336301545, 0.0033683889062772693, 0.009052258619936136, -0.06518800568588347, -0.0003661787444930232, -0.005620849503774593, -0.011057448533514794, 0.00019321776695594337, 0.0012272647714761337, 5.210510958962283e-05, -0.005944163349057112, -0.0036194570557198935, -0.0008267336083739274, -0.0008300560292634806, 0.000278002608436802, -0.0035607631203801583, -0.004169966545657662, 0.0007004736284081229, -0.0032762584810662938, -0.021270424738320953, -0.0025805950833600677, 0.00859708391509086, -0.0030461862728030638, 0.003209410846662551, 0.0013742525163797025, 0.0033607985487710745, -0.003962427181604102, 0.0032717452131227724, 0.001041391618638462, -0.0071789883228588975, -0.005399290536654272, 0.0010723987025601045, -0.006719887223178116]	1432422197663
[0.0005818680167678492, 0.0008913787025300534, 0.0008470936748322205, 6.950312522597496e-05, 0.0009954302276013465, 0.0005188090428801679, 0.0013660395514079541, 0.0006091493588573424, 8.237728521099606e-05, 0.0005969691451229827, 0.004707650843740498, -0.0006905401421239297, 0.00046207654841456757, -5.8312606180284645e-05, 0.00042756137999277474, 0.0006202948274657455, 3.568927047647857e-05, 0.0002969055616359976, 5.4991442287225144e-05, -4.6798755001212125e-05, 0.0005647686650575804, 0.002218457498931892, 0.0013643236786166574, 0.0019602991518662353, 0.0010406684255785806, 0.0006514293070311651, -0.0003115871604794787, 0.002601195471012418, 0.0010576651201488264, 0.0002746793347629779, 0.00040710781389916446, 0.002665483316596665, 0.0010381655932226186, 2.7554887953573914e-05, -0.00029970880580244244, 0.0005719510850822313, 0.001220704404134593, -0.00045124644225191525, -2.0761877986394667e-05, 0.0014155078385238496, -0.0003855140172733985, -0.0007354201850477002, 0.001657020800092047, -0.0015282546006549136, 0.00018326542531852546, -0.0008489120021852874, 0.00123818366728081, 0.002324860466685092, 0.0007125431126857435, 0.0005914989319625502]	1432422729665
[0.011432042335902864, 0.013276671353962708, 0.019040837414722504, -0.002539122221618509, 0.15521849371041496, 0.3231251263188802, -0.0693502071640957, -0.007423488176641337, -0.003109889845182654, -0.0588959629670934, -0.012531056059863257, 0.004880024748554608, -0.00425926604076532, 0.0014071293049807516, -0.0049770286810472434, -0.00420824203977362, -0.0004695230243161389, 0.000901131248185587, 0.0012234859359955802, 0.00512744502168241, -0.027443625305477327, -0.02335982418764582, -0.00034818550073515764, 0.029842053609202078, 0.007602924319686932, -0.015609227554592667, 0.005626825579550073, -0.012592855709934103, 0.005277484333791843, -0.005567051529114315, -0.00949848762422853, -0.01783506864889652, 0.024208027647142343, 0.04223642963314161, -0.02659763250439278, -0.00443670712447185, 0.3338898070453356, -0.004264923873973225, -0.1409535822885321, -0.13608187509381936, -0.09135681211593481, 0.041448450462285055, -0.05785181722076995, 0.02084477812843798, -0.02234325643321474, -0.025155660407498698, -0.014631167014503614, -0.008418462221169955, -0.009403124177514944, -0.00034238962850668465]	1432423059663
[8.027181986554327e-05, 0.00012206790582616474, 2.244735770747255e-05, -2.0390651521515008e-05, 8.626952602646213e-05, 0.00014779088352498063, 0.00015012595560170636, 0.0001243669203419959, 6.895023038844843e-05, -2.3832753429182587e-05, 0.00019828220128493017, 3.08693686563434e-05, 0.00022216721320150173, 2.4435154794769693e-05, 0.00020420460870815594, -9.323956388304475e-07, 2.7776633197021105e-05, 0.0005185247405136393, 3.099383398719427e-05, 3.4954808832366146e-05, -4.674437321876683e-05, 0.00012635980307777568, 0.00019503397333050116, 0.0002930655278034155, 0.0001671516178311289, 0.00044402081943292743, -0.00013468014488288963, 0.0002350699099021773, 0.00014403280830249375, 0.00018119199489736795, 0.0005356382937169495, 0.0002555256417394382, 4.803238860606805e-05, -0.00011915545489985453, -4.019842017316904e-05, 0.0004903357361852062, 3.9982730324050656e-05, -5.259427509761389e-05, -0.0004002899063722855, 0.0007573356059471096, -0.00010771679764647415, 3.2474368386521186e-05, -1.21606264934031e-05, 0.0004236463068325666, 0.00011043351182909573, -0.00016394872979902264, 8.083452890563346e-05, 0.0004552618810478869, -0.00019467956347272988, -0.0002500657798686891]	1432423087658
[0.00251973112780015, 0.0030830748212195107, 0.005669845101915087, 0.0005926335282728675, 0.007778477391867021, 0.008211027530868173, 0.0036594318296518887, 0.01694088256827423, 0.0008177704711788738, 0.0035723500085392892, 0.10083142757670885, 0.03310000153962333, 0.10278139268720915, 0.014524398896435932, 0.1265346225579538, -0.0021341117532433793, 0.024013362987869907, 0.48481974021309987, -0.004193617184282424, 0.08491995859538469, -0.06807635534043462, -0.0459317628585805, -0.026878722833605914, -0.10487227700953787, -0.10566669481212608, -0.007070047355437996, -0.008196561082180033, 0.014699902616830443, 0.008312048820627005, 0.008665728531331693, 1.2519373731255783e-05, 0.028803030025782377, -0.012561765778145797, -0.0010077987649820255, 0.005933939371497254, -0.005812285542222384, -0.001311162675974693, -0.011666008955046906, 0.010215048221294867, -0.0159090481565494, 0.005694596777097252, -0.0030250684468318147, -0.0014220445993705607, -0.0018476256575451293, -0.0003251798522600847, -0.0026915262552964715, -0.0006178375830974156, -0.0012724132649161808, -0.0006597541109294934, -0.002671869835571319]	1432423318663
[0.0031320810524042516, 0.003974907012875134, 0.006631943558878959, 0.000461242083391053, 0.009043356168020265, 0.009496132926567962, 0.004614571740641699, 0.01906741369753404, 0.000986265744476533, 0.004297349063995742, 0.11290202763429467, 0.03670772562563844, 0.11493534858201525, 0.0162051381384923, 0.14097239361042424, -0.0020875171461624733, 0.026787179021043182, 0.5404652827488304, -0.004393264113857757, 0.09453392186433887, -0.07563118922741763, -0.05069324562989377, -0.029696438008487494, -0.11570941051724334, -0.1172102625613585, -0.007849595052067226, -0.009157955989557785, 0.01667462432292463, 0.009431351534106238, 0.009551319912877606, 0.00041481746416005484, 0.03171685438283346, -0.013811091787859997, -0.0007953167227338206, 0.006869035824632399, -0.006150273420602107, -0.0014571994587031809, -0.012979308432209093, 0.011416856412563561, -0.017602775707332655, 0.00645884889703391, -0.0037374820474957095, -0.0012932566119534855, -0.002681978239030647, -0.00014837667201666666, -0.00272428268430282, -0.000259332104860637, -0.0008920500673762455, -0.0007119824298530486, -0.0025795853611425006]	1432423321659
[0.0022387967331904267, 0.0026431010455416066, 0.004661731294958503, 0.00043565547745413375, 0.006829568946624803, 0.006988137943346855, 0.0030537706630271865, 0.01299050730224411, 0.0007003646221805665, 0.003234018071412052, 0.07708481096577506, 0.024701444102299085, 0.0780269744491229, 0.010888395487685686, 0.0949073741945044, -0.0016679159538914503, 0.01808420539722379, 0.3634110680449281, -0.003030929176973627, 0.0632349015113019, -0.05031606941999853, -0.03328904953334735, -0.019420664256993764, -0.0770036468728489, -0.07883669938906827, -0.004773761358260829, -0.00660750955784697, 0.01257078634934961, 0.006725419384817199, 0.006201133944681375, 4.078562598623636e-05, 0.022146706144334026, -0.009081638978134535, -0.0002527203139658616, 0.003966418560660007, -0.002518711415807015, 0.0013127793461003199, -0.008018369849079271, 0.006797633872684441, -0.011917547622466579, 0.0037707581813053097, -0.0029060734616604376, 0.0005303865867840929, -0.0027467302078973107, 8.294265931654337e-05, -0.0019820091406526244, 0.0005915881367675824, 0.0017582459470723844, -0.002154840437308726, -0.002673614295863171]	1432423332661
[0.00025058514374381546, 6.451632207929859e-05, 0.00017429375440661601, -3.350605672096553e-05, 0.0004180466927322506, 0.00024446603751213607, 2.4117398323220958e-05, 0.00010962612881997111, 3.595212170494677e-05, 3.7290356739377415e-05, 0.0007713988461082699, 4.0028582080327484e-05, 0.000959047127570388, 0.0001282855406754257, 0.0005917886233195595, -2.6047989640705816e-06, 2.296399374863864e-05, 0.0007846569592421644, 0.00034730092259358447, 2.194324500401173e-05, 6.829242643988787e-05, 0.00029855259916066314, 0.00040148587024335463, 0.0007646342613350635, 0.000494765965645914, 0.0008322862174980365, 1.8468902181634558e-05, 0.00038760608564683996, 0.00046617110722157426, -1.4274358837611491e-05, 0.0005359429039409405, -0.00019088046402632254, 5.024400821033508e-05, 0.0003935557217615204, -0.0007876993355689012, 0.0015486901709924126, -2.5131591177625178e-05, -0.00017538556259086066, -0.00027092380638122444, 0.00035946260320656966, -0.000217962288783477, -0.00010781756353597768, 4.774914858608851e-05, 0.0003478457283603781, 0.000300680656067771, 1.9377070265741712e-05, -1.2896162490875183e-05, 0.0005974501939101306, 1.3538186992680244e-05, 0.00027381237877755073]	1432429372661
[0.0014811707503809865, 0.0013685676135000862, 0.0025601362598342697, 0.0022712670873432602, 0.002223575351268089, 0.001267031720478637, 0.0010827428364646064, 0.0007963074248632274, 0.00032182216623940883, 0.0006521761440261604, 0.003974718860345967, 0.00027264516558449015, 0.0035532948421430296, 0.00010958302965499, 0.000557040800897233, 0.002483335431428332, 0.00017264258362314136, 0.002124201340329529, 6.681407178074126e-05, -0.0011494079962298042, 0.0014311021444189571, 0.0031470156036124772, 0.001638840983695687, 0.003688610532072034, 0.0004941276757230482, 0.002730195378962878, 4.014201701829012e-05, 0.007089922910822092, -2.0507422686665005e-05, -0.0021134040916227304, 0.0006859569086277377, 0.0004495226933836797, -0.0006262265945717705, 0.0002586178763515372, -0.0003126666487407901, 0.0015505982984227735, 0.0026306357407663945, -0.0005812381379627571, 0.00021138947168680374, 0.004334031189490654, -0.0017754861943841383, -0.001088445639961468, 0.0013176384336292565, -0.0009537965960925602, 0.0009866772404611868, 0.0004150217921395541, 0.0016405932751908275, 0.004712328050249243, -0.002447973181372852, 0.0009838002121448958]	1432431688659
[0.005354601879114327, 0.002971231302714664, 0.008897571141925829, 0.006916496395142224, 0.006024472368973704, 0.005079169206187947, 0.0033346458536687618, 0.002504211312579978, 0.0014314861786004006, 0.002169054628004824, 0.013404812430141843, -6.765286141103481e-05, 0.008723201912656088, 0.00024309241377434528, -0.0025976662985806058, 0.0024655536174636185, -0.0012281256877262423, 0.0024038850319349553, 0.00419447148491038, 0.006530561394804309, 0.006570290003995635, 0.006336005132614361, 0.050852957531456966, 0.005149549267756322, -0.0006970841635068912, 0.0031384709792974647, -0.012780593828447569, 0.01329091337782827, 0.008038294466723822, -0.0031624577342031107, -0.005197630761241224, -0.00032213991252271574, 0.006223260103314156, -0.009070297675644167, -0.022176440210832243, -0.0032619803986152648, 0.021760465838501098, -0.03784815255827459, -0.006546940760472312, 0.0048687840134037635, -0.001629841119828795, 0.16131257652251163, 0.12483788269065914, -0.06198008685918984, 0.2337727368621354, 0.01012169255534485, -0.03699158462457404, 0.02259352241329408, -0.008907152632020288, 0.02955180581405846]	1432431802663
[0.0002647828358699491, 3.830272288187545e-05, 0.00013368296821229982, -2.195725349185949e-05, 0.00018108239963727268, 0.00019736157050305865, 5.7429657611938843e-05, 0.00011257635836425247, 4.966369139979059e-05, 5.2803753055346314e-05, 0.0003709312451108949, 7.222138834029614e-05, 0.00040315542157453937, 8.819351909326081e-05, 0.0003757471706296559, -1.1429067491737892e-07, 5.352807130733734e-05, 0.0009503736406365514, -2.7130774188397895e-05, 9.532729462331753e-05, -4.638672973139948e-05, -0.00014698823769326806, 0.0002784699472252818, 0.0007116299536680004, 0.0005996493272241271, 0.00027213124119820377, 0.00016597802136691166, -9.486102149401563e-05, 4.3928668575267675e-05, 0.0001488981471834183, 8.505203461797137e-05, -0.00031964796479346273, 4.7956657271140156e-05, 0.0005210608489169222, -0.0004760494280567253, 0.0006795857922567391, -2.283141567951442e-05, 0.0006865086264790265, 0.00031617106374594295, -0.0001108556298185252, 0.00028273070911176385, -0.000307897803044975, -1.2731406937607513e-06, 0.00014510580132923832, 0.0002980395731054494, 4.51308734968342e-05, 5.4317402705316876e-05, -1.0341905234581032e-05, -4.5087849951961864e-05, 0.00033177705766531513]	1432432085660
[0.0006119645683914063, 6.562895101030565e-05, 0.00036252590950116014, -0.00010342307973908905, 0.0003052814843664715, 0.00018301897216798589, 0.00011668371115939919, 0.00037419379396755624, 0.00016599123595471902, 0.00027142732522813823, 0.001312632628970444, 0.0003378142293043251, 0.0014414731807967395, 2.159037626756413e-05, 0.0003704308448732034, -0.00014833266991458495, 2.3772661694575223e-05, 0.0007783039768297737, -1.666319152160989e-05, 2.9256603180015652e-05, 0.0005783751897035915, 0.0003633308947875144, 0.0002774549678203409, 0.0008843919993844602, 0.000597962378697894, 0.0007540508364137115, -0.0003476707719752528, 0.0006381936167929188, 0.00042406165313551024, 0.00011007111660597958, 0.0005236603162081762, 0.0005180456103230916, -8.014081056992339e-05, -0.0003927978488240017, -0.0005390630243806295, 0.002099879640870302, 0.00048197764103147245, -0.0006299341920335884, -0.0005933115940105218, 0.0012328239022309645, -0.0005768413562474992, -6.131763201605545e-05, 0.00016287385406441588, -5.8187427479141566e-05, -0.0007002098294065988, 9.14026402009369e-05, 0.0002752384370202428, 0.0015778819804708201, -0.0006415136678622522, 0.00047432241406495464]	1432432138661
[0.00011202286053790303, 8.54976070024233e-05, 0.00013376673761037713, -2.7188201788776953e-05, 0.00042393231678838184, 0.00025807749364261697, 2.5989219964317983e-06, 7.69464997215871e-05, 2.1507683356568813e-05, -1.199304276247911e-05, 0.0007914894705207671, 3.855378116175283e-05, 0.0009811599353275816, 9.10229878594977e-05, 0.000571230412902696, -7.326875752824123e-06, 1.249136135549795e-05, 0.0006776463166590328, 0.0005285664112291966, 1.6626075552028324e-05, 7.708125460661817e-05, 0.0003727046225768135, 0.00031864000297872184, 0.0003718381037526977, 0.0001277616429162614, 0.0008984134040291438, -0.00012423495659154608, 0.0005624216234970383, 0.0005819993321639283, -0.00011354159009257852, 0.0005974028554299677, -1.4846629164233221e-05, 5.474500319484846e-05, 4.172276857360002e-05, -0.0005594734571625138, 0.001453249796109348, 1.1999979843924827e-05, -0.0008978767012813029, -0.0004919685685611331, 0.0004897886026676492, -0.0004092139218318531, 4.8582652152039026e-05, 9.74307993202173e-05, 0.0002964908452078285, 0.0001393133819354578, 7.113091734430461e-07, -8.78482607727081e-05, 0.0007542581453983823, -5.5714877922270454e-05, 4.2143203809753836e-05]	1432432548660
[0.0021491414063466176, 0.0019490986041238785, 0.002461024151870969, -0.0008435565137445998, 0.0029619648272463475, 0.00326314400230239, 0.0008425821079962138, 0.0027108376543139735, 0.00038378482059219556, 0.0007903612347281263, 0.014347284134127614, -0.0013033796586250832, 0.02546279639045558, -0.0055955154494014584, -0.007968423861445894, -0.00969153577819103, 0.00026822415149764485, -0.00010480717751677847, -0.001562007362827808, -0.0004442746796722736, 0.004214535311709391, 0.009798774634063631, 0.0023564819913960778, 0.027383723194580968, 0.0032141856011208723, 0.017548644759406738, -0.004946722082843951, 0.020455631731941273, 0.01407872368333279, -0.00563582370959174, -0.014899610009604162, -0.011634048271088595, 0.11714832316079538, 0.013295091328050807, -0.25215921078621817, 0.6449638043081506, -0.06288655282289585, -0.5172705199910753, 0.002201604116899524, -0.04356202754382622, 0.00657264900519582, -0.004047165698562134, -0.06507394345604223, 0.01708075709147501, -0.02021438189909738, 0.0011586711799712374, -0.04437725040350505, -0.0585570457819703, -0.002191354394854106, -0.058081739389127154]	1432433028657
[0.0018806327511457755, 0.001964282640904659, 0.0012068998316995688, -0.0002644161428056383, 0.0030762377679444046, 0.0017231742441801091, 0.001958654185466705, 0.0006638117221807725, 0.001203656274545303, 0.0019874619552273996, 0.005196824072581248, 0.00010518994695947789, 0.007680902368912629, -0.0004988826964498412, 0.006765073607741704, 0.0008446872599649243, -0.0003946652464064868, -0.0022840339322876954, -0.004712860020067933, 0.00021372031950522144, 0.0003828452713440231, 0.0013766582671553738, 0.0041016746305179526, 0.005337324417594088, -0.002463026995183397, 0.0009639021160856814, 0.000918306209625868, 0.0012125092042956198, 0.0025737110858708224, -0.0010186768059451117, 0.008420022859560752, 0.003274285549162436, 0.0020448256813564623, 0.0033655338821597922, -0.0030049188712255805, 0.005608224079128644, -0.0010917031914046277, 0.00590001501925626, -0.0066326518296173234, -0.00035880262362815473, -0.007307738863020348, -0.004443003306542756, -0.0013985059295763891, -0.0011903810412831335, 0.001815017457444675, 0.00715775245758059, 0.007463226395857186, 0.005394368979946567, 0.0022893457276553456, 0.011197407396091298]	1432433140665
[0.00026643223096376736, 7.923005771611143e-05, 0.00040007991717442383, 7.04481767729357e-05, 0.00028579227257641624, 0.00010926906518742557, 0.0001270353237641729, 0.00014141450700638937, 7.601705270441311e-06, 0.00010149113001795809, 0.0005408688668432501, 0.00011732277117357996, 0.00045362982912048954, 7.031342140135947e-05, 0.00033063168189451835, 0.00012098448029537921, 0.0001466606938472668, 0.0005844995840672099, -7.69819353592736e-05, -0.0006509346927622993, 9.927692452651771e-05, 2.6407747342316575e-05, 0.0002493405588767612, 0.0008442452227981901, 0.000465675324244662, 0.00037616772878882075, -1.5556109079677506e-05, 0.0014645455713436612, -0.0001151667310609235, -0.0004899423606980761, -0.00021955979288872321, -0.00021744661064665162, -8.431247664055538e-05, 0.0002769846940771612, -0.0005352145545593354, 0.00036464120685331114, 0.0001579270774918567, 0.0003453755391651854, 0.0002860140130120859, 0.00010746093030536343, 7.714720134340272e-05, -0.00014402882474698187, 0.00012533104999013596, 0.00015358338725371078, 0.00032716060663801625, -0.00011505401256265362, 8.87480931761851e-05, 0.00016960379642629234, -0.0001694353701110219, 0.00020657101725076035]	1432433464657
[8.466193588580526e-05, 1.837019813636772e-05, 6.584709037633075e-05, 4.391891173468738e-05, 0.00010676319348329482, 0.00011506422887789393, 2.9501843436711628e-05, 0.00017976916820036136, 1.0188590790949278e-05, 2.531195399810692e-05, 0.0004028283984315984, 1.3279097640190715e-05, 0.0005424411305869634, 0.00016374506463740816, 1.124919480098107e-05, -0.00013310359220916417, 2.8908258486900804e-05, 0.00017449258740336528, -7.463170671796124e-05, -0.0001306297449583178, 0.00011543334992664929, 0.0003328987187636768, 0.00014080594062290468, 0.0004944470212962073, 0.0005282809461127821, 6.128285856268548e-05, 2.5101157492536447e-05, 0.00037062743043460885, 3.6206600234765556e-05, -0.0002027297947567979, 0.00012762718175165992, 0.0005769385903794764, -6.25073732440593e-05, 3.972561227787023e-05, -0.0006917662322312031, 0.0015080220690502826, 3.358626259240912e-05, -0.0011379621348149435, -7.005265207058157e-05, -4.125837334267118e-05, -0.00023451994351047053, -2.0023181897326226e-05, 1.1092144272013586e-05, 2.7814414912576374e-05, -4.9208931455909006e-05, -3.781903381186307e-05, -8.119807485104853e-05, 0.0001205327520863498, -1.8355407868428623e-05, -0.0001647454366189701]	1432436674662
[0.002078953827309946, 0.001225086438512658, 0.0023328178790639393, -0.0007714518679656779, 0.003325144823277838, 0.003210939084125942, 0.0028846072523777706, 0.0009700202269698116, 0.0006074764254615398, 0.0006299069320118109, 0.0019275249818037415, -0.0004104490817020974, 0.004532885186280294, 0.0027082847461013166, -0.00047026833815486655, -0.0006675881826428924, 0.0019164106227152413, -0.0021811941850123397, -0.0001988713806539712, -0.0003129648479508892, -0.0010689857736442022, -0.0036674690141631095, 4.541793440921215e-05, 0.010097137866630924, -0.0065716901731332576, 0.00045449163878431576, -0.007479368277740473, -0.013902893266556806, 0.001406025986903529, -0.0061287954591848996, -0.004043213831189646, 0.0015059982090116413, 0.018887767096658917, 0.028857493427647495, -0.00820044214512952, -0.011206280407911792, -0.007552906205440695, -0.008682499048602875, 0.015536580233242565, 0.03725087269538846, 0.013309117691685603, -0.003206471207434071, 0.03356337866604884, -0.002092648881787404, -0.01724605617509581, -0.0139224801968143, -0.0006442826350766154, -0.01554455660380369, 0.07157204954175768, 0.0005572470514495549]	1432437285661
[0.00048814704594008976, 0.00020283700514669276, 0.0002726358080799602, -5.535931302338032e-05, 0.00045559428941023246, 0.00033851316183862814, 0.00043834618337866473, 0.00023277325704659796, 0.00012990697331667503, 0.00011384239452343157, 0.0008760301086029864, 0.00012345084024753897, 0.0008107643008107197, 9.358005573266156e-05, 0.0004689590660331917, 0.0001901801829588848, 1.2782173337091278e-05, 0.000301149318683122, 0.0001101589071459772, 1.5530177212411566e-05, 0.0001706910996680979, 0.0005829125757416734, 0.000602900163684913, 0.0012062903174168739, -3.776858026346607e-05, 5.967652700030495e-05, -7.711729601614814e-05, 0.0006519567789090797, 0.000716881887107154, 0.00042246020879579895, -0.0001206698494776572, 8.07609438402707e-05, 0.00019955367972163541, 0.00027535353470207785, 8.681974249104133e-05, 0.0009707114234486299, 0.0014225727012074872, 0.00010193500378893522, -0.00030262784859378566, 0.000404028950589206, -0.00025204880156624534, -0.0006434634405181916, 0.0006222273420256636, -0.0002318742504959533, 2.2530735024283896e-05, -9.652842657362867e-05, 0.0006866855336883652, 0.0010261626743774796, -0.0005275594159820495, 0.0006066112259439364]	1432440222664
[0.0005105162573261672, 0.0002811819850108346, 0.00031669597122925726, -8.277518476050963e-05, 0.0005609078812108343, 0.00036258775908042015, 0.0005480812375673228, 0.0002761926151204645, 0.00011298345450797317, 0.00014382844114680326, 0.0010768502977047737, 6.206879058219448e-05, 0.0010051708946960042, -7.022984115456925e-06, 0.00032560110664830663, 8.627967208893856e-05, 4.888326997152051e-06, 0.00028843879483194453, 8.911349120209875e-07, 2.641367859241421e-05, 8.271801324122457e-05, 0.00060669493204854, 0.0007671396663980804, 0.0015357989242814048, 5.810335829838983e-06, 1.677701913858248e-05, -3.4089294990911274e-05, 0.0010084849813617135, 0.0013597290053525453, 0.0007684934093866867, -3.939907607587877e-05, 0.00021945184028671595, 0.00028082283904618384, 0.0003953871985785433, -9.757474420218288e-05, 0.0013253032227422818, 0.0015656791570123013, -5.171235740861418e-05, -0.0004567913709208574, 0.00036300801111522447, -0.00037110289164195536, -0.0007357761690308547, 0.00087641643075046, -0.0003566316605165318, -5.0206514879765586e-05, 7.427349372743806e-05, 0.0005718253348097716, 0.0010708545983394396, -0.0003166651145848325, 0.00033845575246338905]	1432440309658
[0.00034088355897478307, 6.050692855850935e-05, 0.0003802623391521594, 2.091570442635165e-05, 0.0003554791649753958, 8.974724817450232e-05, 2.9403663440283738e-05, 9.824743973563167e-05, 0.00012066210634482112, 5.580034197169496e-05, 0.0006183724465832698, 7.848740743327105e-06, 0.0008134292328497941, 4.7965376304160195e-05, 0.00033193177408726883, 7.884058163708918e-05, 0.00010439956952365995, 0.0006233613592539653, -5.154827934245637e-05, -0.0003318474609122552, 5.2256299567562125e-05, 0.0006263983693647822, 0.00033263408458836057, 0.0008042287054118405, 0.0005861443845231541, 0.00024199690652734981, -4.963348728501325e-07, 0.000973464253085692, 0.00015930826728252864, -0.00019776091926280222, 0.0002452906799219231, -5.1637614098464246e-05, -7.145244015234553e-05, 0.00020168294735446564, -0.00026889187520599806, 0.0003838990735401141, 0.00020895946229003507, 0.00037198880482288424, 0.0001722070747621522, 0.00011832384347403253, -0.0007733849324000711, -3.5176544224397545e-05, -4.1336625865962726e-05, 5.210149802811937e-05, 0.0003691084320383716, -0.0004352869686734944, 0.00014725064228380085, 0.00019633908836503203, -0.0004234564806498311, 0.0002879567376936147]	1432443394658
[0.0003359937351602873, 5.2987440632718104e-05, 0.0003732703056061241, 2.6984472990844494e-05, 0.00035638807763466174, 8.355462385018564e-05, 1.6955921245400118e-05, 9.599554587608029e-05, 0.00012075218139401427, 5.428215797602094e-05, 0.0005836412865417227, 1.865965894776609e-05, 0.0008029933901058682, 4.0819599901621e-05, 0.0003086116401934106, 8.391221705660804e-05, 9.972367264406493e-05, 0.0005634128498591595, -5.158124095402442e-05, -0.0003380980502594554, 5.7855009669971496e-05, 0.0006094204712668896, 0.00031864027286875474, 0.0008048038386759033, 0.0005982191427996078, 0.00021870393157665064, -3.3558281123557255e-06, 0.0009384460132008479, 0.00014788713361571593, -0.00017721076161965603, 0.00027473279217243016, -5.243689237110891e-05, -8.089471999317888e-05, 0.00017596794988605105, -0.00027298134390864103, 0.00037204617364854667, 0.00021032818891744402, 0.00039272503462819996, 0.00019688487633815404, 0.00010949752390047885, -0.0007869704565633013, 1.3856708755355294e-06, -8.201019681939422e-05, 0.00011424980878903725, 0.0003822144753305228, -0.0004779513634747632, 0.00015690054713012475, 0.00018012987894834058, -0.0004489274518952189, 0.0003056169255721879]	1432446726660
[0.00726131446171885, 0.00732977140211129, 0.009372721806991518, -0.0031982473000497437, 0.02548981438888846, 0.02113541687977008, 0.033811595014882415, 0.6746333643633783, -0.021876326786054785, -0.009250396620681613, -0.02725892645105246, -0.007378606444500184, -0.0026732457835076293, -0.005023675986529198, -0.020343311265418162, -0.007599038447197243, -0.0007675226238891263, -0.027229477691923, -0.016413714802962477, -0.001289082830878175, -0.0007315486895583337, 0.0027755121629510046, -0.00576444560749646, -0.017629222575553754, -0.037937294496541485, 0.025784254087516407, -0.011314721071855318, 0.022189393209972402, 0.012104847852771054, -0.0005135694644703677, -0.008950733512372269, -0.003824434016432933, 0.06959262585871116, 0.0029772948871322337, -0.15816506938661862, 0.40577189166856176, -0.04595476567245413, -0.32712672954397465, 0.0037387565946192637, -0.0282371787338571, 0.005256534519886109, -0.002015913942137902, -0.04091150765181003, 0.01105218727295702, -0.012627107511629668, 0.00025903318054253685, -0.030130768493427846, -0.03914399917406173, -0.00024022677417312192, -0.03497915973270551]	1432446739665
[0.0064044550010908165, 0.00226380609589071, 0.00678538000753509, -0.002762272945902369, 0.013468329321983075, 0.00476107392958809, 0.006027608393557197, 0.0036596095574200414, 0.0018274482509219225, 0.006103001647956693, 0.2011519166685894, -0.31446506986495865, -0.07048083936941145, -0.0034874376805545514, -0.01773643329404416, -0.01989568594546226, 0.0010528594272256181, -0.00556987546638161, -0.017938642671733035, 0.0018822101866866393, -0.007854807764320824, -0.022929969125707772, -0.011591842805049794, -0.0029777688956854273, -0.002333451298897709, -0.002226576322885263, 0.003605057769436154, -0.0012086570657165309, -0.0038770891475830285, -0.003467206878643704, -0.002231964010944622, 0.0030006098441308837, 0.00043155166430960013, 0.0020586525809707518, 0.009433906998301338, 0.007071896701206903, 0.006393483919942175, 0.0028541639797032468, 0.0010102508357197493, 0.006950032676821537, 0.0015150894757798303, 0.005342584480402763, 0.004804503738386605, 0.00454402141223515, -0.001248771710288053, 0.01835658391288271, 0.0059872863143637205, 0.0075103709564970705, 0.011511868169620127, 0.0049893963330797896]	1432447246660
[0.007975623099085135, 0.0006584960103615394, 0.0033942731761316394, -0.0016374717837638324, 0.004573755996924569, 0.003542898349485079, 0.013420401476490429, 0.0005652259314438355, 0.0044328650291628625, -0.0015902619107303157, 0.007459143395665924, -0.00024031231118245522, 0.005606556616141195, 0.0004448496173464858, -0.0028514088722889418, 0.0048445150298142454, -0.00172496296627053, 0.007037416714176009, 0.0018267946484072021, 0.00042498791646356686, 0.002171957448281734, 0.01600085268856371, 0.0038962111252232655, 0.010890524220929431, 0.009389683206412348, 0.01267365090040808, -0.015453660541144025, 0.010889470420995575, 0.01829360743419235, -0.004783027525444747, -0.026203858125226524, 0.007891574848225879, 0.0011366774734027293, 0.004141290088766028, -0.009545020738383588, -0.009363924148527525, 0.04751196419562064, 0.0028524121945192474, -0.040931136827826245, 0.15887224852499965, 0.046948142052928805, -0.3378523977783429, -0.13792812472404276, -0.1280863482475863, 0.1913674969160345, 0.13305693441625635, -0.025020339654256825, -0.23896776611417, -0.0022240700829890708, -0.0102799031925573]	1432450493663
[0.00026393543080534894, 0.00020173841081124431, 0.0004556832854967595, -8.014757281248496e-05, 0.0007201946544670902, 0.000695285667463174, 0.0003243921240352016, 0.0002926947575187949, 0.0002430067937190732, 3.4207440760357885e-05, 0.0013860880659404256, 7.463702961715198e-05, 0.0015682524114099942, 0.0001934119865529607, 0.0005684055722326056, 1.4137778678222312e-05, 4.440952952976294e-05, 0.0003304225702158348, -8.528425148000866e-05, -0.00022627146217728996, 0.0008095052908007312, 0.0004966033288226798, 0.0010627196030888219, 0.0013133969740964893, 0.0006470895045708369, 0.0011136279025306998, -0.0004537855347402343, 0.0014591599501208765, 0.0002749710642479879, 0.00039816359142630034, 0.00021312560188114794, 0.0003562275998230773, 0.0005894768743671316, -0.0001075094396406955, -0.00031717104608198625, 0.001139952015022501, 0.00033589458241087153, -0.0003643758059449129, -0.0006828146417351106, 0.001125084036613423, -0.0005200298293896882, 9.469567132315086e-05, 0.0018920895987068337, -0.0002539210701931133, 0.0007255664512211981, -0.0001576704571005359, 0.0005130555595247074, 0.002894192003759293, -0.0005763408954230293, 0.0011550883465178657]	1432450845657
[0.0033949410302988882, 0.000517844529533392, 0.0008540944427863811, -8.317367999929189e-05, 0.001948980709804648, 0.0011452334365608557, 0.0007255704752880949, 0.0014658442006743925, 0.0013004832110191402, -3.0467147614222964e-05, 0.004726939104298053, 0.0007936426504937198, 0.008981466365225902, -0.0021172551682833254, -0.00457453083344964, -0.0036606496762491086, -0.0013436669414609572, 0.0024484416942061812, 0.004064300685056239, -0.004526155734271263, 0.0012633372248194309, 0.0005689565363901582, 0.007975486500908102, 0.014193650420472485, -0.006528900011753648, -0.00231813296131096, -0.00578385461129024, 0.0017461855268821199, 0.0028183261035940508, -0.013265786288364079, -0.00209926386133488, 0.0026778174601482635, 0.022943132584494992, 0.017656961231567965, 0.00012969038658056778, 0.0025770968829655133, 0.02153377635140903, 0.013562556378315792, 0.02740558586955205, 0.05641670139260151, 0.01317044333832528, -0.0015117756681142641, 0.007028279241266982, -0.008264848959470267, -0.009101361872757667, 0.04379980267718973, 0.0252821715633563, 0.0760325969472957, 0.04129084632868033, 0.011677985317487597]	1432451226658
[0.0012817229522626632, 0.0006174625794918472, 0.0014255890562927523, -0.0006064237749135483, 0.0013384324845103096, 0.0014240206848938697, 0.0010604585571163871, 0.00025554343314609175, 0.00039032951764525915, -5.910889758599316e-05, 0.0025662805400356137, -0.00017023136161292056, 0.0025119125725675128, 0.00046618990874200975, -0.0015253921695886482, 5.0652218453924555e-05, 0.001106014644091476, 0.0012119680780492703, 0.0003386552955277461, 0.0007171483836305985, 0.0017875346350300753, 0.0026391862948998367, 0.0017680697850296478, 0.006486265881297791, -0.0003088480120031394, 0.0007472663530613188, -0.003595087766716205, 0.0017285690109054886, -0.0008850554600860536, 0.0015825778474350331, -0.010284217619922782, 0.0020156737984642174, 0.01019311265063139, -0.007908156174638612, -0.00026113174553449493, -0.0015232131545628983, -0.005645810816588872, -0.007847826715120776, -0.02488343690591179, 0.012177784174843245, -0.00550679133743008, 0.00968509450320788, 0.008996080771750566, -0.004519180418911082, 0.038898880000769506, -0.013607427513986874, -0.008874947209758621, 0.018175484097546594, -0.023748499707746076, 0.011661173502956647]	1432454410660
[0.00038498685705880183, 0.0004151451894348208, 0.0006898147970584172, -0.00011010052083452913, 0.0008199944793642409, 0.0009601674615241555, 0.0003489604079057647, 0.000632662866745653, 0.0003353483231464143, 0.000399480084056582, 0.0028890489190152593, 0.0008504336265107845, 0.0016193759733230686, 0.0010894728588772688, 0.0004968861902245138, 0.000350866048709363, 8.997168903866289e-05, 0.000673384187611125, 0.0003712538662430961, -0.00034335645183242993, 0.0007756346647897394, 0.0012243978535586165, 0.0014798207216034853, 0.0032786945360393322, 0.0001460870115703638, 0.0010188081947688692, -0.001654538189263043, 0.0019332185731942872, 0.00016141074598833964, -0.00015569807467067108, 0.0001928169025901009, 0.0021342437461491447, 0.0003110533635780008, -0.0005277286692840445, -0.00037496471115686184, 0.0016677228717080655, 0.0005736729264397755, -0.0005182450563575781, -0.0008306745778180711, 0.0012193682965716437, -0.0009837003172266567, -0.0006379402157842962, 0.0019228375461413435, -0.0002868513080494414, 6.654703751709357e-05, -0.00040068956636846924, 0.0006050352088296996, 0.0019946766270286464, -0.0013909077874638034, 0.0006138432812457862]	1432455138665
[7.111820257664489e-05, 0.00011163032523972757, 5.434616459328192e-05, -2.0853325360996485e-05, 0.000139592645658507, 4.8596020272846546e-05, 2.2410583228497877e-05, 2.576770608855522e-05, 3.3554733874739412e-06, 7.3660797200916886e-06, 0.00025184485310832604, -3.85606868646493e-05, 0.0004547780475984034, 2.6702549578384704e-06, -1.6778622975023084e-05, -0.00010237792957921062, 1.3641554214778994e-05, 0.00014571174653185904, -3.744001853008896e-05, -9.37642749532669e-06, 2.4054599167741816e-05, 0.00019777719755052607, 0.00011838949135750348, 0.00024793328753710956, 0.00014018587316963447, 4.560567325328125e-06, -3.0973131525341524e-05, 0.00021003050495825738, 0.00016578924030555178, -5.62468646801166e-05, 9.228158826191992e-05, -1.3831740173808838e-05, 0.00015076188539679217, 0.00020755309212739875, -0.0003732710782197063, 0.0013501861903756748, -5.6852550883402274e-05, -0.00106874040437983, 5.111062238385015e-05, 7.326050578978886e-05, -2.02261466070899e-05, -0.00010849983587606726, 4.36247334660626e-05, -5.1700496803416314e-05, 2.3885682532974616e-05, -0.000136146490064465, 0.00010586799040975464, 0.0002422210238350577, 8.75824286500793e-05, -0.00012287054837018113]	1432456518663
[0.00021621322715392773, 8.921592619037227e-05, 7.804482550167888e-05, -1.0698417665185196e-05, 0.00019468465626183847, 0.00021017544363121404, 6.759337652018229e-05, 0.0002005751839964356, 1.4478964836124025e-05, 0.00022113074916131853, 0.0003806583440625387, 8.521544470942863e-05, 0.0004231874323144463, 0.0002402929772190909, 0.0002310149127625217, 3.2524248216531465e-05, 3.51252945037734e-05, 0.0004130079727230207, -6.433588481589842e-05, 2.016666360965017e-05, 0.00027292627072046687, -1.061662670920105e-05, 0.00036854450529252896, 0.0005504530260331469, 0.00043924021468852344, 2.2969286329907358e-05, 7.560010941989171e-05, 0.0001757668322186001, 0.00014356484139957731, 0.00032450987392694346, 7.760443795089263e-05, -6.660586738575944e-05, 1.8791666697429106e-05, 0.0002346535993778101, -0.0002388019129126517, 0.0004569585456929305, 0.00017806407189965856, 0.0004315212586352988, 0.00010819371156227744, -6.2221815947358195e-06, -0.00013924049736757483, -0.00022227860605221928, 8.710595042467469e-05, -0.00035220252061773493, 0.000192825951705656, 0.00025340266964665037, 3.1604873953352664e-05, 0.00023792641372457116, -0.0001955175339312616, 0.00010727129586824966]	1432456864665
[0.00040318047117662636, 0.0002909894066944295, 0.0005660611023230651, -1.0121655390059465e-05, 0.0006616467694742118, 0.0006525108250209368, 0.00046665887853430233, 0.00036510581982178366, 0.0002218261586335163, 0.00019512445365039272, 0.0016516249862117355, 0.0002917320683909541, 0.001340920443496101, 4.124736208967258e-05, 0.000292670584718011, 0.00034252781819799137, -1.778693299860906e-05, 0.0005714796750848651, -8.332561501821727e-05, 0.00011984724313382403, 0.0005652548829278891, 0.0004382184793881759, 0.0008550267373687485, 0.0015570826660245723, 0.00035539447119236673, 0.0002980539504077588, -0.00011828086438754976, 0.0008965243495226599, 0.0007531911024546449, 0.00024629804552572885, -0.0001643327845897728, 0.00023258555264967418, 0.0002767987069249562, 0.0007167317726831237, -0.00020464787810490272, 0.0017293058231276123, 0.0004963679590299644, 0.0006795581802155897, -0.00020787078601316135, 0.0009291196937815626, -0.0002243727702838386, -0.0001672493249144117, 0.0021052348706722362, -0.0006503411989701387, 0.0001964389437674054, 3.829973393422988e-05, 0.00017111319344070207, 0.0014187029505158813, 0.00016096713576675185, 0.0013706405797592872]	1432457660666
[0.0029514280893319454, 0.00365802117531442, 0.004103842182871379, -0.0017793070503635256, 0.005494389093399787, 0.005168271416686067, 0.0035573776183185917, 0.004113560537375981, 0.0019334274164945974, 0.002598365032822944, 0.015674746532442933, 0.0009264745673755178, 0.011324640582462284, 0.0014350841374328952, 0.009031185477227336, 0.00507876330013438, -0.001050359965420532, 0.012041254017264271, 0.011044237568592644, 0.0039428730790545975, 0.008534600169481309, -0.00011051142909561183, 0.00278842166977539, 0.019200416946208956, 0.00037786575345138734, -0.0006795703097219193, 0.003625346125309511, 0.002556544974819363, -0.001610368134158442, 0.01743473489142846, -0.022955698681185424, 0.01474951066735108, 0.016821322460996633, 0.040077011068284506, -0.01150758139377647, 0.0030629959247907537, -0.002450388830903154, 0.009353823002186639, 0.00992615320468686, 0.01979897340877785, 0.02044551853370133, 0.0006982584253439057, 0.007604584962187725, -0.013924797735727417, -0.005001507986788756, 0.024032876017173323, -0.011331973402724599, 0.027785750947378965, -0.009505120167462995, -0.010127362396122793]	1432461810661
[0.00028956737163330395, 0.00018655356044390185, 0.0006388329931522326, -0.0001980179506785535, 0.0005441455217854025, 0.0005746980127444093, 0.0002615287936761326, 0.00020499145821644142, 0.0002607335548835173, -4.1126130672428945e-05, 0.001037604170628516, -6.140450840451133e-06, 0.0008970026132936363, 0.00019946423283613286, 5.1177556772173065e-05, 0.0001880258367672311, 5.35682360016004e-05, 0.0004989765928147786, -0.0001736002756461797, -8.56399598162815e-05, 0.0006660342620579536, 0.00034848110031549304, 0.0007112015383111681, 0.001180710362412933, 0.0008329863415016326, 0.0005941015030859983, -0.0002503119652223269, 0.0006820626829705121, 0.00021126792976929528, 0.0003972718142175419, 3.2033518936898366e-05, 0.00017354093619806744, 0.0009803729958996368, 8.653189350499185e-05, -0.00023889327610779638, 0.0005622389031726553, 0.00038222012061480635, -0.00016788891422706882, -0.00032821579176261784, 0.0009291111909754458, -0.0006913663688714988, 0.0006430621534877242, 0.0014828648404793632, -0.00047604181350632195, 0.0007183933743395058, 9.066490350893352e-05, 0.0006773357674899856, 0.0015687705998375862, -0.0004689281510933271, 0.001335071782235597]	1432467157663
[0.015939388841675495, 0.01298164629597862, 0.042750408480334526, -0.010739199855936157, 0.41100888310461337, -0.19066695216826685, -0.013679520893988073, -0.008708097817674175, -0.005149461403978966, -0.005389195522110652, -0.011728534591281205, 0.010381133170373815, -0.007391832961212963, 0.0030800958235658272, -0.0033785189890466376, -0.004940261917196885, -0.000677113566747747, -0.0021685845139812017, 0.0029811031178980664, 0.0059407028699121345, -0.03746052664567129, 0.014176096253702758, -0.004800951157873759, 0.0019282959167606921, 0.010718223971294518, 0.015584505738320875, -0.004395451061421596, 0.01359954673783939, 0.0041233248476008596, 0.004048195200790063, 0.0021505734753644286, -0.020465880732294307, -0.0005398302983768275, 0.00024206966273833676, -0.0017994111240559098, -0.017266825995520926, 0.0026507428721794933, 0.00022515285600738157, -0.015452019074183664, 0.008120635709052974, -0.056153867030420516, -0.00325780943867266, 8.288451303518918e-05, 0.035526804430914355, -0.010309517760416392, -0.022296017368154352, 0.011033815462528575, 0.021799069824078643, -0.029108816652897374, -0.003307303947308626]	1432468398662
[0.0011395988992727755, 0.0010407823994359358, 0.0012386505161201926, -0.0003909040222342714, 0.001139447998007702, 0.000906393694004952, 0.0004673689960485569, 0.0007888862237674326, 0.00020975020985239927, 7.972978256551835e-05, 0.003866466684991782, 0.0007506963054070253, 0.0037792197006669306, 0.0021009789939492314, 0.0027798361217061017, 0.00044955142612387996, 0.00020721641699989623, -0.0009065996645804158, -0.0011707271902788754, 0.0005387924278144949, 0.0015822710991401884, 0.001416949769144891, 0.0016144809179795638, 0.005658632648218789, 0.0030788696614772754, 0.002143793308413404, -0.0007577210346832135, 0.0033646831268867626, -0.0002842806561459345, -0.0009130848125340703, 0.0018230303938251496, -0.0001672357093542765, 0.006245932298554972, 0.001757370410472435, -0.004368722860636913, -0.0005612571559309954, 0.002705975055421411, -0.003048351552785379, -0.007446772686841615, 0.008016436116976467, -0.013370428439205854, 0.002666057925467275, 0.0002069346948727568, 5.211085277121125e-05, 0.0021508631173263073, 0.011302662046145003, -0.011931621651351086, 0.00468702526726972, 0.006149294580436221, 0.006077760442902195]	1432470878658
[0.0002387237909997226, 1.1461671615362233e-05, 0.00013655902950845386, -3.643926942112821e-05, 0.00017554555122152027, 6.627146374708226e-05, 4.607540454883399e-05, 7.121308027488847e-05, 1.5816901280725184e-05, 6.459148556171629e-05, 0.0002627390817413707, 4.6013348972645806e-05, 0.00030671322625036064, 8.085841513285567e-05, 0.00016334254600380724, 0.000110278112953149, 3.562826543269274e-05, 0.00048673923077699216, -2.434626302021451e-05, 3.798939117003474e-05, -2.9203316852351023e-06, -4.221375218034494e-05, 0.00019795854741829424, 0.0005976890539663588, 0.00033535425229455537, 8.133141478276896e-05, 7.103983398440331e-05, -1.401277863539713e-05, 0.00010425845558473032, 0.00011228239684366849, -7.550151348955999e-05, -0.00022227479259904662, 9.077019729879693e-06, 0.0002618068812982393, -0.00037440825257237367, 0.0003937923348013927, -3.1220569353275215e-05, 0.0005903345892572837, 0.00020466844206483244, -4.659730292546135e-05, 1.7258264835363302e-05, -0.00014743173018096472, 9.423927680004995e-05, 9.373057259889136e-05, 0.0003806586685051127, -1.874945046364557e-05, 2.997475490198847e-05, 9.753194441335634e-05, -9.236445859324914e-05, 0.0002467223254228283]	1432471312660
[0.007085812374229446, 0.007238656675376858, 0.009299130678503652, -0.0031583417980122716, 0.0280028975312807, 0.022589611989090673, 0.03932035001886061, 0.794650377192082, -0.026101505356140444, -0.011410101606088185, -0.04266338347173883, -0.007720717700939396, -0.021921321426522762, -0.0017331560739540365, -0.0179498013298927, -0.0017658911242319725, -0.0010688762398305726, -0.03167866379958326, -0.01823869266622855, -0.0011539238783022218, -0.003887617432629436, -0.004055822048044104, -0.008423208658573048, -0.040891044711778346, -0.046991453204102154, 0.01744553993829076, -0.009635625538762196, 0.010987346743099934, 0.003840762792305594, 0.0037270476633288123, 0.0005501635830669064, 0.004083646536338495, -0.004949397361357755, -0.006253811585428009, 0.0006845205962388762, -0.00029120869426918977, -0.0074891233452020235, -0.0012488243528381477, 0.002880511061808948, -0.0010249871029483532, 0.0014259669996074338, 0.0005304801325712234, 0.00029433499678539304, 0.00025104341978448495, 0.00035782033608339295, -0.0003878888683939419, -0.0024957751739570085, -0.002619301287374497, 0.0012239363186352828, 0.0020062068888492823]	1432471961657
[0.007529847255829811, 0.008417305439378204, 0.0034953463894153254, -0.002321539827238454, 0.020471410924075457, 0.009184383966929865, 0.02252637683163039, -4.7920287135286836e-05, 0.0021430822018616512, 0.012441164652538332, 0.05011826436257633, -0.04041256590567207, 0.1902050102633189, -0.05052995673314292, -0.21299677444377146, 0.7472598938622131, -0.0012550278548852554, 0.004918918221342904, -0.06041978695993854, 0.004201008486068762, 0.0036103348492064953, -0.010709681332911197, -0.016291881135707183, -0.02019477902890541, 0.004753485635851721, -0.012338166049531312, -0.007429002774863588, -0.005511917454984617, -0.010969991025035772, -0.001314750472272904, -0.014548192785254313, -0.0006421329209771996, -0.0007890448454818649, -0.01065099568682655, 0.003848365924708256, -0.0038689689619318636, -0.007363478628780892, -0.004726076751879248, -0.005050173913632269, -0.006730992466945503, 0.0007042546519894339, 0.005465324717650459, -0.0016931582686236933, 0.007953335165404501, -0.00404319780632432, -0.002144615130576446, -0.005172728718676804, -0.003365916378973937, -0.0023424001419711286, -0.00034965057851809114]	1432472038658
[0.0003856092845176857, 0.0002675149656873169, 0.0005076422892131196, 7.573176187416319e-05, 0.0010390548214822166, 0.0007897190286357928, 2.008787874542352e-06, 0.00043084348434002467, 4.107865720469782e-05, 0.0016531987740858545, 0.0011977846063490243, 5.1062082231091626e-05, 0.0015248137800393082, 0.00022304740757989356, 0.0012129292974993146, 0.00022195248043931093, 0.00010273945087516412, 0.0007293336380355538, -4.824049803810483e-05, -0.0006982687668034123, 0.0010633898703765834, 0.0010243714322795267, 0.0005334583241157424, 0.0011502601573625015, 0.0008258750249683704, 0.0011119276618564446, -0.00016972961627826619, 0.001832639019479699, 0.00030749020128376456, -0.0005763812976075176, 0.0005109368000701953, 7.139098238090005e-05, -0.00043185277099811305, 0.00047638180530385296, -0.0010000515893445134, 0.0014515770885678316, -8.753780272076272e-05, 0.0001130540678800891, -0.0003240480024946116, 0.0004393890981623995, -0.0004726450709316111, 2.750239026063771e-05, 0.00018501518581060143, 0.0005194484236540943, 0.00028859073432634574, -0.00015997721079595334, 3.325123803497786e-05, 0.0008059319375659913, 8.203738381471021e-05, -0.00013909360774188922]	1432472174660
[0.001914349330146045, 0.0016664514328932972, 0.002600463485774163, 0.00201154634442657, 0.001740283520403836, 0.0014917035839003788, 0.0008881623861085594, 0.0008532825601138929, 0.00037646518067569173, 0.0005480277400515029, 0.004862944994130207, -0.00019256218165939436, 0.003254722763082202, 0.0003573150671657334, 0.0012120975518514403, 0.0003612092284439938, 5.556767335038455e-05, 0.001469653068078461, 0.0005740867444296773, -0.0011597003748723357, 0.002796958943366082, 0.0010087752841297822, 0.0024033466655087954, 0.004349465330523644, 0.0008436343544978211, 0.0027191623578228913, -0.0009309928507783538, 0.007168804427461037, 0.0006475126070702421, -0.0015107901602372934, 0.00025871108725602186, 0.00043138678591590947, -7.589961513006894e-06, 7.245768492952896e-05, -0.00028509068001671676, 0.0025569271716334753, 0.0028060432514007763, -0.00020610217660997372, -0.00047919153410314394, 0.004631071435147051, -0.0015598723174662912, -0.0009952179771988243, 0.0005861227785871573, -0.0008598377515884645, 0.0019699244245189006, 0.001082954246239255, 0.0013457193931970524, 0.005633133068162606, -0.002438076660738375, 0.0013102764584218825]	1432472480665
[0.00026851585016252836, 4.4913472308642604e-05, 0.00019164070206808428, -4.715521165047244e-05, 0.0004174350344996353, 0.00016081722346107262, 2.4582852339100516e-05, 9.053851969763442e-05, 1.791560052433461e-05, 4.162556788663813e-05, 0.0006738676042206721, 2.0862672122731055e-05, 0.0008819777094089186, 0.00012924037993407124, 0.000444919792740165, 8.810397504401697e-05, 1.696321749092259e-05, 0.000548878841731734, 0.0003002263268906134, -8.14917901853453e-06, 8.483309340797627e-05, 0.00032322530871825784, 0.0003818168658655658, 0.0007549718709840255, 0.00037380941090414037, 0.0006389329231394503, -1.2933377632592617e-05, 0.0004075985175640843, 0.0004625887597322119, 1.137653562997988e-05, 0.00037683186165398297, -0.00016087351741805, 2.900530588978614e-05, 0.00027209662795787173, -0.000727699547372643, 0.0013200507991279798, -1.3414228050903886e-05, -6.744796403069515e-05, -0.0002315624860565588, 0.00033993380956481384, -0.0003475897714015237, -2.7254771655000484e-05, 7.815376013078145e-05, 0.00031092694824274485, 0.0004269918660208082, -4.62327760106183e-05, -5.241641137965814e-05, 0.0006040694062177926, -3.971416534542777e-05, 0.00029027793791996145]	1432476580659
[0.0013856654699110924, 0.0022934403832423483, 0.00394885198142783, 0.005770793115344533, 0.0013952933966045722, 0.0011683622919542616, 0.0007630964028041405, 0.0010937246402090673, 0.00016480618617682654, 0.0006651157973727012, 0.004339979186682075, 0.0005371402190793447, 0.0022889102938534, 0.0007810171111615709, 0.0014990936854696072, 0.00029361549356665857, 0.00011100591291843072, 0.002234467266335424, 0.00040288149356971495, -0.00249415359024209, 0.0015702664643404037, 0.0018001104224804043, 0.0021908053525511156, 0.00508480562565657, 0.0020991662905380324, 0.003013149466121122, -0.00056816295000101, 0.01392715738025249, -0.0003140479529893251, -0.004730340475866953, 0.00029113256954897313, -0.00013776176321155195, -0.0010974529112803906, 0.00044225719038490575, -0.0002196314220559855, 0.0003468064390665721, 0.0010451618118018562, -0.0015687428912349703, 0.00105769213737826, 0.0045849484262046256, -0.0011963905390215876, 0.0012365209772939349, 0.0005239816902993008, -0.00036440021171485075, 0.004247375548160611, -0.00015676855976860034, 0.00019664701536178437, 0.006630136763585002, -0.003773192566608398, 0.0007008997384311742]	1432477380661
[0.00256441240358617, 0.0018004295453517751, 0.0033372818947896028, -0.0013977612119221278, 0.002693066287541866, 0.0029387192065483997, 0.0015193211828136793, 0.002054813519040008, 0.00048436009715860747, 0.00044583630441208627, 0.011690591335208333, -0.0006274037129252409, 0.017289332946042638, -0.0032940536112376372, -0.006805925101370426, -0.005920874490520683, 0.001147190400883988, 0.0004886837435469633, -0.0006682793358180526, 0.0005928441828520221, 0.003956778021712006, 0.008582934211968759, 0.0032524358735446838, 0.022732480024844622, 0.001366040461633756, 0.010904405003034818, -0.006540496530835754, 0.014017377134258381, 0.00812512500997549, -0.0020412093531714413, -0.019002258097600252, -0.004930434497958373, 0.08159394014321988, 0.000612129046594558, -0.15609512055015307, 0.3969961016981526, -0.044118837407228224, -0.32713270109706744, -0.02271921215152736, -0.01543904756300042, -0.0012393900647785835, 0.00681663360828252, -0.032025873346421256, 0.006561782987735767, 0.025050128744582092, -0.012242272156382657, -0.03632184738627441, -0.019288491213239393, -0.02381481514578915, -0.02548224640508814]	1432481015657
[0.000268040545623547, 4.483416569181545e-05, 0.0001913018532590729, -4.7071675775198004e-05, 0.00041669724369108966, 0.00016053420594335706, 2.4539592674882526e-05, 9.037873637133815e-05, 1.7884308485073112e-05, 4.155254205906177e-05, 0.0006726781346983096, 2.0825982258365257e-05, 0.0008804190082097986, 0.0001290125206144806, 0.0004441331582582203, 8.794816390699615e-05, 1.693358585844821e-05, 0.0005479082353757897, 0.0002996953013157618, -8.135208005122864e-06, 8.468475026620286e-05, 0.0003226556908545883, 0.00038114373835917444, 0.000753640307844845, 0.0003731510802791873, 0.0006378048307527862, -1.2912096954618934e-05, 0.00040688335382143767, 0.0004617708034256422, 1.1357469408681113e-05, 0.00037616737172306027, -0.00016058904539544065, 2.89519628855056e-05, 0.0002716185277597441, -0.0007264126242687831, 0.0013177134744050815, -1.3387928096151715e-05, -6.733032095514763e-05, -0.00023114630983106404, 0.0003393371900392444, -0.00034697510339062247, -2.7217203869352824e-05, 7.801879148540148e-05, 0.000310382291102746, 0.0004262363955835218, -4.614890903642436e-05, -5.2321636669354663e-05, 0.0006030103639237983, -3.96592031316674e-05, 0.0002897671130874222]	1432481533662
[0.00026225609995311793, 4.450226079029632e-05, 0.0001918206840922983, -4.753198039980676e-05, 0.0004103200853104443, 0.00016625719275318053, 2.4106472898674178e-05, 8.871051850412722e-05, 2.0877501228784704e-05, 3.927569356918756e-05, 0.0006733652565828004, 2.285254410808974e-05, 0.0008605450525571925, 0.00012381594859581886, 0.00043768148908501125, 8.943833796036478e-05, 1.626993125245341e-05, 0.0005316483199375811, 0.0002985350977302227, -8.732707526850982e-06, 8.27241574372007e-05, 0.00031176312262996207, 0.0003830704754074546, 0.0007495652252213524, 0.0003526581021894871, 0.0006276503062569826, 7.744344449203668e-06, 0.00040762882619222986, 0.0004442916580693546, 8.175413770416947e-06, 0.00036901701128920635, -0.00015642669794938292, 3.01656434661574e-05, 0.00026606602823225846, -0.0007161409334526371, 0.0012857186021493308, -1.084874839877342e-05, -6.321445966007017e-05, -0.00022485847967833726, 0.00034046792259248164, -0.0003591563526303758, -4.124293055012098e-05, 8.42136827458808e-05, 0.0002586595618609219, 0.00041211496673242544, -5.467683844250392e-05, -6.154730608275156e-05, 0.0005963698120923545, -5.923377951154714e-05, 0.0002969338424106339]	1432482397663
[0.000266650988590838, 7.98778137786896e-05, 0.0002043716493662494, -5.9951394417219136e-05, 0.00023097455981895798, 0.00023143451015599162, 0.00042542696301319253, -5.350909348204818e-06, -1.308161576234446e-06, 3.494071810854252e-05, 0.00044455154027878043, 1.8672696252552784e-05, 0.00045504888031078265, 2.8892307882429333e-05, 9.548031569404213e-05, 0.00015233278889123327, 3.215417858183854e-05, 0.0002313653290706735, -6.868934874314807e-05, -0.00013502508089240214, 0.0003026360378976649, 0.00010341921109600326, 0.00025475276990029344, 0.0004461431205031637, 0.00017178921398929456, 0.0005665898670823814, -0.00023561848300614205, 0.000630344783990727, 9.745960043057153e-05, 0.0001275157503036615, 0.00025352275540203655, 0.00012069746915788671, 0.000657210661570838, 3.8736469203865095e-05, -0.00014708177771295244, -1.0513047247250892e-05, 6.796656655362062e-05, -0.00011999740077891584, -6.580744055014431e-05, 0.0003571537420594417, -0.0005310075566067583, -0.0003461738658107325, 1.8880223207460933e-05, -0.0003509701250180755, 0.0002406166228939685, 6.839133436029066e-05, -0.0003052520176611906, 0.0006311859362715792, -0.00021632693999971197, 4.07353887306686e-05]	1432483360660
[0.0004855572268406912, 0.0001314065738717153, 0.0005351421613547915, -9.225962190417058e-06, 0.0010756627117711824, 0.0017331863851968244, -0.0002115465067950713, 8.12866009149906e-05, -1.3362141909331275e-06, 0.00048414135912086965, 0.0012557957344396906, 0.00014782897836159678, 0.000932830226774927, 0.00011290980948819659, 0.0006246894145813214, 4.587898574781665e-05, -2.207962085192559e-05, 0.0003960029391150551, -2.8675814585904527e-05, 0.00015746446149205332, -2.900881608929787e-05, 0.0005320563275889835, 0.0007534151651284759, 0.0015019232350598748, 0.0006537950845613587, 0.0006069621225629866, -0.0003621522146026485, 0.0009060176399835927, 0.0002961342485942615, 0.0006343203782002882, -6.201356060949869e-05, 0.00013215727726423608, -0.00026255737363435155, 0.0003602837606947562, -0.0007289136041769723, 0.001386893059826467, 9.661633517282573e-05, -9.614068253739418e-05, -0.0002024138700899028, 0.0007351239230732317, -0.00030271100473990036, -0.0008415236583149507, 0.0003305857390067855, 0.00012937927283576144, 0.0006652831772004751, -0.0001494990437075072, -0.00023392776261212786, 0.0006810072196855565, -0.00030928531161009533, 0.00017896888067259255]	1432484250666
[0.0007198193333432788, 0.00014705930429578505, 0.00042658361587251566, -0.00016578918757017565, 0.00047815986277929687, 0.0002981684423264682, 0.0001407448855920282, 0.00030976182186662725, 0.00017630001753827406, 0.000302751057626468, 0.0015287664643876217, 0.00028066980407739244, 0.001655244672198678, -4.4317864436423236e-05, 0.0007188168779965934, -4.4216016121490046e-05, 1.1847384717224068e-05, 0.000980884094906477, 0.0001933714117151759, 0.00013558656184085274, 0.0005975104184102982, 0.00030958102968107185, 0.0004070379683105868, 0.001044043023721052, 0.0005300534374847654, 0.0010817504997952603, -0.0002956200042638777, 0.0006572315216292846, 0.000720299331935966, 0.00022373387806278735, 0.0006644331337801663, 6.437924492017323e-05, -3.1131768459584036e-05, -0.00014248513690962543, -0.0005440732910468012, 0.001756469871539232, 0.0006777253312389359, 0.0001915999882849507, -0.0007385160769836041, 0.0015269710975109234, -0.0008190427501422577, -0.00035469495479584424, 0.0002479543895966446, -4.340747145042212e-05, -0.0004345924964990578, 0.00011889996451475394, 0.00047412641805075624, 0.0020009119987268974, -0.0006353368237314419, 0.0003692405113787633]	1432484511662
[0.0001641805082047669, 6.313339939102544e-05, 0.00018757003896932188, 4.510044051014122e-05, 0.0002307856947494979, 0.00010140017890926136, 0.00012993675701153105, 0.0003596048792725245, 3.3899491082153636e-05, 6.093451212707441e-05, 0.000646180825868676, 8.849372520716866e-05, 0.00042949471694581103, 0.0004203607266150353, 0.00019032173707039525, 3.3597303486761746e-05, 5.897776366049826e-05, 0.00044559657143910164, 9.14250373679217e-06, -0.00022149465968136523, 0.0003825594663218588, 0.00038439245696273583, 0.00019682260898229553, 0.0009534335022584956, 0.0009961242121128858, 0.00020967310782251644, 6.030427470025393e-05, 0.00038842244609611575, -1.6011280167757724e-05, -0.00028825020795609444, 0.0001608087301326811, 0.0007864680979630357, -0.00031444096117359225, -9.992208598478563e-05, -0.0002735971347059222, 0.0005232054958533174, 0.000425554680834784, -0.00010937474805905682, -0.0002574490402636558, 0.00019035627623334794, -0.0003622302888670629, 8.857760730132223e-06, 0.00013351118895300098, 0.00012861907041401472, 0.0001425405619267402, 3.268039735197772e-05, -5.398157265641812e-05, 0.000624100390114082, -0.0003114810958104987, 0.00017374176869086345]	1432485030664
[4.202108362134556e-05, 3.571131957316769e-05, 4.1446388770019354e-05, 2.8934327152455796e-05, 3.513169273772143e-05, 4.3998343771599784e-05, 1.2832510861548041e-05, 1.6049363067282746e-05, 5.284566346814899e-06, 2.940520272159954e-05, 0.00011000763805491262, -6.370906118947617e-06, 4.0416787933147514e-05, 8.769685747080875e-06, 5.492375584257965e-06, 9.474356084100214e-06, 1.4872187196656257e-05, 3.635146261039942e-05, -7.033337495983027e-07, -7.001073894759497e-05, 4.7989253461615985e-05, 0.00014312114944654863, 5.844100155773852e-05, 0.00011093835676361535, 2.0176590948814478e-05, -2.709412843671341e-05, -5.1648649015705406e-08, -3.2250598827236454e-06, 2.8039582025412815e-06, 2.0283189366264412e-06, -7.194497271001158e-06, 6.206638944766154e-05, -1.740316320209158e-05, 1.9007586068522627e-05, -6.812147128531936e-05, 0.0001999079868674386, 0.00010200651433176268, 1.9413378272689863e-05, 2.143062885326031e-05, -2.994173249287863e-05, 2.0548858675282473e-05, -1.69375119939488e-05, 2.43281346135337e-05, -8.064756114768218e-05, 6.787637854333665e-05, 6.899928014048837e-05, -5.81588552002219e-05, 5.0105484112262e-05, 2.4673808529767954e-05, 2.076758311813401e-05]	1432485612659
[0.007067030919205188, 0.006524941587211933, 0.010879555552913448, -0.002247078264357063, 0.06374364148724426, 0.0014597366828562283, 0.0032230847970933277, 0.040383986347936766, 0.0020638761630730937, 0.0006818289280168719, 0.024627241790867154, 0.005464546998225068, 0.03223771346462404, 0.004455153358951531, 0.02973952381959232, 0.0007687217810177548, 0.0040933122596043935, 0.08958195034892474, -0.00038439600322044963, 0.006294386670343672, -0.019053856573930567, -0.009145950503880127, 0.03203369943532137, 0.20915933206375198, 0.25543849764231163, -0.15895477075979808, 0.06694235294194475, -0.07224211214493353, -0.021913665739084306, -0.030076586200632284, -0.015427803901772461, -0.12978768298105323, 0.07589776744584317, 0.049273733476957904, -0.05688644153885477, -0.004264495222780192, 0.41818728070787675, 0.013885182781013708, -0.19277076265765036, -0.1670410845459836, -0.1243430828144502, 0.060100199960753525, -0.08729627746582333, 0.04914794250547995, -0.04545363652687102, -0.05637718401503975, -0.008854962435910139, 0.008566475929638979, -0.01952433788487861, 0.02419658154702536]	1432485846661
[0.006457304970903638, 0.0022451148387623208, 0.00688498609429096, -0.0028587937234970623, 0.013663692263377948, 0.004808651560430312, 0.006112345890468074, 0.003695530136070317, 0.001863066685468384, 0.0062240362736642255, 0.20489019312986362, -0.32055349594560617, -0.0719562554173914, -0.003591150305150483, -0.018138362763050187, -0.0203213187804229, 0.001072796228112128, -0.005759685058116076, -0.01827472446430246, 0.001919066875168585, -0.008051724043620485, -0.02355179384135986, -0.011907673648355788, -0.0032729471213025687, -0.0024484626262960946, -0.0023616245034337497, 0.0036320727334960574, -0.0014275096664979753, -0.003986832000742559, -0.0035081569001404536, -0.0022713161600576657, 0.0029468824964852575, 0.0002519335223727092, 0.0019862685810438305, 0.009798373346493227, 0.006651569884402865, 0.0061693800320619975, 0.0031016628573198556, 0.001039796898007312, 0.007047803723486636, 0.0017025401341892786, 0.005407382914194302, 0.004653332381063468, 0.00470956610792642, -0.001118008288342928, 0.018481880098975063, 0.006021071097845496, 0.007725615648188972, 0.011584233813529082, 0.005048610499313177]	1432486705665
[0.004051024561824421, 0.0020024026504665777, 0.0016718387906173797, -0.00043573973675261544, 0.005217116211888374, 0.0019984603184183226, 0.0037848030427728254, 0.0009900115851889538, 0.0010643892857359607, 0.003165277674598234, 0.00662247699806426, -0.002184326280644531, 0.0052322988471627495, 0.001165269002188152, 0.0008623646983867485, 0.0014985010041660219, 0.00045022163681133164, 0.0005751555031224763, 0.0007366470586500611, -0.0014214612101155384, 0.0054349087422696256, -0.0027556927509915273, 0.004754923413305247, 0.008021330650867997, -0.0023756865987582987, 0.004758186450588076, -0.001116099050007494, 0.007097952263655823, 0.0032834222604631712, 0.0012373765817742099, 0.0035158723966903357, -0.0020473097862443927, 0.004146364951820584, 0.0039027020514272796, -0.009230972076725236, 0.0028806013557323143, -0.0023245481573330507, -0.00405137171731141, 0.008565154458813921, -0.005949977663984545, -0.007212219270383471, -0.023775055209907928, 0.018391531201173112, -0.002185529167237526, -0.005789029175998931, -0.0054956649696316735, -0.0024096703859836557, 0.020699209563271186, -0.015382904710207708, -0.02432665863412301]	1432487227657
[0.0005801680412132522, 0.00032665741202736606, 0.0006540564308678448, -0.00025023819252388107, 0.002379340019099132, -0.00047731774068403423, 0.00016162307297206647, 0.0001747483546211468, 0.00031336661857044425, 0.0001310271979091514, 0.001284133181456599, 0.00035021504196274916, 0.0015779729310930767, 0.00014883420526325825, 0.0004534397961440737, -0.00017532646916483373, 8.158847992736982e-05, 0.001116328603271962, -0.00012916255443981719, 0.00015321773423820253, 0.0018310405774746269, 0.0004737304532276268, 0.00044857334987429974, 0.0007900125780872585, 0.0004548844534892587, 0.0008024704453248394, -0.00041150263511315885, 0.000572188096799193, 0.0005084784299815602, 0.00040771107293448956, 0.0001726976666098693, 0.0002436690319086633, 0.0005277426445352448, -0.00035779921551352365, -0.0001764677723287212, 0.0011046752880450859, 0.00016483874407684362, -0.000458740803139507, -0.0005869011632231702, 0.0020320639989788282, -0.00012458134157379165, -0.0005311917948372028, 0.001360270767824648, -8.323714104979035e-05, -0.00031458419572485583, -7.040073424930849e-05, 0.0004894567056102851, 0.0025489628136450893, -0.001320701485042571, 0.0009287417527374977]	1432487972657
[0.0012912752187547209, 0.0005471748017162502, 0.0014205493748165358, 0.00012943700914001932, 0.006109341140074533, -0.0003466767497843366, 0.00026546963776116804, 0.001963715376662417, 0.00020197298996151258, 0.00016367373629931788, 0.004149542148661324, 0.0009478266141550336, 0.004270521580916713, 0.0028810431849654963, 0.000602537355552555, 0.0003965987077211919, -5.21731819813093e-05, 0.0013527890126336735, -0.00010745531572450793, 0.0002629388379225701, 0.0003072941627501905, 0.011079087092115435, -0.0010333396610038856, 0.006194315954834424, 0.007347180206854693, 0.009224785844515025, -0.002852835402854814, 0.013237758883614585, 0.004741160352744409, 0.0030637790412061114, 0.0023479567086089133, -0.0139123297090926, 0.0007686284176491066, 0.0014992104857802357, -0.0016504969159576253, -0.01119578157145923, 0.011198507412519095, 0.0010561357806975484, -0.014789902005853972, 0.007109500722718063, -0.04223796336483868, -0.003089724224687264, -0.0006559939669683677, 0.027727509365934454, -0.008536495822188172, -0.01689464184728067, 0.011099107489755471, 0.01786447978269834, -0.02154957057067675, 0.00048429209896237794]	1432488543659
[0.00045636395623565765, -6.200368134270037e-05, 7.645608045755994e-05, -3.677386429946543e-05, 0.00018988020353668975, 9.962964368823867e-05, 0.00028837587215764884, 7.636534669700259e-05, -2.402978769535663e-05, -2.4915430561491735e-05, 0.00021636506329173033, -0.00012390929753368845, 0.00016217959179419368, 6.383304493765831e-05, 8.300985324339722e-05, 0.00015978342110006233, 1.4742862454392176e-07, 8.856819280495605e-05, 0.0002732338833693901, 3.723092950934831e-06, 5.068167583327625e-06, 0.00035848424888778924, 0.0005929295754117466, 2.6876620332256755e-05, 0.00018632738679613307, 0.00040774530684207876, -0.00012870522503136128, 0.00015307626196118217, -4.970517804616477e-05, 0.0001892652957811428, -0.00013201654448570014, 8.327543953741623e-05, -0.00010738874554691904, 0.0002672263085268993, -0.0005572488427266562, -0.0004364129663225965, 0.00025183862595452237, -0.0001982445355263297, -0.0002034262354156097, 0.00026964971956313765, -0.0003528547239277348, -7.63482964375239e-05, 7.967662337249268e-05, 0.0004226059960862073, -1.61285027468503e-05, -0.00043813622943546286, 3.474972800947068e-05, 0.0005057952267003102, -0.0005197970848015238, 1.5335343191412854e-06]	1432488556661
[0.0024149038817309356, 0.002806537232933718, 0.005191271738317758, 0.0028322727538911633, 0.005046589853886125, 0.005096021967213067, 0.0024782686792616964, 0.009926627491712853, 0.0006714526456442874, 0.0024920872871654898, 0.057804200172409836, 0.018487820554430916, 0.05793299504709817, 0.008174348925579729, 0.06980050846963216, -0.0010945233737335313, 0.013144133285979073, 0.26569838348867003, -0.0021642807333545353, 0.045206345379862505, -0.03569785437599808, -0.024087638087494118, -0.013433678000216696, -0.05414052128884884, -0.056425683725378595, -0.0020147123388626685, -0.005080688135481439, 0.014775084339521691, 0.004823636678619565, 0.0026699301881482635, 0.0006104359184493322, 0.015776262701119315, -0.007441924457559837, -0.0006222534612970761, 0.0030161997555864487, -0.0021289057588710775, 0.00024688361290529644, -0.006884875175871735, 0.005567430922868465, -0.005318989711150335, 0.0019310782163481338, -0.0012247558077939386, -0.0004346721637163166, -0.0013172944811862958, 0.0011144850259050423, -0.001482932421509431, 0.00012964411975107258, 0.003698302627044234, -0.002622420926637687, -0.0007961870439319298]	1432490393659
[0.00101742637751791, 0.0010822011270921433, 0.0012957862732687468, -1.6954341122298385e-05, 0.0035424410812528056, 0.00048214324764936454, 0.0005066098166264336, 0.00045171729410101104, 6.70435543935159e-05, 0.0017218929563788483, 0.006074740627953365, -0.003583756383872265, 0.006040359262805558, -0.0009805892300932032, 0.006081135642364399, 0.00017135665846753503, 0.000824687214741906, -0.0008485334675178225, 0.00041803040494652597, -0.0010448448144089152, 0.002463842922842712, 0.015000303957297267, 0.0014589054798171137, 0.0050345759896810414, 0.0026085262055199937, 0.011578371660873147, -0.0011620832375850757, 0.014364409195968538, 0.007926800778415123, 0.001844017961943587, -4.5019439968260036e-05, 0.007555292677720975, -0.005925055408834866, -0.004265501500752782, 0.003950564001661487, 0.007790872383973645, 0.01182131897934924, 0.011294977472115279, -0.001641796749492875, -0.004376639896782452, -0.021725363477596175, 0.0035004428680830133, 0.0035912667630482284, 0.017188583680225945, 0.012727043200095597, -0.027136300195969652, -0.02051844882726106, 0.03533284058915076, -0.0014124266870120241, -0.01624488981832277]	1432491399665
[0.0011041550492362476, 0.001150436801932995, 0.0010361767925876047, -0.00015241946509705374, 0.0017504659640904048, 0.0018150295734109848, 0.0009904201958308846, 0.0009093706707185761, 0.0009424308324357709, 0.0009706294054603443, 0.004196995852512113, -0.00011802164371583723, 0.0072607261362922955, -0.00025966663807320135, 0.006518217783992481, 0.001025672525021821, -0.0004138000313182729, -0.0031692474405110556, -0.003714662776226121, 0.0005371560903298503, 0.00015754040874456628, 0.00041433841621453277, 0.0017887671402967745, 0.003019465811837858, -0.001323116007903634, 0.0016397780964498003, -7.55464315739942e-05, 0.0018223728784249377, 0.0005638570520770401, -0.0002837983435682258, 0.001192266447808232, 0.000810305594856863, 0.0004775979227295124, 0.0011460706512261784, -0.001089968346061939, 0.0021550185225885352, 0.002021640849676691, -0.0006031236136958612, -0.0002692968341083004, 0.003263281937409988, -0.001431992128448598, -0.003274336175064915, 0.004578777484450507, 0.00039287298808963355, 0.00025388009706971707, 0.00017311300811231341, 0.0024505252541554717, 0.007296270112127225, -0.0008617749386665801, -4.3413440519080055e-05]	1432492857663
[0.00022565901532967307, 2.8805399267499528e-05, 9.803326786090316e-05, -1.1426331996488678e-05, 0.000131879368503036, 0.00013151329267921679, 6.39773639154953e-05, 0.00012658859469325757, 2.0693305841328374e-05, 5.5213033618456355e-05, 0.0003240846651727995, 5.534163275085843e-05, 0.00040990505908861157, 4.129734166995349e-05, 0.0002697658142891823, -1.8253024996113096e-05, 1.959936014608138e-05, 0.0003774520551876261, -7.13790956898603e-05, 4.049609620548799e-05, 3.134349431136873e-06, -2.6099980228524325e-05, 0.00015020418008954487, 0.0004931855930968669, 0.00034888605071439294, 0.0001369855988185459, 0.00011165192844199862, 2.1375820838528e-05, 3.721937203183211e-05, 8.289352412920429e-05, -1.3255114497468541e-05, -0.00016628889372448066, 3.765459245325492e-05, 0.00030655174921228896, -0.00038326587687902456, 0.0004473740762916883, 0.00012912186358530453, 0.0006189312006430976, 0.00012787229258901106, -7.152706613183267e-05, -1.0295984027426648e-05, -0.00040456507373507714, 4.597778336932701e-06, -0.00015420484002316774, 0.000417078822200987, -2.6736214448457862e-05, 0.0001681350117302613, 0.00016642344892006745, -2.6035484651298983e-05, 0.0001221867185204914]	1432497494666
[0.007107741944011092, 0.010319099946718225, 0.015370523029549098, -0.0013772141332890396, 0.1296322557133995, 0.2959283065053752, -0.06765169460427452, -0.013034722832114251, -0.005039154477253815, -0.05247444931207914, -0.015064457513040537, 0.004033892605662668, -0.010123043683393368, -0.0010327144797950007, -0.007100875472790584, -0.003737448068983389, -0.0006255934774029569, -0.006101397329278503, -0.001044996788231599, 0.004027458716450308, -0.02118470061493948, -0.01583656694611678, -0.007023151140400241, -0.004107280433596208, -0.0013195512042049377, -0.001415369044376438, -0.0009272660483292881, -0.0020184748916356444, -0.0014286756504450545, -0.0008789777089409136, -0.0012977742478282974, 0.0005992641790848856, 0.0005791534344745241, -0.005121914904594457, 0.004726440157918955, -0.007207315722346884, -0.006826672028511498, -0.008137567495190855, 0.001524822198899808, 0.003874132256805295, 0.00013988003484030213, -0.00023614987360900123, 0.00022510683251711266, 0.00045208757373518176, 0.00010176470412717888, -0.000756989346875534, -0.0019753252977486526, 0.0024902762672787686, 3.17826493454591e-05, -0.0007746201887089489]	1432498355660
[0.0012644507436006933, 0.0005687693193262963, 0.0023337286510525285, -0.000715594243984972, 0.0014166604392753018, 0.0015074864072958435, 0.00023173167512956225, 0.0012022504155916793, 0.0004751844585417266, 0.00036905690111580685, 0.0034049593278848937, -0.00011467705757509587, 0.003552693852819076, -7.100887412361962e-05, 0.001452485069391163, 0.00019787422113374398, 0.00013679882761378695, 0.0008055031502659526, 0.0006261419367986227, -0.0004036470446721699, 0.0008706218435812615, 0.00028577698292585134, 0.0024381568097345133, 0.004025346361126428, 0.0014287800713216091, 0.001093951728984909, -0.0001828350657775309, 0.0015009357673046871, 0.0007326275410537953, 0.0008904095579196376, 0.0010295754773155265, 0.0015788872412276606, 0.002256216317474005, 0.0026460876160848534, 0.002259054786543163, 0.0043402105456114125, 0.002210278699262307, 0.0012329540787575336, -0.002349993013538525, 0.003852096301672051, -0.0004075615916427194, -0.0009936741369109923, 0.002189270130662146, -0.0012978420583209906, 0.0006582071678672542, 0.004240682241663193, -0.0034351155425141706, 0.011617159306720845, -0.0006272217963734575, 0.005759926230229818]	1432498725659
[3.954865470505382e-05, 7.923496509485314e-05, 0.0002198802880977269, -3.2844645353097126e-05, 0.00023897167231982092, 0.0003357147302765138, 0.00011611380671872882, 3.565561135302461e-05, 0.0002530377159838158, -3.816695641363998e-05, 0.0004743802879483534, 9.982706971622752e-05, 0.0005974004563815221, 0.00013468374089426082, -6.068568016749584e-05, 8.49808531201494e-05, 4.296442245421338e-05, 0.00024463893323377323, -0.0001099328639879133, -7.813421666883445e-05, 0.00045444144669635675, 0.00011112695318173285, 0.0003997273761516944, 0.0003937925692784308, 0.00027113360266326517, 0.000383607956743642, -0.0002143051718909933, 0.0004096954889496062, 4.306233755252407e-05, 0.00021527850715151792, -3.271349385316579e-05, 0.00010690525561859024, 0.0005352169835595774, -3.3655322863729515e-05, -3.2159825898049645e-05, 0.0004035120000372033, -2.364167126330302e-05, -3.5160961942839175e-05, -0.00036097638749822887, 0.00034042253598763665, -0.00032099359923929983, -0.00019273958806949716, 0.0008680329797204423, -0.00019591577541792693, -0.0003404254524182059, -3.322765381909365e-05, 0.0004460496610956201, 0.0010988345145496866, -0.00040608459282859825, 0.0010382989544618561]	1432499857660
[0.00034256986400698193, 7.464322569041147e-05, 0.0003803888729469126, 9.768093691621805e-06, 0.0005208491134354512, 0.0001573972007013201, 4.827413795493196e-06, 0.00010710084293095755, 0.00010792465165663504, 4.794767789179508e-05, 0.000878800766449897, 9.026361790851082e-06, 0.0011836508015031265, 8.568656796749245e-05, 0.0005112672122252628, 6.972656233371426e-05, 7.678061715747944e-05, 0.0006021996081904378, 0.00021697582981191764, -0.0003181252483983555, 0.00011856247666536062, 0.0008029786989495674, 0.000445614133765962, 0.0009072330162531639, 0.0005914160713930712, 0.0006495024509046305, -6.615222396113356e-05, 0.001126654755534505, 0.00044926643876418317, -0.00021925781560513084, 0.000575097069866889, -2.9833773658132266e-05, -6.018757970292619e-05, 0.00018765852232800498, -0.0005780300071668741, 0.0011033663315029964, 0.00017026161330684235, -0.00010926849375846353, -0.0001739780323675456, 0.0004020230847992961, -0.0009501016017166962, 7.333291050921498e-05, -2.8500048889594038e-05, 0.0002589107331898596, 0.0003975227439394417, -0.00040703493658891354, 0.00010336715401899469, 0.0005927318352570298, -0.00035211639663254476, 0.00029968577128914074]	1432501394660
[0.002144502482434083, 0.002502011804625882, 0.0043582213163068945, 0.0004097243840529543, 0.006181431181148035, 0.0063239036451559465, 0.0029137168654364437, 0.013078051094329749, 0.0006093282990200684, 0.002850354689112433, 0.07657137850718942, 0.02485788545936778, 0.07809676691687073, 0.011102941211076365, 0.09425838199108293, -0.0008873661470486228, 0.018085370685933258, 0.3643782566008386, -0.0032777833662435978, 0.0638208907782889, -0.050730929192223585, -0.034493174011375596, -0.019962300234891293, -0.07812933086551485, -0.07952292378510815, -0.005284099882905537, -0.0062890910923375344, 0.011445963216226214, 0.006496004621919028, 0.006827020435305352, 0.00034614224946202327, 0.021521962558886505, -0.009429956387280863, -0.0002447978151284833, 0.00421070378454634, -0.0031466267170383515, -0.0010699954984972435, -0.0077324146271229134, 0.0073566851332413676, -0.012236809075604264, 0.004560511530917534, -0.00241744165656704, -0.0008480810276221078, -0.0015290645896101648, -0.0002282407537417199, -0.0020280860857563644, -0.00020376516882396464, -0.0006201533898503116, -0.000552819092178025, -0.0019889810940209914]	1432502454659
[0.0003634636685726067, 0.00023581170954347253, 0.0004652999373799161, 8.614071498946162e-05, 0.0007212838102185093, 0.0006059073596979324, 0.0005622239229781752, 0.00013478987255038336, 4.144750586421873e-05, 0.0006607310265541146, 0.0013848002922012684, -0.00021716597401015927, 0.00047674363445227366, 8.852568709890903e-06, 0.00012086119107863476, 2.2288484899152187e-05, 3.3836325357151756e-05, 0.0002164147875278166, -4.658538431636225e-05, -0.00019628023536392004, 0.00013802526116689023, 0.0004224736376340589, 0.0013662607336498605, 0.0008337167863200211, 0.00012126394569319982, 0.00029060951097673905, -2.5142481311812384e-05, 0.0010686818649994964, 0.0003891976713303035, 0.00023985355512737665, -0.0002010571849732934, 0.0002722873926616173, -7.451198104790991e-05, 0.00045357810209748097, -6.920461954352348e-05, 0.0008889567800794051, 0.0014296979174946772, -0.00018508835521198038, 0.00011414761799107757, 0.0007143243606785427, -0.0009770774002802278, -0.0001831093834362224, 0.0010445766364364484, -0.0003517396991403747, -4.1453664380066774e-05, 0.0003646958197409696, 0.0002677765026322323, 7.011937306302108e-05, 0.00021130235656826064, 0.00023416611576306657]	1432502457663
[0.00018809294123709488, 0.0006949489605194924, 0.0034002188291220644, 0.006942742552797271, -0.00032973726177802523, -7.428404550950538e-05, -3.472053766370767e-06, -2.1994854163662692e-05, -1.1470651171114214e-05, 0.00023345547408547713, 0.0016239541789552956, 0.0009444735793667148, 0.003552644676617622, 0.0011026254272629686, 0.01320015237433868, 0.004663483793687103, 0.4678862127962756, -0.044271785095719766, 0.01578056577643036, 0.10777905129530092, 0.0075234710201192035, 0.0027913353271526204, 0.00013371312643597848, 0.0013713900534877668, 0.0038680342354336862, 0.0016716201166476067, -0.003369431945755644, 0.009949008192187395, -0.0003755987461524206, -0.0029494358428597592, -0.0007222111146894009, -0.0006824870705829684, -0.0005553599766216648, 0.00015514349833531732, -8.126611711020782e-05, -0.0010492849371872908, 1.964536938392344e-06, -0.0006595828022398514, 0.00024289398055459858, -2.3329977853072203e-05, -0.0003173303627797988, 0.0004093303321034419, 0.0001769276224040014, 0.0002087127907608025, 0.0007237609672238271, 7.473514682722088e-05, -0.00012055287480274062, 0.0002002105376422932, -0.00023584953325323123, -0.000322042927143224]	1432505110663
[0.002000732558982856, 0.0022581329069143543, 0.0040813615894786225, 0.00041382828105301884, 0.005667774159398887, 0.0059630756500806004, 0.0026483020640386675, 0.012268239616025637, 0.0005923784261056935, 0.0026431472550619106, 0.07258939703841058, 0.023773762278126498, 0.07406015356695522, 0.010641047781118837, 0.0908880299243856, -0.0012506854147321597, 0.01729224328964151, 0.34896998354327513, -0.0030495499703485193, 0.061096849272201444, -0.04887680536416892, -0.033047729530687506, -0.01928149910357885, -0.07529765221907687, -0.07595627776236248, -0.004949389370970596, -0.005962386208881205, 0.010648133825892728, 0.0060591871059507895, 0.006273791569727916, 6.125254331138671e-05, 0.02080063987496897, -0.00904376154886379, -0.0005881779593420127, 0.004070051589049869, -0.003833568768843047, -0.0008424087569826876, -0.008068437843300762, 0.0070987695569604495, -0.011429120889510121, 0.0040536550487811724, -0.002317746560989592, -0.0010807639414988635, -0.001357141076521633, -0.00031573872226407237, -0.0017595824972267643, -0.00041748500003981856, -0.0007570987022251842, -0.000656761367885423, -0.001760290894357304]	1432505346661
[0.00035138095406762947, 0.00011227259261407433, 0.00018581736136551633, -2.033995054925821e-05, 0.0004061522617316135, 0.0002694466498250475, 0.0007852562665768204, 0.00023225733052864182, 1.9583430319886593e-06, 0.00017496103470839743, 0.0006801876811135394, 1.3792060582031378e-05, 0.0007520533515272659, -2.883743266540067e-05, 0.0003837699896886143, 0.00013839318015505906, 1.7331202622006183e-05, 0.0003183509914758686, 0.00010889556187688053, 2.5978101050167065e-06, 1.721077430166892e-05, 0.0004746307606056271, 0.0003876262599438038, 0.0009402862420295367, -0.0005688887550274448, 2.899397079196989e-05, 0.00014254164843770914, 0.00035450318092868956, 0.001029513722020741, 8.937703092756285e-05, -0.00019140179706234853, 0.0001310266360748844, -0.00021614684035445292, 0.0005620571046304762, 0.00017083641143935655, 0.0010747712541268725, 0.00035631163828013935, 0.0002197336237556694, 0.00015772097979955274, 0.00013224126789307067, 0.0002396003850913096, -0.000744699190586485, 0.0007590654977789453, 1.703697690147112e-05, 1.0041633693443137e-05, 0.00028545841446677225, 0.00027957909740779246, 0.0010933886957702405, 9.553997760521097e-06, 0.0005289505805313505]	1432506155663
[0.0010426904507345961, 0.00026459445281628083, 0.001030317299759145, -0.00021480549501085686, 0.001494936494664824, 0.0018437366387335746, -5.4939032753979234e-05, 0.0003042505901072553, 0.00015979351595652323, 0.0010671295357696092, 0.003004718815826696, -0.00029800162121244243, 0.0021723597746624293, 0.0003388096630031763, 0.00016441874384692673, -8.736405645990684e-06, 0.00016998758622164178, 0.001038314290863274, -0.0001277142667028806, -0.00019403250297757535, 0.0009478586148863922, 0.0018628034788482867, 0.0020192124575849984, 0.0020304554052941602, 0.0008852854158509008, 0.0018688077563090671, -0.0005994725638797942, 0.002441368623363577, 0.0014827290383598098, 0.000875708714687345, 0.0004314826607148768, 0.000987454140834959, 4.90542597318784e-06, 0.0006429777544636477, -0.0009416930038046648, 0.0016817516667337535, 0.001742839140585324, 0.00044159324223239224, -0.0015374594584065212, 0.0034779939897835953, -0.002038958485436815, -0.0027091594449203233, 0.0001025013845083364, -0.0008147031388547134, 0.0014223398440186953, 0.0015424252335070002, -0.0001327804335237989, 0.00212898331114386, -0.0008694768200994008, 0.00041024583980254115]	1432508079662
[0.02611793993030958, 0.03871973931246941, 0.3947087392832646, -0.20574927911780963, -0.051764624839466575, -0.005316953589557906, -0.010733034655087662, -0.004868399950126734, -0.0037970336540362293, -0.002634210768753878, -0.011019096138798888, 0.0025058805073195434, -0.006626259604507191, -0.000753487804182844, -0.0036220305350377784, -0.00023777004724902703, -0.00047410915694198687, -0.0016727905821403498, -0.0013089892388124197, 0.003750046232789491, 0.0013845874797742063, -0.012729409566246672, -0.004442356650340149, -0.0046065801176137875, 0.00020365185990577447, -0.0016487781386608123, 0.00032424001767851636, -0.004662797566491757, -0.0010544642133450913, 0.002102460679981086, -0.0007710995657070569, -0.002817376155878466, -6.148410915998263e-05, -0.00015980611382284286, 0.0010757466962565713, -0.0014156880460076118, -0.001379090802654064, -0.00107557496430165, -0.0012278160211191156, -0.0023060955971340585, 0.0009577308559461194, -0.00033437981719834295, -0.001581792656533302, 0.001970061909958409, 0.0009063845755921477, -0.00017824974801653942, -0.0009244205865977957, 0.0010167570480225604, -0.00022782047894462723, 0.00043222268761550876]	1432508613662
[0.0018301113626661843, 0.001503634603456618, 0.002076104717019637, -0.0005070675463435425, 0.0023941732925880158, 0.002518181316947191, 0.0010503789513366451, 0.0020855095294956224, 0.00025259803114912086, 0.0007139201298847599, 0.01098867544794466, -0.0010459456036242373, 0.018334235309250234, -0.0038788873801124417, -0.0053328293142890885, -0.006713959708497708, 0.00032620348846039855, -4.331998258352258e-05, -0.0010370910432861075, -0.0008562380609191467, 0.003087744973090915, 0.0077364777167687904, 0.0019230892666413212, 0.019743180317394537, 0.0021612851190593724, 0.012827299613877872, -0.003958809027220251, 0.015628557615697727, 0.010135624278980408, -0.0038274242281986113, -0.010426197945651614, -0.007479647996869026, 0.08027094203874073, 0.009141538053836832, -0.17316144836013933, 0.44331644702496975, -0.04286883451271539, -0.3555648522861982, 0.000980092370016563, -0.029299752859370663, 0.004098315032631293, -0.0036305878563428827, -0.043808261156479095, 0.011705444684642742, -0.013687354553971689, 7.666988558774571e-05, -0.030456403773912726, -0.038357092522580426, -0.0022280743175284038, -0.0395709272781988]	1432508810661
[0.0005060352640357612, 0.00023428603503575216, 0.000326677477524688, -3.285272722976729e-05, 0.0004804517103560426, 0.0003778094724195009, 0.0004484776376000684, 0.0002489260351265548, 9.429578982149415e-05, 0.0001118607943530415, 0.0009763320749970502, 0.0001925758576970864, 0.0008138341714861399, 5.138824242396624e-05, 0.000445805278574353, 0.00012135600335763682, 2.3273063174339924e-05, 0.00034820938981059053, 2.1013144809850712e-05, -8.917910299524266e-06, 8.468645122339029e-05, 0.00046008505826497336, 0.0006751562053259487, 0.0013080023238821376, -9.699654671598287e-05, 9.623608477732685e-06, -4.810417014644942e-05, 0.0007479635056146266, 0.000790061088421633, 0.000478520980624165, -0.0001262104186769686, 6.33764900172697e-05, 0.0001433465804270793, 0.0003331386675189326, 0.00019362850497933477, 0.000934578046063879, 0.0014819773396961122, 0.00020622927109334753, -0.00028281882677121833, 0.00017767421125460399, -3.8759200873750474e-05, -0.0006947551388973467, 0.0006584879042735724, -0.0003481824174352483, 1.4443012096024378e-05, -2.914605889288267e-05, 0.0005111005690406319, 0.0010312268187795323, -0.0004714516329246185, 0.0006308237110207119]	1432508926664
[0.00222196520109272, 0.0027085451665717474, 0.0016693310294927243, -0.00019849380280803687, 0.0021913296188320994, 0.001917232646874041, 0.0010400750711013686, 0.000962251711488489, 0.0019417454008298799, 0.00012810560466548684, 0.005078045876892266, 0.0012682054991128436, 0.005453139962518839, 0.0019546659471387814, -0.0011353665908801205, 0.001928251941533647, 6.606743131371822e-05, -0.00019758930270715168, 0.0020395976759147905, -0.00047148716623137885, -0.0004180128751148632, -0.0017520176351557082, 0.002739567296645659, 0.006604224732875421, -0.0009066813627469238, 0.003560303892060876, 0.006251439749866822, -0.002297457706212102, -0.004397573004998196, -0.007528244510998715, 0.0018906915593204796, 0.010114800403734183, 0.006819464840242288, 0.01727835588522224, -0.0064175567318550735, 0.012604823600770039, -0.0035148305823687253, -0.0020020824445479064, -0.008673815473439308, 0.004515588233275298, 0.0040904725084528375, -0.001780735620418189, 0.021644244952717565, 0.010776141933795743, 0.023178020196683687, 0.015483335267528821, -0.02589468171871944, -0.001044510044587395, -0.029639081940503065, 0.020152114473780878]	1432510257665
[0.0016707996867192931, 0.0003125979408682016, 0.0010144582299797008, 0.0001408339711808709, 0.0008850960946576646, 0.0007904106236090609, 0.0010959978261568788, 0.00045880564723923986, 0.0010097346394982384, 0.00044615725046648374, 0.002965303612128347, 0.00018022197276667276, 0.004512812683634035, -0.0005575838357303212, -0.0009031893442162221, 0.00029014194588361557, -0.00034567818335056746, 0.0009384857877198782, 0.0008551818697791597, 0.0008148347217962478, 0.0009223431495067099, 0.0009616358843169192, 0.002363165387805017, 0.002973972867224692, 0.0004075254561705946, 0.0016295584277822546, 0.001124899693422283, 0.00031098328777342757, 0.00025915044460525727, -4.066086776268456e-05, 0.0004019774047685472, -0.0007653017601964744, 5.4080552047479524e-05, -0.0012517048903090543, 0.002907646819939677, 0.006517419918008956, 0.002162792778897475, 0.0012693185001759518, -0.0024899356859560706, 0.006962859712906989, -0.00465975301547987, 0.007061439445524653, -0.0036877136252595516, -0.0036029340950381383, 0.0024563773162792576, 0.0018970076922718336, -0.0002243710837848518, -0.002299657411649407, -0.007295941835346843, 0.00906908582315278]	1432511802665
[0.008829628227785649, 0.00701896363441135, 0.013972100959045297, -0.005698084987836875, 0.017758335629468255, 0.02271720577889987, -0.0014327178517977463, 0.004457539040842593, 0.00033345837471394267, 0.006313589895463821, 0.04144165308243611, -0.01974477430341637, 0.03655803953925423, 0.006581135184114041, 0.02940270289857891, 0.0008767013178292035, 0.0003879021191877863, 0.02609754736543494, 0.03963907022604444, -0.015746495542570765, 0.06691503390249778, 0.41461427554225166, -0.026627131109850374, -0.02498025499994267, -0.009374174951099356, -0.006161791790971309, 0.0009639656620899044, -0.03138000386876918, -0.0231005673648034, -0.0024756335776385265, -0.008979425184756055, -0.005937023894555017, 0.0003124353080785993, -0.005742201513726168, -0.0025545937134605597, -0.006292102083299421, 0.0025181738552538485, 0.0006558148940226791, 0.01116586808139159, -0.02823201555527421, 0.008059977755028586, 0.00020646582809352596, -0.005659245516158758, -0.0066995006655228475, -0.004387557653368496, -0.0008868659813003135, -0.01256711714577835, -0.0013003727413337177, 0.009118179862618373, -0.0006868342921921253]	1432512026660
[0.001083456894588709, 0.000995680116535899, 0.000645268941892404, -0.0003582439557043339, 0.0011774806993731163, 0.0007254469344400825, 0.0005265723632182977, 0.00048391881880096313, 0.0015219197139327615, 0.0010898119014826385, 0.003693156433358608, -0.0003719666940173049, 0.007559910784181679, -0.0004989923815692434, 0.0070043591720399525, 0.0006574372131860614, -0.0007165376084314192, -0.00409594924794091, -0.005973954196061216, 0.0015600254758472796, -0.00036812741325415946, 1.875607816563629e-05, 0.0009494372109891633, 0.001733120163520369, -0.0016951827700182884, 0.0011802727495824792, 0.00012346248845498416, 0.0006862677549654016, -3.4445485252244284e-05, 0.0001021831743030825, 0.0015757204401159177, 0.0007461647016276734, 0.001182831105755504, 0.001614879492991539, -0.0012982489309508497, 0.0015313686218147448, 0.000707779002154623, -0.000574976279440696, -0.0007787931423526119, 0.0025425800791938793, -0.0010792452553732177, -0.00330855227588531, 0.0015824102145506349, 0.0008580052590375988, 0.0009161196950101183, 0.000143022169917528, 0.0009088063672956341, 0.005077708129930349, -0.00023121222091884342, -0.0014629972993591457]	1432512128661
[2.3985877238506596e-05, 6.959054929328316e-06, 4.036732613371164e-06, -8.247779450997021e-07, 2.934337764470507e-05, 5.9401671269301594e-05, 1.5345741233091947e-05, -7.667727769577905e-07, -1.5578027521150012e-06, -1.0762174431665123e-05, 7.426301942387634e-05, -8.620550629294377e-05, 3.3065564269200113e-07, -1.8551640776395646e-06, 4.445129835207698e-06, -9.480256339049812e-06, 3.205168840874081e-06, 1.1733902500192402e-05, -4.911067392318807e-06, -1.7500031797884264e-05, 5.570675492350956e-05, 3.884015703090286e-05, 6.384699974167539e-05, 1.3458685267128114e-05, 3.443132502426975e-06, 1.3640511956226288e-05, 9.15113119118105e-06, 5.6542637171616706e-05, -1.2900001885472288e-05, -3.145762647797012e-05, -3.88269212922849e-05, -1.0807263262786872e-05, 5.5086783435282726e-05, 6.075488935583372e-06, -0.00010128534297953846, 0.00026879427540424394, 5.824486083223807e-05, -0.00020710530626416902, -3.392007505413e-05, 2.8842460542475835e-05, -4.4915689117946123e-05, -1.7401809580808426e-05, 8.303195962091326e-05, -2.2650695811318212e-05, -1.327539533354674e-05, -1.2921294480269683e-05, 1.950593065728885e-06, -3.872150987242425e-05, 1.2296818015492495e-05, -2.5359309219640032e-05]	1432514068662
[0.004226588463765537, 0.0011166882988205052, 0.004631783233552519, -0.001946075713016703, 0.00784914713410302, 0.011012582099561553, 0.0012820451246047825, 0.001570560778343317, 0.0012505810524024697, 0.0037012364939692974, 0.02227893994568972, -0.010499803383121929, 0.007308330212385708, 0.0003238129078114749, -0.0029053081832418866, 0.002418271307875008, 0.0008359538457466106, 0.0019057391287282909, 0.0050289986561535376, -0.00019339571774951988, 0.005086687751242185, 0.014136566352966005, 0.5517465962261879, -0.1634678122927826, 0.03438778055564589, -0.0006473356055564282, 0.01796827910282052, -0.04665038128130914, -0.019801252332359964, -0.07242645649923324, -0.010518952958537274, -0.003262246692136059, -0.009287372884561636, 0.013079226029260696, -0.012959295024321457, -0.007975366921285674, -0.008867531846957625, -0.000380763683393399, -0.0025791454336425036, -0.0036681307205014297, 0.007207032148394073, 0.002145999795465328, -0.0137682466852779, 0.0031368445213573706, 0.003925873797323037, -0.0038100643427419053, -0.003264991785197474, 0.0012505977187300791, -0.003983678730798376, -0.005000257878617252]	1432517097662
[0.00026610423100524594, 5.135903309667074e-05, 0.00019888982892272096, -3.972776017660277e-05, 0.00041173565026488815, 0.00016115301930436294, 2.748045157313401e-05, 9.280378410141968e-05, 1.7532933496529467e-05, 4.6567163646275665e-05, 0.0006723090160788558, 1.6370078232604688e-05, 0.0008791230271362195, 0.00012883033728481474, 0.0004445230698212595, 8.486287658735328e-05, 1.9988126061124707e-05, 0.0005453064828669279, 0.00029900823291795914, -2.4530109306288763e-05, 8.464318733176101e-05, 0.0003145580047938449, 0.00038091721855035857, 0.0007511755893614743, 0.000360282448617745, 0.0006286618937371095, -1.3482475953471196e-05, 0.0004081074604424142, 0.0004546415985776664, 2.8336604585266204e-05, 0.00037382796493764826, -0.00015679602081899085, 2.922985861193601e-05, 0.0002658522794453119, -0.0007045340572771509, 0.001305213184945455, -8.49174319295492e-06, -6.120248905110479e-05, -0.00023231048179982752, 0.00034681516707995625, -0.00034606795869882565, -2.9252781450412806e-05, 7.56096536531023e-05, 0.00030028083965788385, 0.000421833682167614, -4.361246140282502e-05, -5.797465476342329e-05, 0.0006131007687634987, -4.006566048818873e-05, 0.0002965061826201012]	1432519341660
[0.00021842879149550111, 5.420487686981811e-05, 0.00019434039412847702, -5.723199737632545e-05, 0.0002192512921283623, 0.00015083025235247143, 0.00020548504792310444, 8.257020678339487e-05, 1.8254065171478516e-05, 0.00015505442671664564, 0.0009259794860574769, 5.3130077983538085e-05, 0.0009016852491839283, -6.48100290400709e-06, 0.0007072440526366217, 0.00048163875282597354, -5.6404283971325855e-05, 9.598293218847886e-06, -0.00039730149605393553, 0.00011651693370640993, -4.788119133237487e-05, 0.00026008077376289793, 0.0005470545497098703, 0.0006379839560881987, 0.000379411783518851, 0.0002359629213568269, 4.649380945147922e-06, 0.00028430189731605895, 0.0006941146662994445, 0.00019384521533013336, -3.663583944854592e-05, -8.112191930086002e-05, 1.616199425073476e-05, -1.3455824623804581e-05, -0.0003927628526270513, 0.0006183020939735483, 0.00027758021623405424, 0.00038037714577146363, -3.018138654915483e-05, 0.00010813887282797929, -1.8824104832387123e-05, -0.00041270393191949084, -2.585904176385462e-05, -0.0001931916076577379, 0.00046843761624627134, 0.0002194633880487232, -1.5439933063795873e-06, 0.0005831505983333383, -0.0003466014224794807, 0.00016264339635909536]	1432519816666
[0.0001841830163315917, 0.00013981127503381622, 0.0003283858089809163, 3.366846853546341e-05, 0.0005706536624118452, 0.00044731517557878507, 0.0003109608042179868, 9.275201081480533e-05, 6.490199374798991e-05, 9.360980412053346e-05, 0.0010360396410109367, -4.52724475745045e-05, 0.0012200225777016318, 0.00011463242983019213, 0.0008775371112207243, 0.00015454973748673168, 4.450168468601294e-05, 0.0003550182631820377, 0.00028136686210091183, -0.0002547506511354935, 9.656185437349736e-05, 0.0005279313544151812, 0.0006759126974447159, 0.0007892363820475215, 0.00028668491194441614, 0.0011428124784947501, -0.00022444961846949466, 0.0009389985573153081, 0.0004397577943386639, -0.00010955575158692333, 0.0005050051818671955, 0.0002947173247866636, -0.00017824649345517767, 0.00025948682247032315, -0.0007700039394649079, 0.0015815035655622526, 0.0006354293184310722, -0.0004355410070398792, 6.642983961808791e-06, 0.000656239838844603, -0.0004266854136373238, -0.0003908241105514252, 0.0003126947266043316, 7.606872813170771e-05, 7.93447967478498e-05, -0.00011245598275637473, 0.00010516511828440094, 0.0009371396571479231, -0.00037471430509896313, 0.00028514725013567945]	1432521774663
[0.002472274194549812, 0.0034091972463377637, 0.00218220255079496, -2.7915098878143337e-05, 0.007259991344037095, -0.00015318326553052705, 0.0009533100687494357, 0.0024271942676539877, 0.0007683284195726408, 0.0016431165495648533, 0.006154066141629747, -0.000917222668891576, 0.00769712130970933, 0.0019951923415178355, 0.0004644178080463468, 0.001171557542237712, -0.0007677204660185524, -0.0015996552596201892, 0.0012699595231953527, 2.6785819599428837e-05, -0.00304047162531661, 0.008742856261862959, -0.0016120351158881697, 0.016723080685082162, 0.007073764895070606, 0.00804424172035862, -0.011432542403745262, 0.019910320270435898, 0.02115761496313644, 0.02758435626614256, 0.009499967951714665, -0.022797949407056053, 0.008988790504491515, 0.046081540628108666, -0.06677323283079342, -0.06565522573958801, -0.013019044253477571, -0.005096235371717606, -0.001103356311458729, -0.0027944546051025254, -0.15277387891743946, -0.033253809858592734, 0.00820051327057793, 0.007533247874264928, -0.023566140898217562, 0.1660073576956526, -0.027555356372444845, 0.08335731537683798, -0.08058309380042078, -0.028954648019386377]	1432528065664
[0.0005153140981891688, 0.0005223302883222151, 0.000540090326872787, -0.00011960983334656545, 0.0009857322803076825, 0.0009550874133166993, 0.0009340755592827584, 0.00024729454979317605, 2.4817188120213153e-05, 0.00011981283365754784, 0.002071974167450267, -0.00022089023896853198, 0.001892136661195996, 0.010199025408040189, -0.0004845134982315078, 7.410318110233633e-05, 7.67210118230002e-06, -0.0003034361021680672, 0.00023294700174826067, -0.0002134251520546516, 0.000344281218561048, 0.00029806206359682874, 0.0021178798646386233, 0.001669972776236491, -0.0004021975851923566, 0.0003537370270579937, 0.0004234903024212162, 0.00191532741294391, 0.001230973572257573, 0.0004869790600813538, 0.002314895508192544, 0.008473536915859852, 0.016426298398580928, 0.0004972477887982183, 0.000685639738546181, -0.0005147038492060257, 0.0006724662815108298, 0.0006836063439626405, 0.00013710166067152182, 0.00024600852791190693, -0.00042838412247993686, 0.000616987156279792, -0.0004951588178414206, -0.0011303908269191352, -0.0007500420914565802, 0.0011942865650997035, -0.0007917639411721765, 0.0016446315432741227, 0.0016360775139044935, 0.0011048141232414895]	1432544959657
[0.0002756302224490814, 2.773889555446285e-05, 0.0001996245193725355, 2.6365374921851668e-05, 0.00020462341158643894, 9.48263300097104e-05, 5.483252694625215e-05, 8.242760960912466e-05, 2.0097190844611487e-05, 7.072569111175649e-05, 0.0003641379645707806, 9.436433762961603e-05, 0.0003480455556028956, 8.825821333309175e-05, 0.00019070110248842293, 0.00012514736976667384, 5.654567271811022e-05, 0.0005306009512221787, -6.118227507366179e-05, -6.716058165920337e-05, -5.205020740255973e-06, -3.133299664106558e-05, 0.0002783159289110499, 0.0007255862073110771, 0.00031063959157585024, 9.689105509143707e-05, 0.00020138182824499092, 1.3694805074723417e-05, 0.0001306586080098225, 0.00016086462389496267, -9.044808434263269e-05, -0.0002406688663254785, 1.7905116666626205e-05, 0.00029663645568186287, -0.00038941068111528426, 0.0004236832645534367, -2.0270406875648995e-05, 0.000632271933270099, 0.00023371196591272846, -5.081973094613473e-05, -4.142927478940459e-06, -0.0001468364527702709, 5.3029325363146524e-05, 9.447651873936502e-05, 0.00043139836450985594, -6.018746110557967e-05, 1.1578717037328015e-05, 9.403920106270622e-05, -0.00013037157597484904, 0.000318513114914582]	1432544977664
[0.0015731451886584257, 0.002212549010915986, 0.005721510075190286, -0.0005322765185565426, 0.0035592558876694617, 0.0023810501679830875, 0.0012813134081591105, 0.011645565683070264, 5.50113128934588e-07, 0.0014089814984661335, 0.016328554148817592, 0.005087095628377819, 0.006481048444915027, 0.003937618080915897, 0.0058414268895693395, 0.00020437615509489728, 0.0009748339465162339, 0.012303530493116284, -3.906832061551527e-05, -0.007119905346318027, 0.0071349357672189926, 0.0074194822025880364, 0.008115800151046234, 0.10504713093750251, 0.12049601515256361, -0.027783894016567005, 0.014426869532795063, -0.00343320159555678, 0.0012125239169231564, -0.07365666172501525, 0.0001596239314160563, 0.426567663491637, -0.18811587407489444, -0.05497684507892557, 0.0020814072562724524, 0.0009990615457677323, 0.013365371985679468, -0.02195182284442856, -0.008086034483626407, -0.0169379471950822, 0.02117301850892757, -0.002849922591864469, -0.010015440989517656, 0.00419929692313415, -0.003821319540592487, 0.0030932058434911093, -0.004461715729378421, -0.0011201468771503814, -0.0004632134424783134, -0.014521971369765168]	1432551719665
[0.0022862872406935976, 0.0026510902532881383, 0.004318975015525183, 0.0003368546967045781, 0.007205392172975928, 0.007513473756863788, 0.0020359755854854967, 0.01003688826751582, 0.0006478655699025358, 0.002835319904503137, 0.059870686072427834, 0.01838551058972801, 0.060903596388321685, 0.008670137649329094, 0.07347316622639478, -0.0010599482019668653, 0.013879830876763553, 0.2762569625681777, -0.001999896682233498, 0.04736336125243517, -0.037788352881539984, -0.02417530816977827, -0.013492409615371057, -0.05625929152650049, -0.05857692648018127, -0.003021456724097188, -0.004603576163848271, 0.011595409382137172, 0.00474734981163643, 0.005061593835410357, 0.0016649896295293579, 0.016031032282211245, -0.008757362146879229, 0.001625380525034883, 0.002543551363791042, -0.00211791149016544, 0.0010526728443793708, -0.006887889841034618, 0.010123441428890455, -0.008150126742835028, 0.004056585307992531, -0.008141467730624135, -0.0006016906427324716, 6.145070928114333e-05, 0.0013024585750765708, 0.0007289534665520222, 0.0015102842912007952, 0.0022172267369575784, -0.004898364961700458, -0.0008090194730287276]	1432552774665
[0.0007558669826451703, 0.0015804739846655984, 0.0013537872734085354, -3.5138003266308896e-05, 0.0033508437270812715, 0.00542549706320981, 0.001393061512257392, 0.0004984610062784463, 8.704969654086462e-05, 0.001134339884035929, 0.0038635519779348622, 0.002686415311199702, 0.0009765406742325875, 0.0052677981730563875, -0.0015615005791751275, -0.0013171281921202616, 0.006423647618472604, -0.0010976263610209872, 0.0011517815128199043, 0.003832840637988784, 0.011550706328017305, 0.009407087911549615, -0.007838909197048485, 0.019096564794475256, -0.00410354196010269, 0.00588218352106436, 0.020468697644500412, -0.0148354114722427, -0.002410627425325904, -0.005578228647429611, -0.03016245652167193, -0.0072381861602657535, 0.004765515249259081, -0.019986429892321713, 0.003655744533312776, 0.00012838966337803886, -0.01576921054216787, 0.03732968867377886, 0.020614752934864856, -0.050841604961433334, -0.0024142093294794876, -0.03743985387571801, 0.1149112336593432, -0.07047990682028622, 0.13776398457799333, 0.06970483662238515, -0.0027957882911987617, -0.021545632583721597, -0.07934798596477574, -0.023668917017311455]	1432552919662
[1.9700245497632837e-05, -2.8047495593049453e-06, 8.402657225943114e-07, -2.874659063971617e-07, 2.5769960855117465e-06, 3.076567430923123e-06, 2.154005685116505e-07, 2.0158282924371156e-06, 4.0066417764836714e-07, 2.197904851993401e-06, 3.229656648753257e-05, -3.061723866247057e-05, 7.163342064918836e-06, 2.7599866657192797e-06, 5.4841035904492775e-06, -2.1065917725843605e-06, 8.174276500301095e-07, 3.830005683638068e-06, 1.710349073165476e-06, -3.049658941823622e-06, 1.1852990208029582e-05, 5.5623089162544893e-05, 3.286286191800613e-06, 1.3214605866490008e-05, 1.4059393275189633e-06, 5.47706441751721e-06, 4.425029641982894e-06, 8.356735300930513e-06, 2.6871215698449224e-06, 4.521210801603125e-07, -1.1397648263703929e-06, -6.61279659475701e-08, 2.5533056530523322e-05, 8.518476097958282e-06, -4.3853435621349426e-05, 0.00013579130871373647, 9.191235277068955e-06, -7.319669831756042e-05, 1.5938820140145374e-05, 3.619241732524618e-05, -9.949343051276675e-06, 3.3586455529387784e-05, -3.0058230119339937e-05, -2.714173516416701e-05, -4.2770623063813515e-06, 3.473724650072842e-05, 1.0267470489747263e-05, -2.423935055399677e-06, 2.2857351924170844e-05, 6.901259787230166e-06]	1432554614660
[0.0018290559561117514, 0.0004966371106072566, 0.00172967392263255, -0.00017251174687765174, 0.006256761380021909, -0.0004052591106128839, 0.00013599053385360355, 0.001977047178453514, 0.00036547114514155657, 0.0003470357505557414, 0.004769195406241035, 0.0010664388610327094, 0.005570775133715534, 0.0025455757234123357, 0.0009856824549468175, 0.0002526374187842194, -8.838895454838671e-05, 0.0019236644230015384, -9.846285966899711e-05, 0.0006808498667148268, 0.0011235995971118594, 0.010940404981683905, -0.0010153442475420832, 0.006295457591168971, 0.0075582738079000246, 0.01045738203730498, -0.003444039724989593, 0.013559330947419134, 0.005248293049765017, 0.0040281837964710986, 0.002568142786638664, -0.01522753826403021, 0.0011599463616491956, 0.0008915797694199415, -0.001924280159304201, -0.010147865344139568, 0.011763945605656478, 0.0006150651896099482, -0.01605836619517632, 0.008315379520449527, -0.043958555040679394, -0.003257521397153004, -0.0011210316357971805, 0.02855966418416157, -0.009894955369106858, -0.017280549947297885, 0.011905977430366314, 0.02020319846473676, -0.0227986259299841, 0.0006201062022543588]	1432555108658
[0.0004611075758477132, 0.0002794461870349655, 0.0005493961981720882, -0.00014891246419584156, 0.0006260310095232144, 0.0005917735791317761, 0.0003162827488508373, 0.00033233368266299236, 0.0002593277847934588, 0.00014438890347497947, 0.001607196029608419, 0.00027056227797015884, 0.001683791308764556, 0.00027642610220077716, 0.00022444115421771542, 0.0001516898901104398, 3.369699960303878e-05, 0.0003617587139295695, -5.5613252325890465e-05, -9.324449710484796e-05, 0.0006086997183444863, 0.0006693861214220083, 0.0010040513799516894, 0.0018668654807307854, 0.0006906602731333709, 0.0009953764013311522, -0.0007062642160635277, 0.001415983783035, 0.0006615241277898088, 0.0007910758881483651, 2.8640012932473154e-05, -0.0002129882572869951, 0.0009760155992854183, 0.0002672507710104988, -0.00035531338595368834, 0.001164228716670416, 0.001190396352826376, 0.00019754417418354844, -0.0013202735537938205, 0.0006612265958235169, -0.0022949309218924757, -0.0009578492586777912, 0.0010643529754569465, -0.00020301692382403865, -6.079109339695323e-05, -0.0010085860708020492, 0.0005805352992235696, 0.002826517352091488, -0.00033564053756455223, 0.000763742832332847]	1432555306661
[0.002878184061531324, 0.0016340084068700888, 0.0053896753525575465, -0.0017361290052391124, 0.0050402713589568805, 0.005933348029692239, 0.0007915110299441356, 0.003242874551917903, 0.0010059105443778495, 0.001596127351172234, 0.00904853525912945, -0.0012803204797180597, 0.0058602935434821125, 0.0011570848666002712, 0.001802442707189641, 0.0006102595314370176, 0.00046506165040727536, 0.0015983786693114265, 0.0031084709640074593, -0.0010796902169068082, 0.0031351911357790667, 0.004621365847629167, 0.1029969419357443, -0.016321654040023465, 0.003534394319560424, -0.0003210251036373466, 0.0014577535577914185, -0.0013540231371365651, -0.004552918258374008, -0.01328385056211517, -0.00453817263818923, 0.004993728170461428, 0.00168897027431077, 0.0048584228153652756, -0.012041389569139034, 0.004092030458939411, -0.0019152689204976203, -0.002756078478829513, 0.006430696451657797, -0.0010492445263749193, -0.006819430393504601, -0.003156682280880282, 0.0017855492343833387, -0.0024145426215184517, 0.0007738411900138222, 0.00338347371743905, -0.01309557238393843, 0.013895013906094211, -0.003985087399464785, 0.02138818961786245]	1432557113658
[0.00024310644688761493, 3.473777880262955e-05, 0.00011451751970866947, 5.469781395870934e-05, 0.00012063680178509063, 0.0001381547398493539, 4.164676084353189e-05, 0.00013316768089445918, 1.981383833784775e-05, 4.7872528177821173e-05, 0.0003167202628909945, 7.417310429433605e-05, 0.00032924167730163744, 4.270928983948835e-05, 0.00018402025443043225, -3.8744543209135165e-05, 5.127240979364e-05, 0.0005056315039024215, -3.971051546995729e-05, -5.532980525743659e-05, 2.649141567270056e-06, -3.5831018277788865e-05, 0.00017771361265007685, 0.0005039995516844574, 0.000364567298639101, 9.07141396041068e-05, 0.00012763478842345226, 7.2783135053617335e-06, 6.68297842988218e-05, 9.490700900314138e-05, -1.8016465879742084e-05, -0.00017426747745396604, 4.466050933591639e-05, 0.00035905200014008657, -0.0003914802067169635, 0.00044476024097817133, 0.0001105187658621474, 0.0006332548497294879, 0.00010603789151596924, -8.519445580272027e-05, 2.9173074226523518e-05, -0.0004150730562917389, 4.378524455517867e-05, -0.00011251831909381091, 0.0003913711049933135, 7.975795742474477e-06, 9.357334155142478e-05, 6.561362166611256e-05, -0.00012157088185193867, 0.00016844577946617504]	1432560155664
[0.001266734448755093, 0.0016824308348572772, 0.001570782806268682, -9.883357032771236e-05, 0.0034593930223125904, 0.003935956811622351, 0.00014809850392630242, 0.000858459572198232, 2.166364785731977e-05, 0.0013311412569548195, 0.004239804879564221, -0.00012947866057917714, 0.0029410448497991033, 0.0007119809059874281, 0.0027283008241432995, 0.0001735891847600097, 0.0002394623263190992, 0.0007071247759749719, 0.000549940426447705, -0.001257814260430511, 0.0012756220184341042, 0.0030035987533808153, 0.0024881741146592653, 0.004533412846581374, 0.0024798442900456565, 0.0012535507501286339, -0.0006508431061355877, 0.004734583840550212, 0.00032925208824860903, 0.0003930475550300604, 0.0016348617176306266, 0.0010685201811246828, -0.0013750532786037655, 0.0022405742330404996, -0.0007486603838559791, 0.002654300267004731, 0.0027100907936687276, 0.0002919859170006319, 0.003960447980140271, 0.0023473555444113673, 0.0004115304742124204, -0.007092025774897062, 0.00399542575390671, 0.0011170611678189822, -7.463715626263148e-05, 0.0039630262836416645, 0.0023626988443315564, 0.0022412051705203774, -0.0056221843922735935, 0.0006458999970759965]	1432560918661
[0.0014419192371414973, 0.0005551192619559684, 0.0013511949061693728, -0.0006389192348224278, 0.0012126040697308699, 0.0011274834527983712, 0.001100284658189278, 0.00025082287557658855, 0.00018740142968844595, -0.00012159951051982006, 0.002246853984692037, -0.0001245133621882101, 0.002227114134592786, 0.00041204697844687604, -0.0020091882093011193, 0.00016463816435713057, 0.0012805117003586023, 0.0012597727925393043, 0.00048753136015052527, 0.0010659593385186703, 0.0015952131727858538, 0.0031761232189371266, 0.001717379223887616, 0.0069061621467549385, -0.0006164714257795538, 0.0002753887738219624, -0.0042728375580535355, 0.001134484262911078, -0.0011791845240359637, 0.001554694925549907, -0.01239403538809074, 0.0022263012371831997, 0.01130296762124461, -0.00943372894278081, -0.0004496550665402206, -0.0026086686999277735, -0.0068872412509557, -0.009412597555981558, -0.030005377924181537, 0.013865119659716667, -0.006353861556660167, 0.011800056831631666, 0.00997295619055769, -0.004720540535709465, 0.04699987968304115, -0.016639335066342326, -0.011173144776171356, 0.020826143621460947, -0.028485032520690037, 0.013286484727562909]	1432561150662
[0.000552834400186736, 6.285053598503223e-05, 0.00047583954762121653, -6.537507002007831e-05, 0.00041069797023762073, 0.0003823797082993159, 0.00015306486598182475, 9.175608844830755e-05, 0.00030511740629260236, -6.698208226714345e-06, 0.0009820021423806108, 6.520840511513868e-05, 0.0010367017177077076, 0.00027178469296701646, 8.378036867819114e-05, 5.704227126881433e-05, 9.836467853657485e-05, 0.0004651534814795964, -8.794556182366032e-05, -0.00026638866271278607, 0.0005020382312209975, 0.0005554357027008239, 0.0006705917192816808, 0.0010636378517247485, 0.0007581837064954682, 0.000681012434093649, -0.000272666467268974, 0.0010266843741185004, 0.0001478129513675386, 0.00016199325417697323, 0.00014685243421329167, 0.00012463636789347224, 0.0006193749628731044, 9.168692859113971e-05, 8.606107174768874e-05, 0.000611076351541923, 0.000167880884736726, 1.2730135833525504e-05, -0.0006801881421790194, 0.001037725477706738, -0.0012606569345141748, -7.68986167030836e-05, 0.000620940139016123, 0.000259413218030673, 7.423431570046479e-06, -0.0004258009290068892, 0.00020957510201851686, 0.0017585394765483537, -0.0007309899446381124, 0.000982046748501327]	1432561763659
[0.002328380132114749, 0.0006019467696026073, 0.0019165477029226409, 0.00014068388000745363, 0.006071271653202983, 8.375479553337573e-05, 0.0008594123995388135, 0.0019233632882958384, 0.0009580920619131572, 0.00046176751707326384, 0.005519332569636633, 0.0008749433029314811, 0.007324476641275812, 0.0020151846710021433, -0.00021939502991214895, 0.000552106719810917, -0.0003513301685322271, 0.001825002770265777, 0.0004816362813028838, 0.0011809566764852775, 0.0009241144435080268, 0.010593058451644015, 0.0005424684395200505, 0.0071661675200170635, 0.006725667407987712, 0.009757990596477879, -0.0019078237682310568, 0.012051542331523033, 0.004459294990938712, 0.0031055378718892615, 0.0022770020552035086, -0.014397361078223921, 0.0012690268191740423, 0.00030434984258054514, 0.0004468558739353194, -0.00504489053063887, 0.011791724150890758, 0.0013969940854884867, -0.015951247144668158, 0.01164200035996537, -0.042885241985176646, 0.00244163726131232, -0.003993198211299294, 0.023006457753677528, -0.006398192698627427, -0.014356549334806082, 0.010167411311529791, 0.01504182212649741, -0.02572758605162819, 0.007064741175230187]	1432562132662
[0.032590220324761214, 0.04885321352780329, 0.4978953450906089, -0.25920999840562914, -0.06462744064513976, -0.005435031396624003, -0.013727980158804757, -0.006282337756648206, -0.005047243609725555, -0.003427163366988812, -0.014115239400260066, 0.003155222092930712, -0.00885280468442259, -0.0009381906132965357, -0.0047391798176752015, -0.0006419968631498071, -0.000510868227923581, -0.002266013747850871, -0.0013494734393189214, 0.0044722272522446, -0.005185589537872062, -0.013925875880869298, -0.005187288404766255, -0.005861197048055831, 0.0010259851914722438, -0.0019929241382627776, 0.0005031810587937061, -0.004781795874809735, -0.0018613661276753893, -0.0010459925544387657, 8.822764409406169e-05, -0.0032633781818342685, -0.002252162233016825, 0.0023738032716380275, -0.0007774230222200661, -0.0026837249243754995, -0.0027270401619930744, -6.159012466887823e-05, 0.0020051449091824025, -0.002011174641821112, 0.0032175725585565553, -0.003710426615541794, -0.00332852368351483, 0.006464676311865649, 0.000500515292331903, 0.0018282992249232313, -0.0006235314891947086, 0.0022949984080762593, -0.006119685462990419, 0.0005139609068429768]	1432562685658
[0.00031807034878079515, 0.00033102629552835276, 0.0006850171458092313, -7.828185741677189e-05, 0.0013892449163323366, 0.0007020702770894494, 0.00020915217554380092, 0.00017068585104429378, 1.337395539140095e-05, 0.0005561215901081025, 0.002012164056398855, 0.00019910242632930676, 0.0015451796205852234, -4.656118293634257e-05, 0.0014351063102488275, -0.000113188753172826, 0.00013849706223329825, 0.00014028035380308753, -0.00028615506120221, -0.00029427780631167993, 0.0008067166613525744, 0.0035880022587366184, 0.000783512956976286, 0.00208029206615591, -0.00019226978433023703, 0.001235923108685842, 0.0007136103187831776, 0.001068368420736742, -0.00028605049476208334, -0.00022904600778199342, 7.151785734109761e-06, 0.00041426722495876045, -7.79638918102459e-05, 0.0004030826905360945, -0.0005006919311163952, 0.0017668499955475522, 0.0020189848912737637, -0.0010909327313902103, 0.00010188768518187286, 0.0010536721857390314, -0.0008321684598773211, -0.0019485993567296207, 0.00227116432980463, -0.0004896718834173361, -0.0005281944767316094, 0.0005204791238813817, 0.0014163876765270387, 0.00047909805365377995, -0.000668402305722369, 0.0006155123632547656]	1432565710662
[0.0017451835663943069, 0.0021748008085233175, 0.0029578063356250667, -6.739482488569516e-05, 0.004322395665418774, 0.0038697848226210765, 0.0012189637267009275, 0.0020810265058255153, 0.00014784651821623518, 0.0011419326706653048, 0.008344132781304648, -0.0012416506378221685, 0.009502431736002232, 6.347161360109101e-06, -0.0001270300125525232, 0.004816047202011086, 0.00039446194111308864, 0.005514544554834585, 7.4906190678041635e-06, -0.0016942592503861001, 0.003466059576025013, 0.0027490164699441335, 0.01024106446488174, 0.016580512060836813, 0.003315483555906692, 0.002100223049360849, 0.004948028676026157, 0.007044176500827973, 0.005977321316212554, 0.006363079971077811, -0.010764791894187564, -0.00717429634911087, -0.004404287663064632, -0.009042949973499905, -0.005136786412923248, 0.009632525958400074, 0.007577795089582948, 0.019987855011372742, -0.008274566575104414, 0.02269242490026481, -0.015985504010476787, 0.007734861444017791, 0.04156939734666381, -0.017270772515356525, 0.0029861268380339903, 0.005991777544905331, 0.0157093146417275, -0.010984979843494488, 0.012762029851786323, -0.0014643936249308434]	1432567136664
[0.0027425818564157482, 0.004910405032944572, 0.005405923362033993, -0.0014670122388065999, 0.03254938596289501, 0.005935793547514083, 0.002794759171227123, 0.0009245397296986522, -0.00048120257026357813, -0.0031118292913821393, 0.015098538960733005, 0.00254601161249433, 0.020408717258759358, 0.0021766723857475456, 0.022016880485168096, -0.005584008977066473, 0.003610912291556177, 0.017289002261265573, -0.013258144726877676, -0.012025694230195488, 0.29687219675672716, -0.05012605724956818, -0.012077572628128329, -0.006927323234998572, -0.00877381464592915, -0.004588538962105862, 0.013978956562570673, -0.020006143650618285, -0.004017110340360816, -0.00327417316672634, -0.01869554319280754, -0.005462824253198562, 0.005724808968513212, -0.019198379603785485, 0.013015384192009144, -0.025205074396878354, 0.0038182022649349318, -0.012055848889831994, 0.011316993522236382, -0.017513116330892177, -0.0050128384577667814, -0.02405566413343251, 0.057077874495518516, -0.03198958129576834, 0.07073298803285952, 0.031511317435334155, -0.00225254257137722, -0.008427254355258101, -0.040965493652052445, -0.01086509409936906]	1432567352664
[0.003363933908098402, 0.004123782949093298, 0.00754570647820387, 0.0007911036509553648, 0.01037419052075567, 0.010955898017262457, 0.004868816685522511, 0.022493355105532048, 0.0010887857849518946, 0.0047395947879172945, 0.13401809532248846, 0.043983173237834364, 0.13662819201310972, 0.019327963181707233, 0.16808751303713876, -0.0028676461746131054, 0.03194860923820598, 0.6447144944920096, -0.005530013388182652, 0.1128535378956987, -0.09042511581448827, -0.06109063327492928, -0.03573515956384498, -0.13935015366797723, -0.14044136091086484, -0.00936688309789525, -0.01088316116928183, 0.01955682809876905, 0.011101155601292163, 0.011498770435301378, -4.414428187838662e-06, 0.038229267407948214, -0.0166546776314419, -0.0013354328186745822, 0.00784821896408538, -0.007608906545789633, -0.0018382678439528772, -0.015662549558630424, 0.013571655568085754, -0.02111392599566261, 0.007634035327410191, -0.00403876420774414, -0.0018913368896952207, -0.0025091007738764497, -0.00045275943582474257, -0.003436580787299777, -0.0007151663161976257, -0.0018226592525619548, -0.0009245291561724941, -0.0035081835772925994]	1432569264659
[0.003042081495281141, 0.003931368872312526, 0.013656252747775979, -0.006554819481341409, 0.008233061457644995, 0.014272106900480828, 0.0007311462473730163, 0.0014821802699034315, 0.0016447614543832454, 0.0024854671374169384, 0.005494447241393559, -0.0011967705245699539, 0.007896286354187368, -0.0004479087715499047, -0.0030552604094537875, -0.0005726027915790951, 0.0005911092027706245, 0.006768475753881377, 0.0012614482416229266, 0.003190407260804642, 0.010599708108424801, 0.007423340937855031, 0.011367101893414087, 0.030019409480158767, -0.0022825481735660796, 0.02296623916335781, -0.021054003250623905, -0.001451695882933989, 0.008131677254208708, -0.007029764754413587, -0.032448917320717856, -0.005184314536934365, 0.006155871732264493, -0.008874761456317905, 0.013356946156261472, -0.003501954492578921, 0.05509899713277816, -0.051521489176703794, 0.0789739164639546, 0.04906990929010325, -0.06411218896663949, -0.06683620193490715, 0.031028238495695717, -0.07568866322547084, -0.027939499504438886, -0.04903105214483245, 0.04305873503993886, -0.022816131304929967, -0.05149472072880756, 0.02616322859776951]	1432569700666
[0.0011005610388405292, 0.00024386675160122044, 0.00039772311587441293, 9.91823472038085e-06, 0.00029103867749135986, 0.00032136946977461537, -3.1224114191914304e-05, 7.863537441422404e-05, 0.00020258784676825225, 5.662042888380803e-05, 0.0006451733657689974, -4.5113441796158996e-05, 0.0006496995733409101, 4.05621261915233e-05, -7.311104853384089e-05, 0.00027098151560123965, 0.00011846158606391704, 0.0005901559665120688, -1.9661593308023076e-05, -0.0002172870422374783, -2.8482416413700877e-05, -5.554200308882763e-05, 0.000289103460423901, 0.0010556343861675428, 0.00045972431837819583, 7.090633516102894e-05, 0.00017485059648022914, -6.408604956294952e-05, 0.0004578281439692177, 0.00015707338068600462, 1.1230849899754936e-05, -0.00025757336211575045, 4.835791324044021e-06, 0.0006283548530693638, -0.0004167133939965188, 0.0005461686901394068, 0.001134770829924009, 0.0005722636388170878, 0.0006326004813389132, 0.000309994521569001, 0.0003108484298078978, -0.0001533388323583109, 0.0004339994305920343, 0.00011796174062455384, 0.0004626876619287401, -4.8282798159964584e-05, -7.215499173150565e-05, -0.00018069798880666947, -0.0001908489998606181, 0.00016709819361112213]	1432569846662
[0.0011005610388405292, 0.00024386675160122044, 0.00039772311587441293, 9.91823472038085e-06, 0.00029103867749135986, 0.00032136946977461537, -3.1224114191914304e-05, 7.863537441422404e-05, 0.00020258784676825225, 5.662042888380803e-05, 0.0006451733657689974, -4.5113441796158996e-05, 0.0006496995733409101, 4.05621261915233e-05, -7.311104853384089e-05, 0.00027098151560123965, 0.00011846158606391704, 0.0005901559665120688, -1.9661593308023076e-05, -0.0002172870422374783, -2.8482416413700877e-05, -5.554200308882763e-05, 0.000289103460423901, 0.0010556343861675428, 0.00045972431837819583, 7.090633516102894e-05, 0.00017485059648022914, -6.408604956294952e-05, 0.0004578281439692177, 0.00015707338068600462, 1.1230849899754936e-05, -0.00025757336211575045, 4.835791324044021e-06, 0.0006283548530693638, -0.0004167133939965188, 0.0005461686901394068, 0.001134770829924009, 0.0005722636388170878, 0.0006326004813389132, 0.000309994521569001, 0.0003108484298078978, -0.0001533388323583109, 0.0004339994305920343, 0.00011796174062455384, 0.0004626876619287401, -4.8282798159964584e-05, -7.215499173150565e-05, -0.00018069798880666947, -0.0001908489998606181, 0.00016709819361112213]	1432569847662
[0.0013608269071674936, 0.0012382522911317708, 0.0009642399927453789, -0.0005137677127483586, 0.00128392820766203, 0.0009303440454135655, 0.0011931671961091044, 0.000641866905681402, 0.0013413847709931267, 0.001484652672350526, 0.004226277643336956, -0.00042108894167889585, 0.00882430021885339, -0.0006636688404991201, 0.007723926986560988, 0.0009212411914445354, -0.0007418414107668916, -0.004172911856701828, -0.006808044208877774, 0.0017253949559078855, -0.0003370083360605687, 0.0001451983384118388, 0.0012755602031766357, 0.002585502957981493, -0.0024339643763778315, 0.0009360786333719963, 0.00020405614824478652, 0.0007704087526294958, 0.0004576405971434109, 0.0002416275357872457, 0.0011930083381763922, 0.0009617384903637913, 0.001171973051527097, 0.0022790889200510946, -0.0008738563186022627, 0.0017832018839836364, 0.0009428688162742186, -0.00015623064776192804, -0.0001782718362461539, 0.002412154228126211, -0.0011327447695711136, -0.004259138691550749, 0.0022956544991629877, 0.0010053968450687788, 0.0009471575552706785, 0.000307453737766429, 0.0013642620801592013, 0.006602156603710873, -0.0002723968831789366, -0.0011367263464628252]	1432570569662
[0.00033771535659442146, 7.704501706987071e-05, 0.0003760816338232583, 8.945731176689192e-06, 0.0005182903798336704, 0.0001562775337112716, 1.9520671697802705e-05, 0.00010629525130116903, 0.00010472183654581103, 4.752826483860975e-05, 0.0008742681715071609, 1.0767221170142927e-05, 0.0011763735959795256, 8.61152764578548e-05, 0.0005189341262883716, 6.782415374317555e-05, 7.918547259847603e-05, 0.0006318041629283838, 0.0002139128580223537, -0.00031875609862989376, 0.00011864950365296561, 0.0007935037507713732, 0.0004432438114489937, 0.0009168651565409213, 0.0005783289384264494, 0.0006306221737963397, -8.27370319979374e-05, 0.0011566081746260432, 0.00042706370505608517, -0.00023812119688851327, 0.0005754805483087149, -4.63759106625503e-05, -5.744988177245726e-05, 0.0001820691596377037, -0.0005764371723931117, 0.0010886255828261543, 0.00016054166400367802, -0.00011931663166842135, -0.00015968272156082074, 0.00038569746268342126, -0.0009561242236644135, 4.737754634008369e-05, -3.76570245150153e-05, 0.0002494953751323909, 0.00038792274145997243, -0.000407158918596555, 9.09672104299536e-05, 0.0005839970210362485, -0.00034947596902865037, 0.00028958309091233993]	1432572075664
[0.5506267966830362, -0.09378678816580567, -0.02932949104721432, 0.002230513981403954, -0.018216464259139278, -0.006221985620733152, -0.0170709651007848, -0.0029949860939870875, -0.004372186945963457, -0.0033588042981620944, -0.0070331981913874155, 0.004375650067916072, -0.003183090916358763, -0.000527805530475119, 0.0008062220885165226, -0.002353807104409229, -0.0003266886753704951, -0.0010634116487648739, -0.0011109458416716878, 0.001789620570792268, -0.0007861403553329949, -0.0071337247133213275, -0.004351352414973085, -0.003908054868975762, 0.0009734231230313045, -0.002010593527325413, -0.002750207240002121, 0.0003348462705422343, -0.0026605516847811777, -0.0014226290212611893, -0.0004933798478102115, -0.0013171319136314117, -0.002062579261560265, -0.0025891127494130344, 0.0015829174408867393, -0.0008132449261163801, -0.006004280180815309, -0.0030419245722836386, -0.0036177968814203134, -0.004491924287076957, -0.0007624175688607914, 0.0020096498279013053, 0.0006586767542796605, 0.002804145363908576, -0.0030448160043073744, -0.0026002166011554967, -0.0018814281981494056, 0.0019949060958225156, -0.002069198387573837, 0.0026411634048032384]	1432573821660
[0.0007618119740898959, 0.00034184897041123185, 0.0012167331884490433, -0.0002556286166590422, 0.0007563859227571945, 0.0008069831964767283, 0.00041894028269802116, 0.0008956138300994915, 0.0001553105714922253, 0.00014012859773898298, 0.0033554690354740168, 0.001320568749562365, 0.0033555567275950814, 0.0022873793140899996, 0.0026026467945203264, 0.00047117785300421666, 0.0002855910824018529, -0.0009669667562609578, -0.001242615428030062, 0.0005408461761151309, 0.0017030742402811573, 0.0014574852089943122, 0.0016242606720088789, 0.0057763960459584224, 0.003647075127145144, 0.002118161920185324, -0.0004726733125671316, 0.00341917797672857, -0.0006284021840576993, -0.0011992329417142664, 0.0021948081804919637, -0.0003288112530516305, 0.006765988518583011, 0.0012164436000045473, -0.0053241298908720475, -0.0018346957867223794, 0.002340118243733678, -0.002815151611207865, -0.008747686354608568, 0.008708235933198904, -0.015531088930307338, 0.00401955823421202, -0.00022575681613026962, 0.001066403599767524, 0.002193286609917345, 0.01308691720039353, -0.014101385595595763, 0.005269715084203054, 0.007854616541324539, 0.0071477049421266765]	1432574166657
[0.0002558955836178944, 0.0004129744342639923, 0.0008235560033375849, 5.8077282201197773e-05, 0.0014859933682083244, 0.0007249760561860595, 6.81005061638279e-05, 0.00016381279940683792, 7.538607026685575e-06, 0.00021384480405825805, 0.0017599653250336732, 0.000203063588752683, 0.0017895876509724893, -9.404722135147337e-05, 0.0005957537920407578, -0.00033360259197481304, 0.00022434975723149036, 0.000555446763246731, 4.9686276655648895e-05, -0.0006959866167665408, 0.0009308853017634436, 0.0037610246086804584, 0.0007965522216072907, 0.0017032794175127206, -0.0006299754724730842, 0.0016783035315144905, 0.0009182889431752561, 0.001107870673168695, -0.00020882463084086566, -0.00046073526174419895, 0.00013228444353525836, 0.0006301130793531953, -0.00022410876479206962, 0.00043970221628105354, -0.00036362225717833665, 0.0007535581189371612, 0.0025013169644590187, -0.0006456047948747126, 7.130986152917468e-05, 0.001496743738387009, -0.001178886752175428, -0.0024882248107360987, 0.0023487446591843896, -0.0007479880443120586, -0.00047967076675155116, 0.00041244628340789455, 0.0018105804021520482, 0.00016114878614411685, -0.0006278979097405178, 0.001090270333327584]	1432574418661
[0.002329036112316044, 0.0004056199558790883, 0.0007117140985180166, -0.00036238331141913915, 0.0011918688521166017, 0.0008002594849293187, 0.0004951433786946878, 0.0008321598365082355, 0.00030484711676130697, 0.0007247116511525545, 0.002881622750440899, 2.661953858957373e-05, 0.0035372726031513636, -0.00016723436069502552, 0.00022784185932987544, -0.0006523751588990115, 8.263305307770291e-05, 0.0010266257943650208, 0.00025361450538015964, 0.00010625456343749081, 0.0024623942913794684, 0.000601576013537692, 0.0013064372180579553, 0.003099096836504494, 0.0007723451836669452, 0.0014745168582757854, -0.00019574403170062937, 0.001247312660834256, 0.0008553404658410854, 0.0012901768550988822, 0.0010151253837814356, 0.0003537148792980257, 0.0009564260621571005, 5.8785321871062586e-05, -0.00013536337696048355, 0.0024144610032549477, 0.002640633120365775, 0.00047953289722697074, 0.00016340120129746806, 0.0022637010164694832, -0.00047272996193854837, -0.0026016576925715937, 0.00030976664100229665, -0.0004772782135460429, 0.000633465387226876, -0.001477963273907861, 0.0005822995658973062, 0.004804852044473694, 0.00019545507135172648, 0.0004510118187737113]	1432574522659
[0.0002574512554642747, 5.3384531748568134e-05, 0.0001325402666742558, -2.1375330672575254e-05, 0.0003567738432425828, 0.00020450118385953957, 1.712721286171269e-05, 0.00014374582965399337, 1.802391925758688e-05, 4.798699943557664e-05, 0.0006621294017189121, 5.82883364249042e-06, 0.0008557086251593007, 9.359282098789057e-05, 0.0004308279993220101, -2.317362116374269e-05, 1.4215414984892441e-05, 0.0005221883024465624, 0.000292079470724147, -4.306503237654495e-06, 9.528627527019325e-05, 0.00030586471070613813, 0.00031373945254426974, 0.0006476862774162595, 0.00037296064802500457, 0.0006394933212422051, 2.7419898885108223e-05, 0.00038759162621945694, 0.0003918070505101362, -2.643611336629991e-05, 0.00041266453278253107, -0.00010702739164004138, 4.3721395640946434e-05, 0.00032317496149593915, -0.0007211468528345613, 0.0012937322503294634, 6.836368134577461e-05, -4.590837743705916e-05, -0.0003240974688893912, 0.0003242557977963657, -0.0002812771962697514, -0.00026745954129164763, 6.5569860802102e-05, 0.0001268695026156691, 0.0003705682485728173, -1.1024127507408081e-05, 3.375108566776879e-05, 0.0005738696323887047, -1.8937826908840136e-05, 0.00016858108518970916]	1432574998664
[0.001636336099710356, 0.0020561441893236546, 0.004555785756193717, 0.003796345681400488, 0.003358138766069356, 0.002798197639422287, 0.0011662674263233687, 0.0029110463426668494, 0.0010287118690566577, 0.0005559225638240889, 0.014204434438009768, 0.0018369042676224501, 0.006871343096477657, -0.0004951393521464371, 0.003721801169443367, 0.0013166990381871676, 0.0008119584128295558, -0.0002712254383714961, -0.0032988811554225104, -0.010355145828896989, 0.0017758941958800308, -0.003426263104728155, 0.005236049424487116, 0.010425144176659764, 0.00968296759862676, -0.003379111404586397, -0.026231134959290008, 0.05613953246298048, 0.017767430562419206, 0.02050509341246619, 0.03642317269998688, 0.00482960700304171, -0.006666236764934108, 0.007793232438112772, -0.003247098653742723, 0.02242755278539104, -0.011011608236907331, -0.037592095286786975, 0.018547590356424334, -0.026708123842511793, -0.013249503451877084, -0.051709764785465615, 0.046658035807332056, 0.0025672919092056858, 0.015931682290124215, -0.010772021991794004, 0.029939684602959763, 0.02453925305979129, 0.10094235950014781, -0.00968481335369086]	1432576442658
[0.003068994252634731, 0.0037526880123218915, 0.006916407266499899, 0.0007202427609431853, 0.009454627905837176, 0.009951566906658276, 0.004474004834617759, 0.020582551627152636, 0.0009993470044243938, 0.004358331491880588, 0.12270497575114318, 0.040224454329574375, 0.12504332073002924, 0.01770820757277642, 0.15388152572477856, -0.0025885877625053326, 0.029267539315726728, 0.5904722112490753, -0.005199515122118442, 0.10334068648596378, -0.08285461440835208, -0.055928370142806494, -0.0327301524608737, -0.12761677721057788, -0.1285998246048625, -0.008637808474788518, -0.009966561593344029, 0.017980799002886964, 0.010082338449777708, 0.010511154818637257, 3.6223076701733683e-06, 0.03499543668428432, -0.015265945048491245, -0.0011163355098330022, 0.007199617076698391, -0.007047104684234144, -0.0016786725711529357, -0.014222932930956004, 0.012448979824192078, -0.019348162776255676, 0.006997831335753396, -0.0036971463884308657, -0.001773809658971095, -0.002300027941705005, -0.00043154054916343907, -0.003114540930949065, -0.0006253401852120761, -0.001748088173529064, -0.0007313688785477905, -0.0031502699281843747]	1432576526662
[0.0004779908681007969, 0.00018203514643009563, 0.000245140266740621, -4.578543201902907e-05, 0.0005902584003960636, 0.0003795632626325133, 0.0006751834325812548, 0.0002844805618040041, 1.8702930887301994e-05, 0.00015771161045448684, 0.0011061886762082087, 2.321475679058769e-05, 0.001234762959284866, -4.878060461285768e-05, 0.0006438142777428796, 6.92855922491654e-05, 7.3613104323386555e-06, 0.00020527332455336672, 0.0002314407494019866, -3.407567041078309e-05, 0.00011133107496554032, 0.0008547595921317691, 0.0005517574324144192, 0.0014157174126565924, -0.00020416897516280173, 0.00041805896856945794, 2.466268606468756e-05, 0.0008599946919779791, 0.0009134072505294953, 0.0006154607165084293, 8.993398277819576e-05, 0.00027475752530652575, -0.00024018484903174978, 0.00020359870389558818, 0.00020660837742435343, 0.0011814947878922054, 0.001684865508395897, -0.00010072201150245787, -0.0008004200915803317, -6.950160198603822e-05, -0.0007385642483395216, -0.000426494142138229, 0.0004521850884964419, 0.00017572156486599108, -6.644031792489646e-05, -0.00018273316398088773, 0.00024314803618426665, 0.0016303490755854902, -0.0004323318755891522, 0.0002149210518444321]	1432579086662
[0.0011670070035691823, 0.0007042502398981886, 0.0013321408470713745, -0.0006218165503577554, 0.0011364152618300182, 0.0010484819932259442, 0.0009681787359354801, 0.0002643898082782841, 0.0002237682015919796, -5.905011674596201e-05, 0.002503918167473505, -0.00031765655531164816, 0.0024031270917297784, 0.00023395728901508863, -0.0016413309503581304, -4.9358299471337937e-05, 0.0010840290062922213, 0.0010326176687799338, 0.000650566798273401, 0.0008872037926984581, 0.001532699561522826, 0.002714869344907926, 0.0015004520247237864, 0.006261419704416806, -0.0004322071249942364, 0.0001594369701501339, -0.0037804615049296894, 0.001249957422133239, -0.0009042604680058316, 0.001373726305543676, -0.010376265185760035, 0.002000107647067168, 0.009592034826311649, -0.007341715785021791, -7.104228155391378e-05, -0.0015708057758395033, -0.0057151944935966495, -0.007982565228484804, -0.025604850202547207, 0.011959040375757502, -0.0051149233120184896, 0.009976571233902097, 0.008772163847428833, -0.004352174326883944, 0.039933131645153136, -0.013837920635158974, -0.009270811177141037, 0.01832325138467652, -0.024015866050583475, 0.011138267717373536]	1432579491659
[4.106501371148861e-05, 5.075955716073824e-05, 4.1207621994066224e-05, -1.709963506143846e-05, 0.00014522124399811274, 0.00010049438680416719, 2.4741402665010553e-05, 1.825155244983175e-05, 2.1480038652375e-05, -7.013304046446876e-06, 0.0002016736942248292, 4.2707780377159556e-05, 0.00019381123691138483, 1.0489944061058268e-05, 0.00014209086470147168, -2.2359199660500068e-05, 0.00019731324876821858, 0.0006173792279723836, 1.8536015844112877e-05, 0.00014272788765512686, -4.269168610226965e-05, -4.138910273247177e-05, 7.526076764057118e-05, 5.8459860619406195e-05, 3.6565725507521864e-05, 0.00019361914358732786, -3.5115728612860575e-05, 4.938658270781812e-05, 9.573760497344833e-05, 1.5280321873843797e-05, 0.00011882703767131166, 4.1918703261670904e-05, 1.1236637262532283e-05, 8.062385465789019e-05, -1.2650001903898967e-05, 0.00022440700895786397, 7.586055766965692e-05, -0.00024376775591325792, 6.596569239570029e-05, 3.6790990793026906e-05, 0.00014320678295927846, -2.97457416159495e-05, 1.4905981974978664e-05, 5.7267264206976175e-05, -5.4521585504161825e-05, 1.228424656422821e-05, -6.889349871596251e-05, 5.935410245635625e-05, -4.66419772448428e-05, -5.862867261707355e-05]	1432579673657
[0.0012421984701497751, 0.0010906192709363672, 0.0010122059946645957, -0.0004171427119499689, 0.001324868686287029, 0.0010098547317491985, 0.000875698667159971, 0.0007349463986539722, 0.0010298730004135186, 0.0011157416544112604, 0.0038227263449492777, -0.00018223292923916627, 0.006770768249683118, -0.0003365597653075353, 0.005983681237548659, 0.0008739963270033045, -0.0005129463003985652, -0.0029647482292813397, -0.004976268353847284, 0.0010435868232448933, 8.509932081295151e-05, 0.0003405653331344487, 0.0017493951289568373, 0.002912659292010219, -0.0012242160467977807, 0.0010239911083986058, -0.0001331286338998745, 0.0012715752121228363, 0.0005760402084132022, 0.00026036769835315304, 0.0009096856324905192, 0.0006592440009037042, 0.0007693224979138183, 0.0017568666444796562, -0.0008831008799495675, 0.001885068005031932, 0.001051753422024622, -0.0002479894638878241, -0.00021549243462146516, 0.002385941012258098, -0.000416101702785776, -0.002975308051122536, 0.003034347886086803, 0.00013332356329990552, 0.0016410828108102094, 0.0002191149008631351, 0.0016012576165197415, 0.006230533247714678, -0.00031170010145626796, 0.0002148983355082859]	1432581172659
[0.00024310644688761493, 3.473777880262955e-05, 0.00011451751970866947, 5.469781395870934e-05, 0.00012063680178509063, 0.0001381547398493539, 4.164676084353189e-05, 0.00013316768089445918, 1.981383833784775e-05, 4.7872528177821173e-05, 0.0003167202628909945, 7.417310429433605e-05, 0.00032924167730163744, 4.270928983948835e-05, 0.00018402025443043225, -3.8744543209135165e-05, 5.127240979364e-05, 0.0005056315039024215, -3.971051546995729e-05, -5.532980525743659e-05, 2.649141567270056e-06, -3.5831018277788865e-05, 0.00017771361265007685, 0.0005039995516844574, 0.000364567298639101, 9.07141396041068e-05, 0.00012763478842345226, 7.2783135053617335e-06, 6.68297842988218e-05, 9.490700900314138e-05, -1.8016465879742084e-05, -0.00017426747745396604, 4.466050933591639e-05, 0.00035905200014008657, -0.0003914802067169635, 0.00044476024097817133, 0.0001105187658621474, 0.0006332548497294879, 0.00010603789151596924, -8.519445580272027e-05, 2.9173074226523518e-05, -0.0004150730562917389, 4.378524455517867e-05, -0.00011251831909381091, 0.0003913711049933135, 7.975795742474477e-06, 9.357334155142478e-05, 6.561362166611256e-05, -0.00012157088185193867, 0.00016844577946617504]	1432581405664
[0.00027658331224261805, 4.8851649974364116e-05, 0.00018510984559209952, 6.230151553460304e-05, 0.0001832108605328201, 0.0002037034024141481, 6.365221441886602e-05, 0.00011564346820369096, 5.004321075481468e-05, 5.803370585508345e-05, 0.0004465544788639234, 0.00011839905015036321, 0.0003983597765772414, 8.7568770224683e-05, 0.0003803676788439454, -6.598507767130097e-07, 7.870300236510297e-05, 0.0009487246386722195, -4.4475311418848395e-05, -3.8014048230184995e-05, -5.305869951959235e-05, -0.0001407135951844718, 0.00029829319396113734, 0.0007265196851220852, 0.0005969044748457205, 0.0002652825997521287, 0.0001726255869051946, -9.321022314938474e-05, 0.00010979048367048092, 0.00013831152644537905, 7.069751282809522e-05, -0.00032833861526328326, 5.9168855344843774e-05, 0.0005251098498759244, -0.00047421859408802665, 0.0006753705314762925, -2.8404957302831374e-05, 0.0006799636413975644, 0.0003046820095314233, -0.00011505908628913592, 0.00027509102881959904, -0.00031160204379966313, 6.915735151633483e-06, 0.00013112024487398738, 0.0003000143368216632, 3.7945741521417704e-05, 7.615475110037714e-05, -1.3744755875008925e-05, -5.5413496832025485e-05, 0.0003217211124285466]	1432582310666
[0.00024217510112324535, 7.038109719705593e-05, 0.0002608879862322393, -6.208717944281293e-05, 0.0001787434419430012, 0.00018241419883612526, 4.483926464872204e-05, 0.00013411836734033566, 4.073857263688909e-05, 0.00022568752989308584, 0.0005693009560003571, 0.00023072379839614654, 0.0003337077483208497, 8.87902183012282e-05, 0.0003630013287040523, 1.4447462697004423e-05, 4.8822834572721235e-05, 0.0007619816410000954, -9.443293859089746e-05, 1.2185937122233833e-05, 5.116318036972791e-05, -0.00014492463492998678, 0.0002144731163353429, 0.0006908887929095881, 0.0005808010327919917, 0.00024543743288103586, 0.0001362980704131107, 0.00019646537873907455, 4.113501310173052e-05, -7.912636536474952e-06, 0.00026940841541548555, -0.00024271952682503568, -4.107083674206254e-05, 0.0004188549193463205, -0.000392958659694793, 0.000604778349219009, -1.0178592092803709e-05, 0.0004485203751763988, 0.00019493819315149856, -1.3158218188585912e-05, 0.00014527766512180103, -0.0002964501755946315, 5.802189084649965e-05, 0.00023930068983378958, 0.0002134349461903077, -5.597803643029984e-05, -1.4911359975544415e-05, 8.627889972518196e-05, 4.27663372820681e-06, 0.00018698069789417304]	1432582707665
[0.001094675317057192, 0.0010934375359922018, 0.0009878716308206886, -0.0002776131810149315, 0.0013487079419451208, 0.0011869971652846846, 0.0011354870426269347, 0.0012944773011663955, 0.0007903110312434261, 0.0008957627326406453, 0.0036391296602989644, -0.00032405358692519197, 0.006268376561185818, -0.00042007651096132124, 0.005063356636018134, 0.0008131571534248196, -0.000392680954922115, -0.0025719576029726884, -0.004257874074391437, 0.0005467164860578897, -7.099016579360677e-05, 0.0012878822950809935, 0.0012774272239129607, 0.002809203557599554, -0.0014278744854876754, 0.0005998444335067633, -0.00035128745776103, 0.0018027379162309308, 0.0003003273753638441, -0.0003830911161770607, 0.0008498822615815456, 0.001961084289482557, 0.0001028771951656218, 0.0015353149374027469, -0.0009026109160052187, 0.002529352618511431, 0.0012922014133371486, -0.0007458891577698615, 9.89281286580567e-05, 0.0022303856850443503, -0.0004577481687333812, -0.0030656839992155888, 0.0022484191943909675, 0.00018248547763790633, 0.00040466240076307954, 0.00020135493968866826, 0.002189858110190675, 0.005628983194980564, -0.0009833598918446652, -0.0006399235398275491]	1432583108661
[0.00026549183461862207, 4.425831077130972e-05, 0.00018915204105932572, -4.649332957831489e-05, 0.0004120376616696372, 0.00015896972656465093, 2.432498987202983e-05, 8.965755419001217e-05, 1.767630416647507e-05, 4.118648375684112e-05, 0.0006680649874044878, 2.245427948542083e-05, 0.0008700003082840782, 0.000127314172813848, 0.00043912839845654424, 8.695965976015541e-05, 1.672500212202976e-05, 0.000542810490921961, 0.00029630040912744724, -7.721611335361683e-06, 8.402397046053952e-05, 0.00032063924888953784, 0.00037701664102173595, 0.0007481395194066914, 0.0003731189378579986, 0.0006340538383686275, -1.3370239913616867e-05, 0.00039971574983174664, 0.0004558951758463554, 1.0910282763591463e-05, 0.00037286304052075095, -0.00016075676913242343, 2.9490370084599468e-05, 0.00026804161526741845, -0.000718770187710526, 0.0013035139778856248, -1.4073304488235809e-05, -6.76549477168882e-05, -0.0002285579398337522, 0.00033502697907922225, -0.0003429914626726883, -2.6775062544268528e-05, 7.699068931829311e-05, 0.00030678427514570195, 0.0004215797128081887, -4.615240291287411e-05, -5.119961746536314e-05, 0.0005956301688187503, -3.964925036117778e-05, 0.0002860297596097404]	1432583249666
[0.0009923603202342506, 0.0009171236655754427, 0.0008042014028065754, -0.0003245990759347232, 0.0009618970583950996, 0.0008131204588152957, 0.0007250782957141336, 0.00042597403054891835, 0.0007962003797771653, 0.0008605631437510147, 0.003050454756738216, -0.00012967098484992015, 0.005069859945230567, -0.00025753195974464126, 0.004200498308068603, 0.0005432608477761482, -0.0003546395429450745, -0.0020213774177617085, -0.0035607268188183145, 0.0007733872111229758, 0.00014694921858611409, 0.0006680091530445858, 0.0011791307423327344, 0.002566585117164078, -0.000990096821904982, 0.0004951182641750791, -0.00025431211726714725, 0.0009165291271298898, 0.0004921923912593976, 0.0001499759905925061, 0.0005206859875864264, 0.0017204429180941417, 0.000344925132978866, 0.0013549884175887974, -0.00131642051523973, 0.0025827200372969712, 0.0012810722899403472, -0.00047968103878873175, 6.205253395063278e-05, 0.0019190300231144114, -0.0005842666865074619, -0.0031512948171005563, 0.002102913578679962, -0.0005343227659426216, 0.0007349236362588187, 0.00023073944505939777, 0.001362125070438672, 0.004385123597618661, -0.0009856029831542372, -0.0001489179007180353]	1432583708659
[0.0005613535804402796, 0.0002419063320827144, 0.0005446776670818397, -0.00016175521482140326, 0.0006085708191865044, 0.00035880980132787225, 0.0004852731512769902, 0.0002423253207549072, 8.454176248054134e-05, 0.00021473362672683112, 0.001540005984096892, -0.00015129762540676912, 0.0009532460678738574, 5.405376975826201e-05, 0.00022581227517999675, 7.742394463745099e-05, 5.7751373001268466e-05, 0.0004691717334689776, -8.977492789765819e-06, -0.00011664658825717376, 0.00025760723482302266, 0.0007392106185978289, 0.0007902586095988853, 0.001454018068252136, 0.00021521234903804995, 0.0005778841132079159, -0.00029639165832373175, 0.0009235925788529581, 0.0007086396344447348, 0.0004485514278801989, 5.600357033423662e-05, 0.000325036255305023, 0.0003459399164136285, 0.00047170273119327623, -0.00015328922609181706, 0.0012820395100509546, 0.0011645861868562629, 0.0007723032755235156, -0.00038631575997899074, 0.00024704319657174197, -0.0002560575165855634, -0.0006722108452781916, 0.0007017727219764174, -0.0006420735256668947, -8.184511157985306e-05, -0.0001887770976824615, 0.0007007335779824977, 0.001299735525559719, -0.0003030429373445727, 0.0008953016857222324]	1432584185665
[0.0015093446832447246, 0.0019077795657311445, 0.0029054023217346733, 0.00030437732627892515, 0.004830017927047763, 0.003800511220666112, 0.002060102256277599, 0.02685975666020996, -0.000630900792136114, 0.0037344551447112315, 0.01778609874443904, 0.003022008341969751, 0.021371886683234375, 0.001905869240147156, 0.02345772380162371, -0.0006985652813205191, 0.0037983654458162374, 0.06319432794763187, -0.0031996178320617785, 0.004507174744980342, -0.003681702693874797, -0.0033490698468646354, 0.016668541550029718, 0.1331370810833458, 0.19551876711933075, -0.11178271592941803, 0.047561551454009206, -0.05018664037871552, -0.025269887818661668, -0.01939792229777767, -0.0037407360750126126, -0.08393153040303748, 0.03526761735434511, -0.006629905489256824, -0.009565084487628155, -0.010736852171430002, -0.025016829786783764, 0.00010813930026438312, 0.004735044452850345, 0.005890932146589573, 0.000498370428969864, -0.001143004282848713, 0.002018266186777682, 0.0011639162396330203, -0.0003480955593833567, -0.002262910755084571, -0.0014734461338180172, -0.0018398893262202144, -0.00160649852868831, 0.001957989204276824]	1432584442666
[0.0036817010687841497, 0.0018299603639739834, 0.0015383067569351742, -0.0004054749981762286, 0.004760726255919762, 0.001851081744804309, 0.0034579414937972305, 0.0009101915849284066, 0.0009800922714142415, 0.0028643220783418637, 0.006093562959934367, -0.0019538791563993053, 0.004841788166759983, 0.0010701797010222048, 0.0008895884106599883, 0.0013579158954226342, 0.0004302431997751552, 0.0009328883763204923, 0.0006781388127170471, -0.0012196801645149734, 0.0048641687660657, -0.002535385479660977, 0.00435155699217626, 0.007277075598248632, -0.002151465386400812, 0.004425405227926056, -0.0010356066870980157, 0.006428881768041559, 0.002997603799014679, 0.0011303928903507463, 0.0032657742336062766, -0.001881333268808425, 0.0037771383222032816, 0.0035949204418776054, -0.00834520400311778, 0.0026911104530414178, -0.0020776338134137575, -0.003757896925817268, 0.007818719077679852, -0.005383026529118936, -0.006475025527796945, -0.0215773790018841, 0.016680630206443465, -0.0019483899044934593, -0.005257568068048966, -0.005000600771786542, -0.0022195162188091175, 0.0187884537037888, -0.013967188546230448, -0.022069097609358258]	1432584461658
[0.00037125467337945854, 0.00012811063507957163, 0.0005003241844823382, 6.256417606894596e-05, 0.0007755652027702517, 0.0003217990719164383, 4.8689989263095135e-05, 0.00013734947647974012, 0.00012089732312696441, 0.0007383815225949338, 0.0011627019895761657, -5.389959255018088e-05, 0.0013483512110308614, 0.00012734594754800242, 0.0006663558009733459, 9.130484750563574e-05, 0.00012739283256949806, 0.0007854693297369227, 0.000279583096325314, -0.0005749221546112454, 0.0004762016339794533, 0.0016421305153415523, 0.0007546056320141296, 0.0010415279627910767, 0.0008879463437757758, 0.0015555050828582476, -0.00021300938674204288, 0.001158916570472932, 0.00030776468189571787, -0.00031045683723824723, 0.0004695783669208627, -0.00013069764768354749, -5.6359764416751245e-05, 0.00010176435388163008, -0.0006269233296389437, 0.0011256672911582727, 0.00021121406692127886, 1.7994615531928827e-05, -0.0002459340959417873, 0.0004606305299087495, -0.0010055750073452963, -0.0001268318101549642, 0.00020592152925535755, 7.308384886573789e-05, 0.0004826223050493344, -0.0006803788714467022, -7.688811206710504e-05, 0.000643420834401418, -0.0002951441539976866, 0.0001814353774152473]	1432584479658
[0.00025047749793732346, 6.446916896918518e-05, 0.00017410465500399528, -3.3470832307446694e-05, 0.00041771845733259, 0.0002441756565434081, 2.4172773443744277e-05, 0.00010964181872181432, 3.5932101855783865e-05, 3.7293569587292544e-05, 0.0007696389249184235, 3.89272928318154e-05, 0.0009591847927765155, 0.00012836386200032013, 0.0005918891619968094, -2.60889363019658e-06, 2.301406312269232e-05, 0.0007846496001889882, 0.0003471793518493123, 2.169948467936814e-05, 6.829484191662357e-05, 0.0002981046155133336, 0.00040158770862195925, 0.0007655755031634795, 0.0004965046767659174, 0.0008324651242896864, 1.8544782268737472e-05, 0.0003865254491431215, 0.00046531200678131277, -1.4394398401648971e-05, 0.0005334517671806106, -0.00019130218356227022, 5.0681153300185065e-05, 0.00039335893930210215, -0.0007872029345755524, 0.0015471087591139231, -2.5162808310893934e-05, -0.00017470082792063452, -0.00026984254489568815, 0.0003580741504849896, -0.00021719204130401897, -0.00010798089569194511, 4.807663172963301e-05, 0.0003469171883654184, 0.00030059041988839244, 1.9716526692298555e-05, -1.2660423743221028e-05, 0.0005970304378891505, 1.3827526010498757e-05, 0.00027390951510647426]	1432585475660
[0.001967430909094945, 0.002070738331529082, 0.0031953096614583103, 0.00019413446913429803, 0.0050195245782668025, 0.004160100081391112, 0.0024029749694386955, 0.02954303890743869, -0.0005908309838423261, 0.0043502595173218975, 0.019851136938953656, 0.003731556745595192, 0.023518359190385973, 0.0018541016953618264, 0.02564895849455363, -0.0009061342065535315, 0.004105997486787967, 0.06956426633470524, -0.003718000611656362, 0.0053935880190850195, -0.003513039193604393, -0.00439166870561359, 0.018004936596991095, 0.14535633415695803, 0.21353236954644542, -0.12214834954450658, 0.0516971457323843, -0.05565558334113273, -0.027588409185385923, -0.020687841827969056, -0.004118847457185807, -0.09162778619945029, 0.03854333816870178, -0.007909319805809306, -0.009892823962768355, -0.011680929003176998, -0.0268498077566896, 0.0005193581944372604, 0.004676103240103651, 0.007549377760518239, 0.0010975188239214732, -0.0014302890283825569, 0.002448250781485894, 0.0009075752706315662, -0.001690427370248006, -0.001834056733899053, -0.0012914024371427678, -0.0007109140655789308, -0.002184580310309955, 0.0023706805851318037]	1432585602661
[0.0001868413721582681, 7.085802189032014e-05, 0.00017778293789319234, -6.266552704193e-05, 0.0004205783534838624, 0.00015293419322542491, 8.725720783067951e-05, 4.4435122217466166e-05, 8.264774611056065e-05, 0.0001855371905945742, 0.0007152518300872488, -5.164997047062179e-05, 0.0012212981822367407, 1.2698672411439128e-05, 5.7375781192228823e-05, -5.538050690228771e-05, 1.2890676407513978e-05, 0.00036222002485271414, 0.00046007319305180243, -4.606542157027351e-05, 9.86578025043586e-05, 0.00041110419557579864, 0.0003070644576893057, 0.0003456205415311605, 6.665703431351379e-05, 0.0007113377139160915, -0.00019127579216530446, 0.00056586713873537, 0.00040063720707509684, -7.432930017351682e-05, 0.0003465067634604307, -2.0383560686430625e-05, 2.0381862412045067e-05, 6.288321382700087e-05, -0.0005217891127850728, 0.0008347995655109012, 0.00011965214321834472, -0.000589027142978215, -0.00023766844421082677, 0.0006438385378333823, -0.00046590138528758044, -3.148852980588918e-05, 3.3621999162238456e-05, 9.386146774808942e-05, 0.00034449450741677986, 0.00014732804030253934, 4.1265656088456233e-05, 0.000667194970694275, -0.00011157194789629267, 0.00013619118656040712]	1432585633659
[0.00024310644688761493, 3.473777880262955e-05, 0.00011451751970866947, 5.469781395870934e-05, 0.00012063680178509063, 0.0001381547398493539, 4.164676084353189e-05, 0.00013316768089445918, 1.981383833784775e-05, 4.7872528177821173e-05, 0.0003167202628909945, 7.417310429433605e-05, 0.00032924167730163744, 4.270928983948835e-05, 0.00018402025443043225, -3.8744543209135165e-05, 5.127240979364e-05, 0.0005056315039024215, -3.971051546995729e-05, -5.532980525743659e-05, 2.649141567270056e-06, -3.5831018277788865e-05, 0.00017771361265007685, 0.0005039995516844574, 0.000364567298639101, 9.07141396041068e-05, 0.00012763478842345226, 7.2783135053617335e-06, 6.68297842988218e-05, 9.490700900314138e-05, -1.8016465879742084e-05, -0.00017426747745396604, 4.466050933591639e-05, 0.00035905200014008657, -0.0003914802067169635, 0.00044476024097817133, 0.0001105187658621474, 0.0006332548497294879, 0.00010603789151596924, -8.519445580272027e-05, 2.9173074226523518e-05, -0.0004150730562917389, 4.378524455517867e-05, -0.00011251831909381091, 0.0003913711049933135, 7.975795742474477e-06, 9.357334155142478e-05, 6.561362166611256e-05, -0.00012157088185193867, 0.00016844577946617504]	1432586533665
[0.0034526680394988915, 0.0028284651557391005, 0.004965963226995105, 0.00026199649930863406, 0.006829733940808623, 0.006961100415042798, 0.003996392929200099, 0.01370630466860587, 0.0010134167394345334, 0.003369394526268282, 0.07797317294844891, 0.023643980250877727, 0.07837555782397557, 0.010838376536556659, 0.09349576164078904, 0.002036826473248144, 0.01739970704668065, 0.35481297297292036, -0.0005070614718420026, 0.06158600556748907, -0.04930693685711563, -0.03182158969923197, -0.018115638295063755, -0.07262143065506677, -0.07658668697402103, -0.00436777890141274, -0.008611342042351778, 0.015239036689937915, 0.007726186036762924, 0.009408104843627309, -0.0019025243927531525, 0.02090475967652034, -0.006674435270266175, -0.0008224426284802818, 0.00551196378428297, -0.003980148258212759, 0.0038300126627855004, -0.010192914821229394, 0.001812417965180781, -0.005560143264379914, 0.004335084329866219, -0.002638273530222678, -0.003399184747894541, -0.0056668899034750956, 0.004340313954539698, 0.0010615321970736168, -0.0011646243051520718, -0.005644114910876886, 0.005168024834560382, 0.004227771964563201]	1432586706664
[0.6594612525158348, -0.11178075019255693, -0.03451582866082651, 0.0024457025401975556, -0.02106101758045459, -0.007092476984037445, -0.019812258796540125, -0.0029460943244177707, -0.005337781741911075, -0.003631059950629934, -0.006923955543398606, 0.004667924847012037, -0.0018608042762009395, -0.00041870193534325294, 0.0017311767799836801, -0.0015611959845126, -0.00044277652002181747, 0.0018899871812834352, -0.0009799300673392478, 0.002411986720615897, -0.0008740452161255218, -0.005117641945880621, -0.007449408856165283, 0.002347781190120718, 0.0022153314352414914, 0.000837574411517089, 0.0011189746238706496, 0.0022681746613132706, -0.0021477572706295805, -0.009001682991192837, -0.009027491855239522, -0.0011981735178353743, 0.003688448682204169, 0.0027665529058930505, 0.004646286950769916, -0.0053697058476282694, 0.007605647805853921, 0.007457142285243494, -0.015031552454655055, 0.0008422578112514839, -0.008136185873687774, 0.00965049247928889, 0.010009470023329886, 0.016117391000409122, 0.010885938073480064, -0.03191780109983572, -0.009794874572087187, 0.029198189387264217, 0.012450039805334058, 0.03823013952769783]	1432586873665
[0.005089469305086795, 0.005523680723696366, 0.004033293720149415, -0.0007900320848710078, 0.01210000887006869, 0.0016255505031562794, 0.0025578617117901384, 0.004632411944086536, 0.0011094719767321714, 0.0023727919131739635, 0.01135916776649715, -0.0002644926266878386, 0.013657385574289391, 0.0050335576130726995, 0.001279196550474858, 0.0055179990704372515, -0.0002493420518578015, 0.0029911463133631567, 0.009371858777693132, -0.0006073690841586325, 0.0006058194840567881, 0.018453946403550244, 0.0013922672616965498, 0.02617008396562694, -0.004323166969779599, 0.01114591444005586, -0.005539626996410613, 0.026609527847856567, 0.018760380985057893, 0.011089023441498, 0.005436907698769551, -0.03183443562952939, 0.015282501312552082, -0.0011718408066363024, -0.004524265289794073, -0.001611554703572923, 0.02889473712562504, 0.030579695700521898, 0.004910715878128179, -0.02766529808623657, -0.05279095772311726, -0.11390708259052093, -0.08523068843610998, -0.04236999066902212, 0.0420709987207429, -0.08367166517448064, 0.16191924566093813, 0.1292409425095192, 0.17505949114984937, -0.08196194432040844]	1432586897664
[0.002008448210653422, 0.0013364032877905205, 0.0012283589186131189, -0.0004147536541818251, 0.002960417868942631, 0.001672186501087603, 0.002179207214871296, 0.0007317436710263075, 0.0004916094434575331, 0.001106550358521336, 0.003926468596950029, -0.0011999975681338641, 0.003443154017747671, 0.00039152294174529047, 0.0018102781783375529, 0.0001293053067608003, 0.0001576893463883573, 0.00042218859952664083, 0.00046694789627892917, -0.0005975536053438762, 0.0025944762317892584, -0.000873396862198233, 0.0025845307607022484, 0.004787476987560694, -0.0019440949954198088, 0.0023944389838509634, -0.0004357634960850084, 0.003848255418103371, 0.0021855462432108005, -0.0008188598094320666, 0.0010785592576134319, -0.000979252249034576, 0.0020866892738400956, 0.0026388363647261975, -0.004777384060061044, 0.0031686926701066944, -0.0002071765725215561, -0.002235555314282615, 0.0043272623463651875, -0.0029393010069850393, -0.003470449239247343, -0.012211288056263191, 0.009383456415515265, -0.0017105518371590656, -0.002377602686891716, -0.002213777648573214, -0.0007779015602781757, 0.011151347688651487, -0.005837107409495022, -0.01007004648594081]	1432586930666
[0.0008496079940518729, 0.0003259982412510411, 0.0005473393636067596, -0.00017920278289210439, 0.0009057943516280686, 0.0007600114758902394, 0.00045167485932926345, 0.0006753239782874424, 0.00030621119316530724, 0.0001699661430795735, 0.002165349812889232, 0.00017404343126617913, 0.0020063676574286517, -0.00014440710853897725, -0.0002223646483962056, -0.0001764100753395473, 0.00014416827718771415, 0.000345488717157506, 0.0004348239315050508, -0.00022909809126532002, 0.0009382740031830032, 0.0011579060837459978, 0.0013075218961603734, 0.0021989333990694317, 0.0006237022719440856, 0.0019176793334988453, -0.0007283944018111775, 0.001724831654513424, 0.0010187408652761226, -0.00045596723130167556, 0.00043186512847044855, 0.0016019611653178343, -0.0002514445164333344, 0.00034454392097609616, -0.0012363816923290165, 0.0022473462489055684, 0.0006106766577749878, -0.0015187924816707373, -0.0010120087975218778, 0.0003684947531130153, -0.0014391159112613517, -0.0005199161138567879, 0.0011634412613590228, 0.0005320058491960691, 0.0006586060526262139, -0.0014772744143350196, 0.0017884191539362308, 0.0027921139719092555, -0.0028214080269554163, -0.0003934626989612133]	1432586935665
[0.0002398719830770266, 3.4549206975721e-05, 0.00011429160896993601, 5.339533564315453e-05, 0.00012148549530317034, 0.00014262132101635174, 3.982677848480503e-05, 0.0001311149734234123, 1.9459403739379925e-05, 4.6034410745581936e-05, 0.0003130170951034797, 7.3059720843227e-05, 0.00032545745662424067, 4.205315875377851e-05, 0.0001817781920608643, -3.8384372975469476e-05, 5.07824984219361e-05, 0.0004980861219059052, -3.9136695857670076e-05, -5.493306965125654e-05, 1.960216532746784e-06, -3.49159517729795e-05, 0.00017876013311992676, 0.0004988717211312096, 0.0003579592085571463, 8.924643674610138e-05, 0.0001246806685820103, 1.1396435266450457e-05, 6.496129368758986e-05, 9.513850059312225e-05, -1.2815572962841806e-05, -0.00016843292211896933, 4.54781088690349e-05, 0.00035948405669138274, -0.00039139859578039306, 0.0004490523429204688, 0.00011429285728920135, 0.0006294507331891605, 9.305763937733424e-05, -8.008099197805294e-05, 1.9108038354327222e-05, -0.0004310485664155588, 5.32395337154344e-05, -0.0001535906755802509, 0.000388860380996048, -1.3348716612226785e-05, 7.230248987553414e-05, 6.701454260635783e-05, -0.00012953045363335374, 0.00018270563783704592]	1432587334663
[0.0002646138000941383, 9.92454154154944e-05, 0.00030679472583851136, -5.453569035983717e-05, 0.00042471069619120664, 0.00018871698809000062, 7.390591888901759e-05, 0.00023566765343689366, 1.2330486221069861e-05, 0.00014928909589519122, 0.0008908458381266624, -0.00012208943577163983, 0.0009216372992736137, 0.00039760494315269936, 0.0003175041524226708, 2.022004059955621e-05, 2.297783502408768e-05, 0.00026265438084568764, -0.0001743071399068955, -0.00012214908397523077, 0.00020058905164952666, 9.477749447924652e-05, 0.00015311061519109902, 0.00096628514704242, 0.0007428841444028464, 0.0006134935008930341, 2.70547494132972e-05, 0.0003421176459949812, -5.442882165714744e-05, -3.5590459006940275e-05, -2.5385534889825613e-05, -9.07737823382982e-05, 7.5719946847414e-05, 0.0003704665249470079, -0.0004478723810782129, 0.0007573139202943379, -8.808282442681246e-05, 0.00044815122853151135, 6.501703975762642e-05, 0.00044689017504676265, -0.0003484427841591381, -0.00014229125477542947, 8.248817836348265e-05, -3.162021471377107e-05, 0.0002143976272716506, 4.597955196357489e-05, 0.0001255563775910555, 0.00047661572986737433, -0.00042914655640616207, 0.00044734468371470087]	1432587875665
[0.0007492952786208398, 0.00044727228368270463, 0.0018435342578135558, -0.00038624567245962137, 0.0010989858905833467, 0.0013998901370064632, 0.0002919440708101485, 0.0004866366955877962, 0.0004044352709731914, -0.00010352221621888283, 0.003737758411060623, -0.0012913664022358336, 0.0026137234847971344, 0.00042961536016870253, 0.001328257546572996, 1.6210154992896277e-05, 0.00021615790827308538, 0.001863450302024404, 0.0005571223214506938, -0.00018074438677138845, 0.0001674037629528805, 0.0020707351018660882, 0.0009960481675815435, 0.0021644874645954213, 0.000851335074308639, 0.004562255905989077, -0.001602101873679513, 0.0005596535068352655, 0.0008889340623505132, 0.0006676870822271217, -0.0005540950648250945, 0.0014250882944653197, -0.0006550952791986755, -0.0005326042119884602, -0.0010252693396082004, 0.00300639927406835, 0.005079166476988814, -0.00022238481335881693, -0.0015210531699016469, 0.007411551509607479, -0.002243495840997569, -0.007112774326384856, -0.0047232306193708724, -0.0018279917329622696, 0.003999596672948551, 0.0020962458420563674, -0.001684558659733346, -0.001101057017698002, -0.0041614299596504645, 0.0038321767792917063]	1432587879659
[0.002774980355217937, 0.002516756071390013, 0.0057939369415311625, 0.003181297269177974, 0.0035668136692215344, 0.004254022394211951, 0.0013857881762367554, 0.001865284108648528, 0.0010997821741796981, 0.0025897914549296024, 0.013837243034507476, 0.004734728222979569, 0.0028802691387218053, -0.0004791893875741379, 0.0023530705136810635, -0.0009165017191575472, 0.00012781549935603095, -0.0005980281401831993, 0.0019450609992308888, -0.0033337353605287522, 0.003582751042084442, -0.0029137884064936157, 0.008080032009436704, 0.007178554430060863, -0.004250504296319968, 0.007081299991494826, 0.006485236071663249, 0.003932823641063637, -0.006226067161302337, 0.002306663081389952, 0.005677859094030157, 0.007103541967400003, 0.01364068575402677, 0.009167249710573483, 0.007115649208802845, 0.015243069633975537, 0.018813680918034835, -0.0006262826425541808, 0.004768541562637871, 0.00855924505782871, -0.013017291413455489, -0.005106524002156839, 0.004702360283907917, 0.02993576862811884, 0.052517219990813026, 0.04959223252548159, -0.01970580271114771, 0.04092343255287081, -0.001970428973226441, 0.04146428204162443]	1432588306658
[0.0001847290755224428, 0.00010880273486061347, 0.00018240631018258147, -2.212500774489919e-05, 0.0001374694815821684, 0.00013510729723274756, 0.00010891461605212283, 0.00013263278048619888, 7.452991714235043e-05, 0.00013998004460780445, 0.0006101240652173605, -3.001507635456985e-05, 0.0005334263035412005, 0.00016932320709121237, 0.00018165911136624343, -6.323394387971453e-07, 2.2613893367435518e-05, 0.000688857807726252, 1.8878857347062018e-05, 0.00010832762281878272, 0.00018972099108100136, 0.0002737837224310981, 0.0002724419352926096, 0.0006478275873694213, 0.0005090007812001921, 0.00010348505984701304, 0.00010049812194456282, 0.00014194844693410925, 0.0004366335418102807, 0.00021974976859858865, 0.00023857998920274144, -0.00020232512437564102, 0.00010777205971469644, 0.0004026776190497185, -0.0005038791552224626, 0.0007528647682648859, -6.647505379721931e-05, 0.0002919826869164165, -9.107290333292387e-05, 0.00023907988437721426, 8.097293523081617e-06, -0.001007130402926577, -0.00014449124732792922, -0.00046898222693234407, 0.0003719799037081591, 0.0004253484502482522, -0.0002835121887001683, -1.941852441637784e-06, -0.0003245496825072202, 0.00025577025028030305]	1432588628659
[0.0005464708090144473, 0.00021160618822880129, 0.0006605403305142509, -9.109905612812398e-05, 0.0005920014014732102, 0.0004374301530452701, 0.0007620949132050844, 0.00031132171484635055, 7.286238805036222e-05, 0.00026313514396848834, 0.0018107911451054933, 0.0003220957787713207, 0.0011535143020963195, -3.0422004051315735e-05, 0.0005664912911765133, 0.00014347871859517964, 3.326412661106432e-05, 0.0006584967439657815, 0.00011929719073574512, -0.0001819595138681649, 6.511824607663084e-05, 0.0006787471833120624, 0.0010474084460486395, 0.001678442710888763, -0.00017815795536034977, 0.0005154223573075258, -4.238404972202828e-06, 0.0011501900593925548, 0.0012723029473301825, 0.000895687848836431, -0.00021456540563112881, 0.00031389728344652384, -0.00014007595912469945, 0.0006008206501729556, 0.00027647361054682095, 0.0017791253414854247, 0.0020625780318701673, 9.571581233069052e-05, -0.00025981776930706615, 5.199849833461686e-05, -0.0007512702811754469, -0.00034426669152226857, 0.001331860853339482, 0.0002930067436176856, -0.000448379644354743, -9.512424945006165e-05, 8.846618649148376e-05, 0.00019358364850935404, 0.0003737788669931004, 0.0008655389992867384]	1432589207658
[0.00792937446200086, 0.011733467164284332, 0.016187568240957555, -0.0023868268904825877, 0.12649950387494596, 0.23865233754136783, -0.05119728482229077, -0.009141905365964187, -0.004359110849433934, -0.04431954582086892, -0.0016431337070333754, 0.0034088267171755765, 0.007799659510651594, -0.001092921483323712, 0.011033384173915133, -0.005817178994904171, -0.0002442762661007916, 0.007994344803151804, -0.010488756050668898, -0.00692278515657894, 0.18982330715609055, -0.049199938873941376, -0.010706408419948129, -0.013703062519394758, -0.006279669828851903, -0.0053233707805670155, 0.002012521868758431, -0.0086397786988292, -0.0031252293770782343, -0.0010296367564276957, -0.0037095928873632613, -0.0003889634707030993, 0.002090272339539758, -0.010642412575135951, 0.009665360245166722, -0.021884823350941062, 0.007270229807643496, -0.03018696207256191, 0.002296215682820477, 0.010043871429777385, -0.0032949192927809313, -0.003657960465480581, 0.0020042733517401405, -0.00016915196537789677, 0.003036832032730587, -0.003140226955940823, 0.0003340949472267408, 0.0055026108799585685, -0.0008130657819581181, 0.000979490951883915]	1432589348658
[0.002818906369521636, 0.003385934575619872, 0.006196364532866149, 0.0006148229668929596, 0.008526249211476605, 0.00888792997261398, 0.003981726118325365, 0.01777781535072227, 0.0009037803107877255, 0.0038077780405440143, 0.10680581896613879, 0.034926511824840835, 0.10846410189526344, 0.015015705926222657, 0.1328706524379007, -0.0019324403030565554, 0.02490886170877713, 0.5050829988914527, -0.004366459416045673, 0.08847563119354279, -0.07078784213104061, -0.047601493021383966, -0.027556894112079067, -0.10862430436948219, -0.1099583799021421, -0.007248811711762753, -0.008506385114244286, 0.01626235364831442, 0.008964603877348761, 0.009315302936542228, 0.00022855767669195375, 0.030133329632493877, -0.012945804164060173, -0.0008750274673676735, 0.00596255930974253, -0.005210189924194264, -0.000985074507610306, -0.011653105131755489, 0.01093859073952137, -0.01625969568794977, 0.005356737428637342, -0.003706920839195735, -0.0005773163465754319, -0.0019815010294104026, -0.0002771409543751009, -0.002505412811445341, -0.0006410997460032038, -0.0022225357830748284, 0.0003955195362888182, -0.002168354593841392]	1432589390660
[0.0002073667980317782, 4.8217401581739395e-05, 7.880948946914936e-05, -1.2806070691621467e-05, 0.00018198387025283186, 8.761251278882361e-05, 5.695940942701514e-05, 0.0001666840609567856, 2.539335633064818e-05, 7.413313097902743e-06, 0.00031446512749917343, 3.9979056611603464e-05, 0.00023307432243551467, 8.410080962114771e-05, 0.00020550788817202395, 2.6970207313378278e-05, 3.8700706509031954e-05, 0.00029588435787318356, 7.744712498353057e-05, -7.415419584089166e-07, 7.17454670127712e-06, 0.0001713602452699341, 0.00020351945038087077, 0.0005681233949878404, 0.00048137024973349393, 0.0002545129514607422, -9.849471027663138e-05, 0.0001381032823332812, 1.505250927849763e-05, 0.00016325113020460223, -5.67034752270796e-05, 0.00032035487128739994, 9.500776916702966e-05, 0.0001542034510190708, -0.000303332053531146, 0.0006059253655285582, 5.7029305233255886e-05, -0.0004464171070586255, -1.0135251112569862e-06, 0.00022107854277856516, -0.0002103963352672473, 0.0001153998790503047, 0.0003062739602439752, -0.00013536047034568393, 0.00013763036844482198, 6.433633094948155e-05, 4.137048003528869e-05, 0.0001408464604886493, -6.408789117099323e-05, 0.00024185393843678167]	1432589609665
[0.001209617083225258, 0.0005042351321169222, 0.00144215559585459, -0.0006635747714817034, 0.001373467703266967, 0.00169454852354462, 0.0005498529449973558, 0.00031033529993497233, 0.00018633612276575505, 0.0006016034442142485, 0.0014140277921636088, -0.0005093315243492407, 0.0016208765321545297, 0.0001156184264376461, 0.0005554422066115221, -9.187084955114476e-05, 0.00012698775342460437, 0.00027614532810570715, -0.00015713730594571135, -4.216594653031415e-06, 0.0005007749271356378, 0.0002412917732389867, 0.003994776071521567, 0.002421286318251564, -0.000457460440665582, 7.135007910210497e-05, 0.0005545318165671232, 0.0013639865748614483, 0.0006072798519084911, 0.003395015676890582, 0.0005118664019512734, 0.0005698585309289593, 0.0015430224033885695, 0.0008541983115712259, 0.0012123012355806204, 0.0011416153747576658, 0.0024264683743653566, -7.36960347659351e-05, 0.002909221239450614, 0.0033637285193786016, -0.000435094001115743, -0.0018858431770836985, -4.530175535078506e-05, -0.0007058626378761189, 0.0011559855214450603, 0.001617235037095854, 0.001773426872077969, -0.0007175915549042343, 0.001383025856190565, -0.0003911224084402805]	1432589799665
[0.0005089292604839019, 0.00025729041027485036, 0.0003485277608039814, -6.478353202251787e-05, 0.0005416764359693555, 0.00038364919753256784, 0.000486489841618368, 0.0002602865365012765, 0.00011152385782002039, 0.0001407771195710079, 0.0010750660912522342, 0.00012008465568806694, 0.0011609237215193394, 4.081381356525917e-06, 0.0007672488695645354, 9.56285141078723e-05, -2.960499740839296e-06, 0.00017890094200698897, -0.00022385336225591723, -1.7106595369117727e-08, 9.316723218285503e-05, 0.0006372266964537027, 0.0006916296277731131, 0.0013549391366147554, -5.9618920275429304e-05, 6.352059056290124e-05, -4.0127922525474e-05, 0.0010586364068948223, 0.000757720324150101, 0.00043205046401552973, -0.00019649402106349843, 2.5943502296013166e-06, 0.00011644864648867446, 0.00029441951211519186, 0.0001800946807874867, 0.0010074117374583972, 0.001498810116827951, 0.0001162296602443817, -0.0003268705760220739, 5.456349590700669e-05, -0.00016216527282527277, -0.0006551354702068849, 0.0006231065600183473, -0.000370670181998423, 0.00010948522281900859, -3.7019475310104364e-05, 0.0005171708907440849, 0.0010888108428566054, -0.0004213224710178957, 0.0006142592050361636]	1432590186659
[0.00026966804907239223, 4.799030168387303e-05, 0.00018217851355268995, 5.9967148224001775e-05, 0.00018189820489174306, 0.0002070813168041961, 6.0333449735703004e-05, 0.0001124095190236726, 4.864088370772429e-05, 5.4955959206741215e-05, 0.00043599053064872535, 0.00011523267526895379, 0.00038918090290453666, 8.522030253835347e-05, 0.00037095962031840593, -8.980731474356644e-07, 7.697396890685222e-05, 0.0009235129545092139, -4.3302589241597376e-05, -3.7547984553363795e-05, -5.255744426501401e-05, -0.00013649985606647665, 0.0002953448121998871, 0.0007103286181357611, 0.000579417297135897, 0.0002581300833126476, 0.00016658409706266753, -8.507953528498772e-05, 0.00010568727044223143, 0.00013684106606707202, 7.553937951557762e-05, -0.00031524409556366896, 5.9588507931278844e-05, 0.0005188990738254334, -0.0004692598129669441, 0.0006721050044058112, -2.044900768533057e-05, 0.0006692489438292361, 0.00028124115238997477, -0.00010678574910591249, 0.0002548875130006617, -0.00033302573375058, 2.0349177061750578e-05, 7.005337854510759e-05, 0.0002963066802188945, 8.29633550317119e-06, 4.7222509772660915e-05, -1.023724795436895e-05, -6.705440110390513e-05, 0.0003358394689330462]	1432590337665
[0.0005293872597247109, 0.0005780985991761552, 0.0013366272968353724, -0.0004047935801119345, 0.0016906283354129862, 0.0017903047440149021, 0.00036371715838404123, 0.0045485397994950655, 0.00038535487229626796, 3.5578622031523466e-06, 0.002526099315575916, -0.0002299739126122366, 0.00276294153614793, 0.0005592488698178863, 0.0010466180650263411, -0.0005042318121963455, 0.00033081604644736814, 0.0014473946784394733, 0.0003577622564831541, -0.0006297957600986361, 0.00406775221123827, 0.0028620026402261657, 0.006001425822069658, 0.0022026160062980824, 0.00816815424053348, 0.0013674546433556473, -0.007605987235868666, -0.00021761924285251311, 0.0008508881338155671, -0.0006957856292855191, 0.012348773958657692, 0.014246936755128337, -0.014574276257538758, 0.008819580055025792, -0.006893697925453168, 0.0012454481956391927, 0.01881574732663573, -0.007720783539913139, -0.004221343919101101, -0.0037600778661175723, 0.015876290908755003, -0.0032976584925376246, -0.007809738870900549, -0.0007434325015175057, -0.037260033030692946, 0.011613373035225595, -0.011868595737921227, -0.0041167836700071415, 0.009089573845292359, -0.0413086916010731]	1432591026660
[0.00027658331224261805, 4.8851649974364116e-05, 0.00018510984559209952, 6.230151553460304e-05, 0.0001832108605328201, 0.0002037034024141481, 6.365221441886602e-05, 0.00011564346820369096, 5.004321075481468e-05, 5.803370585508345e-05, 0.0004465544788639234, 0.00011839905015036321, 0.0003983597765772414, 8.7568770224683e-05, 0.0003803676788439454, -6.598507767130097e-07, 7.870300236510297e-05, 0.0009487246386722195, -4.4475311418848395e-05, -3.8014048230184995e-05, -5.305869951959235e-05, -0.0001407135951844718, 0.00029829319396113734, 0.0007265196851220852, 0.0005969044748457205, 0.0002652825997521287, 0.0001726255869051946, -9.321022314938474e-05, 0.00010979048367048092, 0.00013831152644537905, 7.069751282809522e-05, -0.00032833861526328326, 5.9168855344843774e-05, 0.0005251098498759244, -0.00047421859408802665, 0.0006753705314762925, -2.8404957302831374e-05, 0.0006799636413975644, 0.0003046820095314233, -0.00011505908628913592, 0.00027509102881959904, -0.00031160204379966313, 6.915735151633483e-06, 0.00013112024487398738, 0.0003000143368216632, 3.7945741521417704e-05, 7.615475110037714e-05, -1.3744755875008925e-05, -5.5413496832025485e-05, 0.0003217211124285466]	1432591302660
[0.004582576751374208, 0.004156160912910197, 0.00490899903328184, -0.00022308318746983827, 0.006842099158766901, 0.008817154011134903, 0.020798697001630805, 0.00885615866246338, 0.00020177985709822951, 0.004067170354072437, 0.03756387386382232, 0.009702422261337365, 0.01995919769192061, 0.0012909656871103075, 0.0206679543408312, 0.005467892562230265, 0.0030128898261310177, 0.061619622105970766, 0.002287266016002936, -0.0037114590520436076, 0.005452630182352872, -0.009155197238333109, 0.0207385753153831, 0.1400580942924736, 0.16037043471841733, 0.5622025825291077, -0.13103808899724373, -0.14958974418025392, -0.024663251398247894, 0.0016045285138176152, -0.017559342963360522, -0.04286282928838843, 0.007843524915520652, -0.01571282063588546, 0.0069834741535247016, -0.02354979265019679, -0.011443758798205115, 0.00013302308157884968, -0.003927622289711354, -0.005899467507706191, -0.0001122599545770554, 0.006179810892240467, -0.00730683020707027, 0.005137577988206343, -4.984483809652278e-05, -0.006294422944412552, -0.0030661543562800018, -0.0010390173625825995, -0.0015776414640299593, 0.001878930435993683]	1432591414666
[0.0029197361095044103, 0.0019552771214626907, 0.002705339502929931, -0.0005968433819059503, 0.006655639967592935, 0.001311139652375067, 0.0022236799938642675, 0.001786737894170534, 0.0008023259785201115, 0.0018338443181680065, 0.007309336220748298, -0.0007523033118843693, 0.005093066891917373, 0.0009335082303079218, 0.002533075030578534, 0.0006612772251217434, 0.0007278654002075055, 0.004965388417515843, 0.0009128231124895446, -0.0011560430648022617, 0.005100125066055787, 7.332260612476426e-07, 0.004131775397373798, 0.012884556126210695, 0.005127360965705076, 8.985754527872388e-05, -0.0005112311169889689, 0.004475067437019986, 0.0025464780612724264, -0.004310358183469488, 0.002101059787573836, 0.014366348391935962, -0.005696096649701416, 0.0011505760577315463, -0.00642894267661275, 0.0026770021695476133, 0.0037831653992298564, -0.0013514202152538845, 0.007448315408475023, 0.001372996212505562, -0.003585848316988322, -0.0128738399228564, 0.010671032951976467, -0.006885069780474503, -0.00546615345762964, -0.0023088804780888724, 0.0017564455511628137, 0.008207383221697732, -0.007813956137142107, -0.013733015735210356]	1432591583660
[0.0010368153175774972, 0.0019390977927225578, 0.0021457662432029234, -0.0009228377757658979, 0.002579849404960923, 0.0012941395445308726, 0.0004784520685689474, 0.002467881340876669, 0.000272826008947888, 0.0005903800280332648, 0.0049254341905493925, -0.0003286077954482294, 0.0037714760691508974, 0.0009210548457061927, 0.0016949333206541374, -0.00021391424398943168, 4.5904328599308414e-05, 0.0016358455591333563, 0.001420488037073661, -0.0004570963758266783, 0.0031724745456716543, 0.0019824711031247375, 0.003615270604668675, 0.005147998575803971, -0.0010084981664182076, 0.003872173374229995, -0.0003501447484290594, 0.00474488217997986, -0.00021988710455834824, 0.0017092768713863936, -0.0048307902536255404, 0.0006788076378012426, -0.0018317176607520044, 6.128891970939145e-05, 0.002573590153608521, 0.011213374806520574, 0.00705485923694362, 0.007533644826036595, -0.005672166571923441, 0.0007228385959140007, -0.013110938169994002, -0.0033775563798567262, 0.005273647873793888, -0.002655705846046671, 0.007662454583764901, 0.004434938627514177, -0.01186836938082239, 0.010506302072025995, 0.002175313119922886, 0.01853117942909684]	1432591794662
[0.0003511348509812522, 0.0003026217410607733, 0.0006012534052389032, -2.261387627649854e-05, 0.001404810725231006, 0.0007000826340100635, 0.00021734761251358876, 0.00023061205135783825, 1.7838882305321327e-05, 4.2382950247820584e-05, 0.0016475883848928196, 5.461829063583887e-05, 0.001635581158327784, 8.41182738808747e-05, 0.0010828495244807974, -7.872917797098292e-05, 0.00016175571974805816, 0.0010411086256114335, 0.0004126556017018244, -0.0004164263975754452, 0.00040480543495820845, 0.0032788276494924635, 0.0008666067753875041, 0.0019206179249673893, -6.376083861805635e-05, 0.0018864045191432218, 0.0008328367316169497, 0.00120022797421396, 0.00015810633157598686, -0.00048034612115134014, 0.00017364721260802065, 0.000343901015658988, -0.00020352307777594242, 0.0003873335673775462, -0.0007734412988456804, 0.0018412905656682067, 0.0018895575499236537, -0.0001242096448007734, -0.00012614757281722585, 0.0012495066046076186, -0.0011254261715184192, -0.0015017576120124755, 0.0017606326165423407, -0.0003594324982333353, -0.00038288280607372646, 0.0004509022473171742, 0.0010772715989200822, 0.0007240223141536808, -0.0005744243780503629, 0.0007250876566173705]	1432591970665
[0.00023537103375302434, 9.129766263796783e-05, 0.00035613758545211156, 2.5357818435479542e-05, 0.00035339611025540335, 8.72352181887102e-05, 6.756454085020484e-05, 6.444536451090689e-05, 0.00014061073642593407, 0.0001178490785840132, 0.0007018546563237932, -8.985143978884357e-05, 0.0007980975651254792, 2.778229879128035e-05, 0.00015087695696733714, 2.571920064884068e-05, 9.447991219147008e-05, 0.00042834958167854524, 1.3908864167681823e-05, -0.0003544380442295192, 0.00014644892184418367, 0.0006586975457468119, 0.00028798330954664077, 0.0005347273196175213, 0.00035408996996964657, 0.00033636931983941785, -0.00020063987173797997, 0.0010663781498061527, 0.00017884772445690667, -0.00016747905719217675, 0.00047837488611160174, 0.00016668961037954834, -4.6855800439744e-05, -4.1263632287834775e-05, -4.0948141276453076e-05, 0.00031544037850181225, 0.00035392106363178115, -6.411487866995727e-05, -0.00012846186563860557, 0.00042424660892404956, -0.0008773800455512761, 0.00012739487710112932, 0.00012198906036590787, 9.16867670092372e-05, 7.007619176773042e-05, -0.00045248181127020257, 0.0001543190371937784, 0.00043329564343035564, -0.0005495365991302283, -1.5254389071268186e-05]	1432591997660
[0.0014488577618451302, 0.0006882506077949295, 0.0015066847387753982, -0.0006927400888548259, 0.0013047873051214851, 0.0012817767795800586, 0.0011478678067222694, 0.0002995308581333429, 0.00022872220746121563, -0.0001226784370043599, 0.0025927777998484727, -0.00016629917735019983, 0.0025010441031013903, 0.0004365605969656531, -0.0023203238153406205, 3.64410088336287e-05, 0.001481815962483623, 0.00139923176798539, 0.00045570336455607533, 0.00119439913075693, 0.0018389420764531982, 0.0034849305978504495, 0.001794837567387019, 0.008064536839031218, -0.0006839037609536167, 0.000158224953529856, -0.004888034834982348, 0.0012089555718144465, -0.0013695722008640672, 0.0017375298051197936, -0.014152074919371862, 0.0025778776354887993, 0.01301396128168242, -0.01090456458589082, -0.0002513647627350228, -0.002688225749846177, -0.007989517306558006, -0.010730985650684295, -0.034429574219210356, 0.01583617713060882, -0.0071562902146399075, 0.013578118205886426, 0.011472631096055416, -0.00559066754769255, 0.05394969134728456, -0.01884994220130949, -0.012733826498760722, 0.023746962518129567, -0.03242167507249004, 0.015236803619976065]	1432592131666
[0.00044234864290323685, 0.0007435253633946516, 0.0006718449801260999, -0.0002721285963941697, 0.0009179239489281321, 0.0006930038363308363, 0.0008236617318934065, 0.0015802085605998192, 0.0004335168248658061, 0.0002358194581043765, 0.0038597060776993314, 0.0002087416069266014, 0.0032783353429477703, 0.012561694338765719, 0.0004976484926818964, -0.000198750232263543, 0.00016112460983337597, 0.0035767355975434827, -0.00023711678604139834, 0.0005329849744376725, 0.0012826797783742413, 0.0011674549916926267, 0.0006149416458775304, 0.0011208948190785664, 0.00041241494531597583, 0.00044336283224286424, -0.00027619512494292224, 0.0011729331049164732, -5.118295214205828e-05, -7.85319526797633e-05, 0.00013636420565392893, 0.00021649045222232467, -0.0004214552608645401, 0.0008349810463767715, -0.00030131643475686786, 0.00116019054786096, 0.0009287891286709507, -0.001497262363317545, 0.000456030694232633, 0.002047405163209534, -0.0006944598353959967, -0.001987500855013186, 0.0013047401749060354, 0.00025859967745852123, 0.001412768139776875, 0.0005170867282638576, 0.001533737294452132, 0.0007102021856747358, -0.002285038481183878, 0.0012734965747351137]	1432592474665
[0.014883182003081162, 0.015570336154337467, 0.04013577460028354, -0.010927794001127162, 0.39555236481139977, -0.18273355700844188, -0.012555743253587024, -0.011111250551307893, -0.004836802803073632, -0.0032423656630964485, -0.015105680915500313, 0.00843464928519051, -0.009707920768583215, -0.000866318673066499, -0.006880176250350407, -0.0022263804282720355, -0.0003873179859495066, -0.004430587285446075, 0.0025336270058472035, 0.005282655673548916, -0.03769709489425518, 0.0005289565724111831, -0.0021002164574683495, -0.0033440172962206764, -0.00013714584579225077, 0.0023875048705820066, -0.0009412549709857623, -0.0025166601687526026, -0.0011971537814771296, -0.0008881750352037805, 0.0011197559625077615, 0.001461404656604148, -0.0017431676075461615, -0.0010650079547717456, 0.00049497790667029, 9.914539910325023e-05, -0.010568135607393616, -0.002968357814411037, 0.002804659174352491, 0.0003839880682777535, 0.0016012089821183318, -0.0014400686920963527, 0.003241236777033511, -0.0029850163745609613, 0.0031237318163105047, 0.001999683536246028, 0.00024726008533221543, 0.0004748852022961209, 0.002539893688241246, 0.000255228389917852]	1432592786658
[0.0008972662244601357, 0.0008960945499368168, 0.0017864672151390523, 0.0004334840962591262, 0.003471343453261937, 0.0031272676759677093, -0.00042584425898985933, 0.0004939395171180037, 0.00014604863510620013, 1.6851616750945435e-05, 0.004836062201450408, 0.0010567409883133116, 0.003664622133293424, 0.0008468674346252875, 0.002650154674366061, -0.0002427153703189699, 0.0007157019151583603, 0.003449667244523675, -8.253114430534281e-05, -0.0029835066239639893, 0.002754365719117933, 0.003418471448077216, 0.0024675396520920786, 0.004950645083921964, -0.00042734133956494054, 0.002529526468031843, 0.0012062760297261402, 0.00844830101779149, 0.0020136006057295433, -0.003036835160160852, -0.0005780755830783263, -0.00016832581597119882, 0.0013569730462727383, 0.0004999668367680343, -0.0025208134016006024, 0.00173513728078045, 0.011077863031890801, 0.0015224793404332243, -0.005298187779355648, 0.0010215945059225263, -0.0052502509749919385, 0.0020476022527299996, 0.0005994709304081515, 0.0004820410809130799, 0.0026045039752863645, 0.00026592021800224375, 0.0023309305536187387, 0.0011472497012701116, -0.0032040950124597677, 0.004214356495696198]	1432592900663
[0.000244379374607898, 3.4752531103720934e-05, 0.000122025569127956, -2.1123122364481707e-05, 0.00016066446544951146, 0.00017678623089452565, 5.390802491376181e-05, 0.00010007264819555295, 4.224047032015101e-05, 5.348414032377777e-05, 0.00033537585269709274, 6.289245800700628e-05, 0.00036264775191318245, 7.988781668593576e-05, 0.0003387280161700795, -1.6356345238866794e-07, 4.742110339979768e-05, 0.0008435278977923545, -2.5796104497992526e-05, 8.385825447388609e-05, -3.7591784010069715e-05, -0.000137246367297555, 0.00022852138140366487, 0.0006629684115463804, 0.0005609078455363774, 0.00026325451040089124, 0.00015530566565345673, -0.00011004388011873672, 3.6870040455688507e-05, 0.00011587860577338559, 7.393678454392923e-05, -0.00030373343603973095, 5.071892480149235e-05, 0.00048605683336820947, -0.000445674641731863, 0.0006414983402478461, -2.306973117189964e-05, 0.0006339912007400671, 0.0002830813264557357, -0.00010555051553094458, 0.0002754632449171765, -0.00028044299405319414, -4.299284453159598e-06, 0.00014229860449699926, 0.00027491384366974903, 1.9647510004987888e-05, 5.2638859823038194e-05, -2.9973775520255977e-05, -2.4879930946819894e-05, 0.0002984844663347602]	1432593095659
[0.0005228215080918433, 0.0013356723316722487, 0.0011097026335908546, -0.0004571092878740069, 0.0016247468259342694, 0.0012444061053170855, 0.0004923282374786327, 0.001027207289118448, 0.00011696090018040914, 0.0006348256139497654, 0.003545921554783928, -0.00048566971127493146, 0.004773781829980499, 0.0002702942145980181, 0.0018246602548481566, 0.0013593456728318051, -8.593812551819389e-05, 0.004427403414206313, 0.000812452064954303, 0.0003516059875203011, 0.0013431690556992342, 0.0048900075410918745, -0.0025849023226089634, 0.010260180932599616, 0.0016932179172921607, 0.005114248331707287, 0.005065834187527208, 0.003307598547838093, 0.0011999392283709002, -0.009309040984085885, -0.010687033899182246, 0.0006167201417291715, 0.008732322232919741, 0.0071096445040571676, 0.0028011173551027333, -0.0036277678632361957, 0.021313520800290336, 0.013585064603021158, -0.015552311822527814, 0.009829133190500019, -0.010560420957008747, 0.009210589921555405, 0.01269011247687089, 0.015824805089682613, 0.01952382426187357, -0.03854900263832047, -0.009557212987770824, 0.03768403310429221, 0.019230350975135417, 0.047736242137818324]	1432593538665
[0.001967430909094945, 0.002070738331529082, 0.0031953096614583103, 0.00019413446913429803, 0.0050195245782668025, 0.004160100081391112, 0.0024029749694386955, 0.02954303890743869, -0.0005908309838423261, 0.0043502595173218975, 0.019851136938953656, 0.003731556745595192, 0.023518359190385973, 0.0018541016953618264, 0.02564895849455363, -0.0009061342065535315, 0.004105997486787967, 0.06956426633470524, -0.003718000611656362, 0.0053935880190850195, -0.003513039193604393, -0.00439166870561359, 0.018004936596991095, 0.14535633415695803, 0.21353236954644542, -0.12214834954450658, 0.0516971457323843, -0.05565558334113273, -0.027588409185385923, -0.020687841827969056, -0.004118847457185807, -0.09162778619945029, 0.03854333816870178, -0.007909319805809306, -0.009892823962768355, -0.011680929003176998, -0.0268498077566896, 0.0005193581944372604, 0.004676103240103651, 0.007549377760518239, 0.0010975188239214732, -0.0014302890283825569, 0.002448250781485894, 0.0009075752706315662, -0.001690427370248006, -0.001834056733899053, -0.0012914024371427678, -0.0007109140655789308, -0.002184580310309955, 0.0023706805851318037]	1432593630660
[0.0038920371350930293, 0.001950822975894448, 0.0026210370133283815, -0.000364722881836246, 0.005390317113043531, 0.0034177394232990394, 0.002919110889048378, 0.0019052917552074447, 0.0010110820236748155, 0.002530100538559206, 0.010928659834472174, 0.0007179893052232706, 0.005346775264509715, 0.001937279691607409, 0.0020422347818811735, 0.0019148971540903074, 0.0002554248092855166, 0.000495208408792079, 0.0016159104448462335, -0.002087676038888877, 0.004374908460741259, 0.0002256258095963607, 0.005995371594847946, 0.01069713653452652, -0.0017244254041805238, 0.004084779400063444, -0.003742690362256684, 0.008832432564836911, 0.0017683654743729433, -0.0008877516700525873, 0.002794866749782951, 0.0039224054322767295, 0.0018106904145489644, 0.0010319106329490374, -0.005682696974777356, 0.006800367899124749, 0.0015349556482479349, -0.0006963444821387293, 0.005960352921311031, -0.00588125028372232, -0.006664982017679501, -0.01591885446609466, 0.008737507575713855, -0.0054387784176407935, -0.006626709300066299, -0.005623075041973988, 0.0005532007500150881, 0.014692875562268478, -0.008692574615664408, -0.011950047105009727]	1432594394665
[0.0005955367162675044, 0.001170390713628283, 0.0010023262799563723, -0.0004225382598754831, 0.0014581140386458144, 0.0011184782130605644, 0.0007271751572547539, 0.0008950897260829372, 0.00011019466756784837, 0.0005370779567401045, 0.0032072210689880623, -0.00038678029377852156, 0.004184922478146644, 0.0002956489549035899, 0.001736564141201846, 0.0012156463456158178, -7.15568832307152e-05, 0.004053071793835458, 0.0006458179511391343, 0.00038011804740054164, 0.0010301684059198719, 0.0044199102437375605, -0.002225721487066659, 0.00900344284030907, 0.001500201254458818, 0.004556127991225034, 0.004459902754001573, 0.0029714135257459043, 0.0010255046065830284, -0.008009996129050442, -0.009351338413267237, 0.0006109063423846857, 0.007620803992257279, 0.006297024250454169, 0.002439966136004157, -0.003160963973237737, 0.018777496527302276, 0.012028097306930675, -0.013711673101983407, 0.008748303368152431, -0.009302161829188664, 0.008022326455427988, 0.011240944864415792, 0.013877047046874404, 0.017193770927888184, -0.033848057310295596, -0.008350038804052193, 0.033167577854596106, 0.016997079694434893, 0.04194968182151622]	1432594858666
[0.0006892827881540975, 0.000572169643602374, 0.000952352125870135, -0.0003868019860652309, 0.0009177261488335628, 0.0007437639779519355, 0.0012563595049744267, 0.00019091663158623764, 6.842306874195786e-05, 0.00034853588520532215, 0.0008504255976733628, -0.0001841539958096253, 0.0008366549927998912, 0.001257867029650683, -1.582196178981214e-05, 7.004131542888165e-05, -9.6168269379695e-06, 0.00011864784492663078, 0.00014963961420633536, 0.0001800801697276062, 0.00019924706616424034, 0.00014025624921885804, 0.0012583062978791012, 0.001844400963712958, 0.00024056797824960916, -4.471241009851494e-05, 5.108856161583588e-05, 0.0008708162508359225, 0.0004516007212717954, 0.0011735780800555845, 0.0002243931100204684, -0.0005360755180225225, 0.001064432307922764, 0.001303910349435619, -0.0014645242704412265, 7.831144630829198e-05, 0.003897020428236327, 0.00038939628713036747, -0.00019152099918136895, 0.001899809216013505, 0.005740133470496034, -0.00020154656542455956, 0.0010793008758536512, 0.00011487944709476644, -0.0009888429841293275, 0.0006369912329281398, -0.00044944286477306884, 0.00012874831731309454, -0.0001483249811625674, -0.0004315215794764949]	1432595148665
[0.0013130348851408027, 0.0009714635801893462, 0.0016980566232615696, -0.00035893402446167595, 0.0016657564944251504, 0.001859787626854114, 0.002162738733369219, 0.002477379889025032, -3.848478088425744e-05, 0.0010026491359850216, 0.005760300312045739, -0.00031415873107314867, 0.0030308705203582805, 0.00012419359752326173, 0.0016815533185824006, 0.00023598095402358583, 0.00022358973267254818, 0.0020029183155076515, 0.0020735545657791276, -0.003198186791510873, 0.0022282289844191942, 0.0018462930880703068, 0.007093469605241969, 0.007438055140441642, 0.0024459898626554098, 0.014077740857145126, -0.0043909229732635256, 0.006356302900260998, -0.0008975901724549176, -0.0013294585431010834, -0.0030206055900906105, 0.0004530398354596996, 0.0017338697998713062, 0.00035633080882356745, 0.0013189237588471993, 0.0007612422981584298, -0.0003191677891480394, 0.005602624129272314, 0.002528033560076704, -0.0010721931978193654, 0.0011712634771208115, 0.00044737774402974916, 0.004606324553744256, -0.0010970490621472963, 0.002672235415920005, 0.0032908433383359165, -0.01083128539522759, 0.003736265843983423, 0.004167174579957884, 0.0003534977507096744]	1432595196664
[0.026204340198430133, 0.038815536815685454, 0.39613477945955433, -0.20645858296021907, -0.05215512391080235, -0.005502436719618428, -0.010582713341215225, -0.004539675201681609, -0.003933503237422161, -0.0032240007125994893, -0.010765513920889452, 0.002855359838075643, -0.006602549851511831, -0.0009408159374619574, -0.003810338989762722, -0.0006468322599169457, -0.00046700984692558685, -0.0010145045568416534, -0.0008403818977296651, 0.00401765201331951, -0.0036885148457694123, -0.010045459159921789, -0.004636285551193587, -0.004718214833840265, -0.00019233600769802086, -0.00040411953985424023, 0.0008864597560586702, -0.0048352016925430575, -0.0013127123952384446, -0.000884368761816455, -0.0009837813386481048, -0.0006862082307109846, -0.0008990691859840958, 9.945514776076902e-05, 0.0007744145027703774, -0.00046801992248233853, -0.0008229523554420256, -0.0004728290446870527, -0.0025931008173968252, -0.0005881542742636574, -0.00015692886911323524, 0.000441637849961856, -0.0011769591009172433, 0.002995880407235177, -0.001034853744407691, -0.0006355867549804684, -0.0005364168122238639, 0.0026489618394205205, -0.001411632730623293, 0.0005582630781210139]	1432595276659
[0.00013041479641419642, 3.550952410565171e-05, 0.00015887293500264267, -5.132485726111584e-06, 0.00020928763901334517, 2.9077864582339274e-05, 5.601303392334791e-05, 7.12660585229146e-05, 2.5108259262761776e-05, 3.8308601703866914e-05, 0.0003086064897922471, 2.483573898536048e-05, 0.0003511164914383702, 8.088395348076276e-05, 0.00018829354868022435, 0.00016737478392340213, 6.326969572518395e-05, 0.0006387828895955702, -3.915801118891796e-05, 5.494629012379662e-05, -5.4817962612059264e-05, 0.00022231605339494056, 0.00019798848835087096, 0.0005724233404976281, 0.00039819967803029235, 0.000544886430047028, -0.00022829804047534998, -8.298723574875729e-05, 7.715909040084361e-05, 0.00012377233268285107, -6.819807960478906e-05, 0.0003261982097592477, -0.00010943934445968202, -8.983509039548889e-05, -3.90743880567297e-05, 0.00010535517888993929, 7.862665702458012e-05, -9.194705694706358e-06, 8.282008841140607e-05, 0.00013466736777676465, -0.00020568870699425563, 0.00013192718557340755, 0.00016825007297729082, -3.1955851450917376e-05, 0.0002458156701904444, -7.373073602016563e-05, -0.00012285234260017358, 0.00023291649409805653, -0.00014853225167593313, 6.666184668224616e-05]	1432595772662
[0.0018397583984899667, 0.003607972450689193, 0.006227919153558926, 0.009066915940521371, 0.0020881515724268562, 0.001711796589022131, 0.0012716702845922674, 0.001768020586203718, 0.00027637876167643864, 0.0010893859934451163, 0.006818304237395776, 0.0007571906412843255, 0.0035363321441732915, 0.0012354336185669544, 0.0023511596847893786, 0.0004916195330729402, 0.00019864352794891362, 0.0035053086869636383, 0.00034860107901530936, -0.0038718096256740832, 0.0025206655601926627, 0.002953767063061014, 0.003525388870412826, 0.00824199894495358, 0.0035994057403524455, 0.004571535156987946, -0.0008855009977746988, 0.021792678995976124, -0.0006082201166318827, -0.007434756784713472, 0.0005038721055105377, -0.00011511063794213602, -0.0017481781406944754, 0.0006937394883656203, -0.0004928915914873455, 0.000559127991358154, 0.001653429376311312, -0.002406456674761246, 0.0019299384766093644, 0.007119878327162037, -0.002256710505135533, 0.0019447409987806419, 0.0006112564645573103, -0.0004912296104210888, 0.0067474883431072625, -0.0005368981725968204, 0.0002755086098796699, 0.010412140538051451, -0.006019916747388388, 0.0012074739437312253]	1432596577660
[9.996377835017222e-05, 2.1479633277505243e-05, 0.00010369702108585991, -3.711496113299121e-05, 0.00015070949424926132, -1.551433471323355e-05, 5.759502544159696e-05, 6.633504367555214e-05, 2.462820242971754e-06, 5.474444479461235e-06, 0.00016914315535083654, 3.338784009551171e-05, 0.00022827102230682771, 4.411840194546151e-05, 5.586731043352538e-05, 0.00016241335188757383, 5.3783285780899924e-05, 0.0003780744149989767, -1.8700473730498227e-05, 4.6303316792509814e-05, -4.279407145330327e-05, 6.816294841625957e-05, 0.00017137426747586073, 0.0003580336222804586, 0.00010177844429357524, -0.0001414641141760404, -6.821315337648422e-05, 7.714448249790813e-05, 9.54678956700647e-05, 9.269810626748639e-05, -6.102488778667092e-05, 8.132941665234177e-05, 5.2975326622044705e-05, -1.2257987980955652e-05, -3.465610123982614e-05, 0.00013409163719063367, 0.00011188057646931344, -5.087601936732655e-06, 8.978817216930327e-05, 2.7902984152389413e-05, -0.00020742499556452435, 0.00012248558156743785, 0.0001706055554002382, -7.359332642646535e-06, 0.0002675149834893487, -5.188807525784878e-05, -0.00011532173324662637, 0.00017348744035535247, -8.962659697958173e-05, 1.6876116060508642e-05]	1432596864665
[0.00024150713783367448, 9.805670158685407e-05, 0.00012563035245417316, -2.558358453058652e-06, 0.00019389182339439237, 0.0002573451822478686, 8.051385843731412e-05, 0.00013190291734898438, 4.836302318988033e-05, 0.00013799323067628064, 0.00041258202641614243, 1.4658397229456847e-05, 0.00047877024824948027, 2.3699692032593988e-05, 0.00017339082413677406, -7.061361261663557e-05, 4.037206703941465e-05, 0.00047097106132738267, 4.671192516224988e-05, -2.7719002729306534e-05, 0.00016698577004925085, 7.811555668734145e-05, 0.00021203913587693017, 0.0005846296778375138, 0.000446350983990406, 0.00022571110830129276, 4.883847836581537e-05, 0.00011023311070773545, 4.450815907747964e-05, 0.0001117029501305147, 0.00012522719612893265, -0.00014671985623217087, 4.3736734604426005e-05, 0.00037687810083847443, -0.0004008145825353023, 0.0005605333789876924, 0.0002576762261734078, 0.00048028093106541664, 2.3767788314616202e-05, 6.903484161822901e-05, -1.0244684990482842e-05, -0.0004397972257881607, 0.0002693442608702413, -0.0001436347379003472, 0.00014465510590533758, 1.8589977586869353e-05, 1.2558730586616316e-05, 0.00014134719562297686, 2.580490519499972e-06, 0.00010276220986228441]	1432597023660
[0.00027658331224261805, 4.8851649974364116e-05, 0.00018510984559209952, 6.230151553460304e-05, 0.0001832108605328201, 0.0002037034024141481, 6.365221441886602e-05, 0.00011564346820369096, 5.004321075481468e-05, 5.803370585508345e-05, 0.0004465544788639234, 0.00011839905015036321, 0.0003983597765772414, 8.7568770224683e-05, 0.0003803676788439454, -6.598507767130097e-07, 7.870300236510297e-05, 0.0009487246386722195, -4.4475311418848395e-05, -3.8014048230184995e-05, -5.305869951959235e-05, -0.0001407135951844718, 0.00029829319396113734, 0.0007265196851220852, 0.0005969044748457205, 0.0002652825997521287, 0.0001726255869051946, -9.321022314938474e-05, 0.00010979048367048092, 0.00013831152644537905, 7.069751282809522e-05, -0.00032833861526328326, 5.9168855344843774e-05, 0.0005251098498759244, -0.00047421859408802665, 0.0006753705314762925, -2.8404957302831374e-05, 0.0006799636413975644, 0.0003046820095314233, -0.00011505908628913592, 0.00027509102881959904, -0.00031160204379966313, 6.915735151633483e-06, 0.00013112024487398738, 0.0003000143368216632, 3.7945741521417704e-05, 7.615475110037714e-05, -1.3744755875008925e-05, -5.5413496832025485e-05, 0.0003217211124285466]	1432597266665
[0.00020743818726341148, 2.9963031653272686e-05, 9.426153283691542e-05, -1.6482837126324764e-05, 0.00010176996038431275, 0.00012088583887274897, 3.695112007871606e-05, 0.0001149549376541119, 1.7395969002638297e-05, 5.751618363883586e-05, 0.0002854579169387694, 4.765822324460728e-05, 0.0003265591229371252, 3.077451063307969e-05, 0.00021520748884192896, -2.5372146553736293e-05, 2.68650423846357e-05, 0.0003898182226751903, -5.810781301528876e-05, 1.318512327687388e-05, 1.05117695465613e-05, -2.381812390869269e-05, 0.0001814310805502845, 0.00046261414946610434, 0.0003481182101057017, 0.00011589047979243677, 0.00010997273777162115, 0.00013058780554174777, 3.800528960896704e-05, 6.110565560094081e-05, -2.335754858998508e-05, -0.00011098405485570461, 5.5361976275732085e-05, 0.0003275118234965925, -0.00039384081111190096, 0.00042557861149222775, 9.471140945211613e-05, 0.0005488713008751559, 7.972596261450858e-05, -8.819343558516273e-05, 1.2907917232623432e-05, -0.0003659786352602408, 2.4850724712582586e-05, -8.831217962359329e-05, 0.00034053352628263576, -1.4522516118955966e-05, 7.520442056075855e-05, 4.8578276134823545e-05, -6.979072627248414e-05, 0.0001761723140103689]	1432597410662
[8.657935356255747e-05, -1.3383435280879147e-06, 9.337024177646912e-05, -4.455254791759621e-05, 0.00011503290427234765, -4.404948583365856e-05, 4.325868745946543e-05, 8.097178018098376e-06, -3.143013050873393e-06, 6.59368356353028e-06, 0.00010133156644274467, 1.557256852784599e-05, 0.00017621526809971842, 4.354846280583535e-05, 9.434816669951105e-06, 0.00015334156933111722, 2.6136209640015147e-05, 0.0003396112737875424, -6.508533887393741e-06, 5.4807249927606455e-05, -5.2748502674750475e-05, 3.836645879464912e-05, 9.261472899769692e-05, 0.00012073332601214316, -0.0001186042436094856, -2.1793917717374556e-05, -8.594616024838812e-05, 9.033518212116729e-05, 0.00010369928370736499, 5.374678301832352e-05, -6.467807192302543e-05, -1.833604793062209e-05, -2.5353054448393698e-06, -5.856718898665606e-05, 4.3596352186098274e-07, -1.0548796777174971e-05, 5.714901285768336e-05, 3.1672309922051094e-05, 9.766242767191096e-05, 4.5022995770588636e-05, -0.00016797983383376005, 8.417549532016603e-05, 6.970454332529694e-05, 4.507000423961019e-05, 0.0002536727287677054, -0.00013479348732110176, -0.00011977669487451772, 0.00014718741234599268, -0.00012090317789138598, 5.3268157924223556e-05]	1432597442659
[0.0004458229463551929, 0.00037341243794651385, 0.0006737356046071999, -8.934795744912706e-05, 0.0013317214903553623, 0.0009424537828349783, 0.0004963962611858193, 0.00033184509248072197, 0.00030632446100950636, 0.00012493897450632628, 0.002786984993000334, -2.3654020154385615e-06, 0.00236877424912405, -0.00012466349483965946, -4.0148419006600035e-05, -0.0006441642238595514, 9.380251121232733e-05, 0.00020265361276714994, 0.0002710911024373216, -0.0003243084442212288, 0.0005775279373947946, 0.002654536135192193, 0.0013674092550054959, 0.0017906512587783606, 0.0002139037582738171, 0.0019302760531301657, 0.0003741818605077045, 0.0011748247799079382, -6.580021795152036e-05, -0.00037881682793955706, 0.00010915255340219516, 0.0015121642023947775, 6.498637514905247e-05, 0.0002674368349590896, -0.0018296076264570648, 0.0034512948231036574, 0.0016402303577535695, -0.0018374180543812033, -0.0004525293177384082, 0.001012441485444735, -0.0008775678108907662, -0.0020824284366260724, 0.0011003919412037563, -0.0006344022397854429, 0.00014801143661204754, 0.0003473830654946776, 0.0009079923155726628, 0.0008978927124433979, -0.0008305913248254285, 0.0003695091027544272]	1432597873664
[0.00024310644688761493, 3.473777880262955e-05, 0.00011451751970866947, 5.469781395870934e-05, 0.00012063680178509063, 0.0001381547398493539, 4.164676084353189e-05, 0.00013316768089445918, 1.981383833784775e-05, 4.7872528177821173e-05, 0.0003167202628909945, 7.417310429433605e-05, 0.00032924167730163744, 4.270928983948835e-05, 0.00018402025443043225, -3.8744543209135165e-05, 5.127240979364e-05, 0.0005056315039024215, -3.971051546995729e-05, -5.532980525743659e-05, 2.649141567270056e-06, -3.5831018277788865e-05, 0.00017771361265007685, 0.0005039995516844574, 0.000364567298639101, 9.07141396041068e-05, 0.00012763478842345226, 7.2783135053617335e-06, 6.68297842988218e-05, 9.490700900314138e-05, -1.8016465879742084e-05, -0.00017426747745396604, 4.466050933591639e-05, 0.00035905200014008657, -0.0003914802067169635, 0.00044476024097817133, 0.0001105187658621474, 0.0006332548497294879, 0.00010603789151596924, -8.519445580272027e-05, 2.9173074226523518e-05, -0.0004150730562917389, 4.378524455517867e-05, -0.00011251831909381091, 0.0003913711049933135, 7.975795742474477e-06, 9.357334155142478e-05, 6.561362166611256e-05, -0.00012157088185193867, 0.00016844577946617504]	1432598314660
[0.00034026988514333, 6.318390541609278e-05, 0.0004020347092367655, 7.212313035597256e-05, 0.0003609363655009646, 0.00010016059856140155, 2.08157056560298e-05, 9.948830567602194e-05, 0.00012155024384970817, 6.615144060549166e-05, 0.0006517951053239377, 5.8037997080254245e-05, 0.0008004970577630521, 4.433084163004785e-05, 0.0003171193399420389, 8.569995399943372e-05, 0.0001125935784867216, 0.000570091667776416, -6.746459237922376e-05, -0.00040167795494398903, 5.442517179072133e-05, 0.0006087806545545988, 0.00035400922959402475, 0.0008547495778540155, 0.000553083685640251, 0.0002323943750271567, 7.223480335183745e-05, 0.0009373917581665707, 0.00017656089349847684, -0.00015302393533825679, 0.0002588080227345897, -5.5908177375940054e-05, -8.181144136015607e-05, 0.00016883077808128744, -0.0002669428427353515, 0.00035622280891562714, 0.00019266501908160328, 0.0003702455450117058, 0.00017962869708625787, 0.0001149109797619458, -0.0007951119130011847, -4.577639942044618e-06, -7.406650356088863e-05, 8.955585475476663e-05, 0.0003570407569242015, -0.0004806115356804, 0.00017484707691057226, 0.000187591038574241, -0.00046888003866837983, 0.0002965417670276806]	1432598673660
[0.0009914862932311587, 0.001724807118695013, 0.0029454402110387625, 0.003628606993974937, 0.00166114489738979, 0.0014399161084675174, 0.0006543204742724307, 0.0010068667628174133, 0.00010886399868132766, 0.0007286152117603983, 0.004365934059693498, 0.0003037093613552465, 0.0027586189661316673, 0.0005258439009849812, 0.0015306478653446687, 0.00015283667901405706, 0.0001337121223383755, 0.0015771521860369166, 5.628664432014636e-05, -0.0021919541081021937, 0.002350446230195499, 0.0020646058520866145, 0.0027561218101388708, 0.004903777261769676, 0.0014598611624907583, 0.002735224129579802, -0.0008454277180304888, 0.010808164322852497, 0.0006926809107304432, -0.0035053542806349302, 0.0010117464786311755, 0.0005950768224001442, 0.0011075632747499016, 0.0003785205027022328, -0.0011624726383248059, 0.0030398557966491067, 0.0010122964894333036, 0.0002053278773833875, 0.00036758195426016347, 0.0039062021744378454, -0.001936915180447685, 0.00028669027341068963, 0.0021364290130951066, -0.0007129306735899105, 0.004239545165943358, -0.0014652491801444617, 0.004735330175476323, 0.005430071709685075, -0.006070185565619096, -0.0014444658144081818]	1432599347665
[0.0009814594392049147, 8.983262836665546e-05, 0.00013409685547565754, -6.296510202521913e-05, 0.0003844495408207817, 0.00023413825672136048, 0.00037778123483516346, 0.000321900327141746, 0.0002552721791825818, 3.9607084619955894e-05, 0.0008181735168999742, -0.00010866089699675189, 0.001171783054394214, -4.315832886062284e-05, 0.00026430003169887044, -0.00014360756132793275, 1.6104860444008406e-05, -2.616664567658676e-05, -0.0001808044167787491, -3.086153799862115e-05, 0.00013394239102851083, 0.00018841904873581974, 0.0003527340091615765, 0.0012784795865437228, -0.00015234075591693204, 8.289741567942712e-05, -0.00015362773620353754, 0.00032897642363709977, 6.067489578524894e-05, 1.966473665225595e-05, 3.123146099473689e-05, -1.0336273634986783e-05, 0.0001278094891261437, 0.0005611777802837179, -0.00040616325325980003, 0.000952297093654951, 0.0009325489885447279, 0.0008399477034550495, 0.0013975301817662675, 0.0006251784110513271, -0.0005291255898476722, 0.00022811630894642562, -2.8260076681300306e-06, -0.0011048857884655605, -0.00036890514205904627, 0.00012255920535062765, 3.9095347630933816e-05, -0.00023726711841627883, -0.0003273637647855149, 0.00043554325954847867]	1432599469661
[0.0027779652136571413, 0.0034018342166482166, 0.006204695252580672, 0.000746619733901716, 0.008421853182830136, 0.008807264931033724, 0.004075650609252338, 0.018071463477485426, 0.0008993285561562138, 0.0038602589617504073, 0.10831061766383719, 0.0357105052799343, 0.10956396202699481, 0.01542292348158498, 0.1346700330952827, -0.0023449304138855867, 0.025593907717296, 0.5167253040040557, -0.004574256573134303, 0.09026040959665207, -0.07248922208761269, -0.04884089570036782, -0.02820473449499418, -0.11126508562442403, -0.11261098404899861, -0.007710840245868109, -0.008864752696613215, 0.015895026593590107, 0.008964077148454966, 0.00927009102655614, -3.4287812198911864e-05, 0.031058369326551215, -0.01335590929738232, -0.0007714130411799624, 0.006302417173769605, -0.0056094457548876275, -0.0010127779546078876, -0.012095496189414487, 0.011412566449646918, -0.016411747691839014, 0.00601902618289561, -0.003336200120582255, -0.00028831962358414763, -0.0019857300711557113, -0.00041351830818322176, -0.0026674362572849703, -0.000893542583116022, -0.0028421995241821245, 0.00027773166592042305, -0.0021694190776324015]	1432599573657
[3.495099128192167e-07, 2.7546012314523897e-07, 3.4799035666739214e-07, -1.8836803155003275e-07, 1.6209302130256835e-06, 3.0715600061587072e-06, 1.976505387113426e-05, -1.3687435902771679e-06, -9.053786913592319e-07, -1.0256576802260883e-06, -9.342202400066223e-07, 2.122444901397921e-07, -8.454180010664095e-07, 7.829868874046383e-08, 3.050588464816665e-07, -8.226931618099601e-07, -1.0808389771945395e-08, -2.537453771178258e-07, 5.674165844979563e-08, 7.184494029231287e-08, -7.559110539957762e-07, -1.0059288024257326e-07, -2.794244331247219e-07, -8.219666039528041e-07, -1.0520653292005896e-07, -7.376492906028852e-07, -4.2146988657171774e-07, 2.6984940595150007e-07, -1.6251791087153963e-06, 5.1552126517812e-08, 1.4500913665592377e-07, 1.7841670130548993e-07, -1.3951492693340446e-07, -4.612956630004079e-07, 3.8449210670637845e-07, 2.1808816939028514e-07, -2.4038875561379833e-07, 6.003285656706883e-07, 9.348299079736128e-07, -2.05876280729911e-07, -1.0669859903852067e-07, 4.7643575423371693e-07, -2.245686882265853e-07, -1.2061961953610168e-07, -5.730563615831801e-07, -3.447526283042255e-07, -1.6939707041155278e-07, 1.5754394096338389e-06, -1.4601965921182635e-06, 3.2272895459096996e-07]	1432599602666
[0.0026143852310031666, 0.0015074327911043504, 0.0028124000707299753, 0.00031482632090296044, 0.01010053221514748, 0.0010232829042283974, 7.674379562273722e-05, 0.002898247327230607, 0.00035172088668581323, 0.00014734826440500277, 0.007561338601155314, 0.0014386659656356532, 0.0077759779578976, 0.003748913772245161, 0.0015039027438675122, 0.001034769865516429, 0.00017650232757622066, 0.002197327875829034, 1.0969546895256086e-05, -0.0011853983907920951, 0.000602067030415725, 0.015733748495120402, -0.00025438909681849923, 0.010522072987588395, 0.01066586845481535, 0.014870272761173926, -0.005095879849897287, 0.023978820693931063, 0.007565900756208578, 0.00437147073670235, 0.0041323204402761455, -0.020954212529643055, 0.0007498819195727602, 0.0030444268566318213, -0.002008389887583339, -0.013753617492675773, 0.017961579066134298, 0.0011855504524281813, -0.021999413728538766, 0.010957209284150542, -0.06431183401462759, -0.0076897822997145085, 0.003448070080881573, 0.03952604087801709, -0.013715476885429869, -0.025767876260256378, 0.018448330628650037, 0.029556066752845417, -0.029517498835565384, -0.0007939600007255584]	1432599845665
[0.0019456321167754937, 0.0004903590086132785, 0.0012327772553564996, -0.0005313765739366399, 0.0014870876280690466, 0.001702889294325111, 0.0016165874279851513, 0.00044252687624650385, 0.0003687517929308421, 0.0015671024121750392, 0.0026014585343165863, -0.0005184975239227472, 0.003251881906070214, -0.0003369990723253652, 0.0012903624897890485, 0.0011253291284931586, -4.876780372004086e-05, -0.0009840584675111271, -0.0005460246168385472, 2.0426787780705155e-05, 0.0014787271156058847, 0.00026265506947969715, 0.0026673698886342492, 0.002466893123572564, -0.0015731060153029869, -0.00018573454450642764, -0.0004715115856901389, 0.001492452366446205, 0.00010878908041396572, 0.00073462304026158, 0.0007300598188443454, 0.0007532865874070378, 0.0014438458044416483, 0.0017090981513636513, 0.0013031789904851354, 0.00356373821778951, 0.001756754156967149, 0.0022947634120574437, 0.001149193114630059, 0.0042856634953918026, 0.0002990353342674892, -0.0008038938296570875, 0.0013084195385047429, -0.005290290762423414, 0.00034381712369068975, 0.0005823886137707201, 0.00123956992383063, 0.004074016436629474, -1.4021001480693833e-05, 0.0038157419161530177]	1432599892658
[0.0010693999772780883, 0.0010049916505011623, 0.002919734012446035, -0.00041049407027758645, 0.0029832862402004814, 0.0029431992177476633, 9.999399913410534e-05, 0.0027816554848422775, 0.00034471212475664886, 0.0007688920353009212, 0.007357602475473723, 0.0012711495310839562, 0.0076916722614331955, 0.021951037170806195, 0.00012112727175790517, -0.0003484931045014239, 0.00024556114798890633, 0.0012695416515061068, 0.0008070845663528058, -0.0023661643480658457, 0.002494400984522054, 0.001481782805754754, 0.004034398598842328, 0.006813921461144829, -0.0011094161368652065, 0.004446009995268595, 0.0008765168300173087, 0.008765990783954762, 0.0004144228312694616, -0.0008438883400660082, -0.0053763858348337785, -0.0003303072856082897, -0.000544760318650097, -0.0008395525096371323, 0.002768304592075275, 0.008258927282120186, 0.015799988787976917, 0.004747025335213673, -0.00963176319855829, 0.001379119138350366, -0.018917503122937863, -0.0003333380250118399, 0.00407040119357928, -0.0005374038304025923, 0.01060790870057421, 0.003986031805848323, -0.01234775798776737, 0.011123689605718204, 0.0004432748397368923, 0.02213006163128743]	1432600138666
[0.0005377912179608464, 0.0004975440321260052, 0.0003731671335130032, -0.00012100480588047595, 0.0009070508029034542, 0.0012333478245883246, 6.273601932430568e-05, 0.0008230959472494965, 3.7998311848115376e-05, 0.00016469761829897276, 0.001840583038222334, -0.00016214653149871424, 0.0010270179067226445, 0.0002710235113282451, 0.0006498588069216149, -3.0249738815171977e-06, 4.947283115427769e-05, 0.0004486148908751312, 0.0005383679323971788, -0.00035245667482399086, 0.001333304592859928, 0.0006163554936092628, 0.0010927177966237613, 0.002149975976387983, 0.000870038790512601, 0.0025381597583671056, -0.0005043268513322243, 0.0014460669997337994, 0.000389220169246742, 0.00017150838712914725, -0.0002169596126071103, 0.000778637510781725, -7.4022971386095e-05, 0.0008745645701637222, -0.0010281858956653614, 0.004710529716658696, 0.0005022551524144915, 0.0004797088042545203, -0.0007609605470133532, 0.00011800113406479632, -0.0008049359042549569, -8.896230789450062e-05, 0.000568464820295255, -0.0007181075651669147, -0.0010191116477304548, 0.0003479798810057544, -4.3821254263470595e-05, 0.0019946712347133013, -0.0020640817008593516, 0.0003451816580989423]	1432600682663
[0.0005095802350418887, 0.00030454482538302876, 0.0004671754771534393, -0.00013599744672514248, 0.0005375162934076228, 0.000490225996969067, 0.0006440610169164364, 0.00021737729398868218, 0.00013702565301193894, 0.0001706556228631785, 0.0011654226711980019, 0.00019363110725906726, 0.000910875664499241, 4.7828728808988844e-05, 0.0004698892586647895, 0.00030733310307665314, 3.672928306458868e-05, 0.00020499133013510723, 0.00012080152124895653, -0.00015618520490904547, 0.00025506207041383765, 0.0007626029044004792, 0.0007489900405407398, 0.0019183050728696287, 9.21733940190962e-05, 0.00015284850725098923, -0.0003908002865659491, 0.0007060865610125658, 0.0007807395665528192, -0.0002569357161633117, -0.0002310819064942424, 0.0014319295298214011, -0.0003860073646007176, 0.0005576285504928914, -0.0005634673978443509, 0.001585612825578117, 0.0011842241265847151, 2.8004551866690816e-05, 0.0005840139083691515, 0.0009196331235703653, 0.00021544142710160536, -0.0014304207547347163, 0.0009823349886833323, -0.0006813459957890266, 0.0004940305135952602, 4.002217761139697e-05, 0.0011542924798153527, 0.0012370701801077987, -0.00026332782017348967, 0.0008275224203856338]	1432600955663
[0.0007615957623777771, 0.0009995390718691205, 0.00218513738472286, 0.00014448227758214667, 0.0028264403893677233, 0.0025443155615398724, 0.0003686289174251314, 0.001254866306590381, 2.455280332266241e-05, 0.00016056943602656511, 0.0044356096194343095, -0.0007367421083596488, 0.00518125076765243, 0.00023353939001050366, 0.0022935419932146855, 0.00402691765127059, 0.00021268617464656955, 0.0038422379927541737, -0.0006725449699450082, -0.0015798333351985186, 0.0025395955804621687, 0.0011569432117117795, 0.007909582670992026, 0.008873638107570471, 0.004230155756023624, -1.7903834206204915e-05, 0.0040181853637456895, 0.006936117101229276, 0.0016533730635583876, 0.005524996591552074, -0.008329692563540662, -0.007859446076583678, -0.005990619862112712, -0.009443440156749172, -0.003086698198657799, 0.006779697199634045, 0.003345109314737376, 0.014047737656481454, -0.007564533884679301, 0.012363129374708333, -0.013230109332310181, 0.007660801578522335, 0.034059243791052254, -0.01044898651577434, 0.001661417631684251, -0.0015885754143461633, 0.009084716700535565, -0.01210286147689308, 0.007411786302017774, 5.908153709203499e-05]	1432601108665
[0.012586513509775311, 0.006138494582186186, 0.006261462941007753, -0.0031489661335699385, 0.017064861832916493, 0.01027731273769956, 0.03225135722771337, 0.00047763372040333517, 0.005801249118464879, 0.005930111795287737, 0.03749191248031478, -0.022184867745092575, 0.11697771752928307, -0.029065785411968362, -0.11748953904701191, 0.41134337687590755, -0.0021840389438457864, 0.00972576830218679, -0.029753249057922437, 0.0011775870593209844, 0.005259618626106053, 0.018430536329126782, 0.0080765062486784, 0.030509420217610526, -0.0014711013470300371, 0.012626251781532061, 0.023530516346177848, 0.013403052847680173, 0.22527859740885753, -0.023053893899285083, -0.07219602094199237, -0.00830021717924066, -0.010090038979732143, -0.011024849391277201, -0.0011234402215389253, -0.029614561510842553, 0.01772226169387154, -0.0181669830848606, -0.05305433568779247, 0.12181494575782448, 0.038502117412374456, -0.270950601792465, -0.11601634979067119, -0.10597762871880255, 0.1500636748928117, 0.10170781252387162, -0.023226306709083787, -0.2007322727822326, -0.0032791060039394776, -0.01071391374018154]	1432601711663
[0.0005338477456948722, 0.00020004144016535233, 0.0002890061168710111, -2.5353953990667468e-05, 0.0006507709158222985, 0.00042571311643513436, 0.0007407558385479678, 0.0003124353906717164, 2.3026423137305e-05, 0.00017581259830335195, 0.001312293420018798, 8.477749128813476e-05, 0.0013900236693791194, -6.742062958558264e-05, 0.0006635374202433922, 4.895401152953479e-05, -2.312124753883682e-06, 0.00020745230821874486, 0.00024429267601154607, -1.5171676081227334e-05, 0.00012529262906985523, 0.0009318256113113016, 0.0006149112394246449, 0.0015717690883881208, -0.00018742068933539678, 0.00047461517108162305, 2.6465953738203185e-05, 0.001128169451787242, 0.0009561604415296247, 0.0006898658849849339, 1.5980211422926447e-05, 0.00029093931772767445, -0.0002645764650606254, 0.00018668382255910155, 0.00024251690777023205, 0.0012710212588293252, 0.0018369805265289977, -0.00011767137239893407, -0.0008579704363878507, -6.565918209169638e-05, -0.0008060976986287622, -0.00041893400884822124, 0.0004984097268727683, 0.00018617318020085593, -2.474021125744961e-05, -0.0001881680557870235, 0.00024380513279766773, 0.0017783833119661284, -0.00047701227746253463, 0.00022801992585089979]	1432602976661
[0.006039065521389609, 0.0015545183200808862, 0.006483391860261891, -0.0027646154499645016, 0.010620716337227927, 0.01623471365946943, 0.0018559281265946841, 0.002282556429624615, 0.0018052414039653139, 0.005116200281869274, 0.03217874196332945, -0.015265159211327508, 0.010300174632701758, 0.0005190582994393415, -0.0038995757637487706, 0.002808296203944872, 0.0011849756359111887, 0.002762582596356074, 0.007387513371527731, -0.00016686214518794418, 0.007593720714144076, 0.020318028882914545, 0.8024905908330224, -0.23806732509083078, 0.05017552129389123, -0.0010940592862756162, 0.026229537983510656, -0.06808495038241888, -0.028709408150205607, -0.10518193024838284, -0.015435865112782532, -0.0049015759942067725, -0.013568052836916929, 0.01872201339599641, -0.018644584409192425, -0.011762051387270522, -0.013183761330777583, -0.0007840983586148428, -0.00363402749033151, -0.005462799924795364, 0.010492749186567587, 0.00367418893653147, -0.020245918535258155, 0.005767605971262934, 0.005392580737745003, -0.005028766720293162, -0.004098137029020768, 0.0009752154452128989, -0.0057100078864640615, -0.007421553087663912]	1432603348663
[0.003623946404866588, 0.002318199459221303, 0.003635660754625288, -0.000975771071933106, 0.007841665690467755, 0.00272758521571863, 0.0012483883519351338, 0.003471658917910105, 0.0007582989787667767, 0.0015108457632372757, 0.014712549655194765, -0.0006162663047347339, 0.023666256709148882, -0.0019765947425431957, -0.005651428037700199, -0.0062353741496922275, 0.00036073191447889857, 0.0016745867772583927, -0.0010564275329487745, 4.175673333294681e-05, 0.0036253342063560464, 0.016393695989780258, 0.0032049748665910756, 0.028404800678284523, 0.006459185507546244, 0.021090656334901214, -0.006012922961519121, 0.027657121872333153, 0.01727926429256478, -0.001110417640748426, -0.008875304253512434, -0.020010965679975703, 0.0865888705345174, 0.009151817445945318, -0.18579503990131865, 0.4645548441950808, -0.03372304936778538, -0.3786349414204761, -0.010924239471462361, -0.024791063436695248, -0.0305921382693929, -0.007611055060325596, -0.04581478053176233, 0.03669768652078844, -0.018485402625705392, -0.01268598123023883, -0.019599909763645902, -0.022933983013738262, -0.01931441980580347, -0.04507825427064443]	1432603610666
[0.00048463157594599626, 0.00012868457965556745, 0.0005487716629965073, -0.00010498151869509336, 0.0004757989182490742, 0.0003216499913023858, 0.0006680720702486136, 0.0002710721977931597, 4.609287198897455e-05, 0.00020260706331733206, 0.001078700679850525, -2.422338811037738e-05, 0.0011361921314065576, -1.2189921019388019e-05, 0.00047926950134519804, 0.00011209421085261701, 4.8897594612363026e-05, 0.0004950030501516201, 0.00012412705699308001, -9.775947473398049e-05, 6.416268921432157e-05, 0.0005930908627500449, 0.0006684519707686449, 0.001310150610268543, -0.0002542279009846186, 0.0004913826390248119, -9.169803973939222e-07, 0.0009030343490106534, 0.0010754890605321641, 0.0008294561183686307, -0.00020926323309513166, 4.3477102542037006e-05, -8.519889826819632e-05, 0.00035537400739770223, 0.0002552209739374427, 0.0012089191871087867, 0.0016937519853039793, -0.00010759798520738892, -0.0006911058058754097, -0.0003087351090029039, -0.0006737418200106985, -0.0003304260022591562, 0.000341254570463229, 4.8760503498878035e-05, -0.00019920525037014978, -0.0001746904928645986, 0.00035884762909915225, 0.0014151696554311438, -0.0004751323444852258, 0.00035702854094675626]	1432603948661
[0.000246316007613698, 6.677481469674843e-05, 0.00033203249406348946, 0.00018359471071325176, 0.000233476638374256, 0.00010458190008820905, 0.00015548048842570997, 0.00012142873700865245, 2.4686354541601105e-05, 0.00014984610105867058, 0.0003835424076067221, 6.189589502947941e-05, 0.0004895245892241284, 6.966707446913409e-05, 0.0002971022918959668, 0.00015130468041023952, 0.00014605302387449295, 0.0006587962955557218, -0.00010368483500178022, -0.0005346216882157446, 1.7270637118143198e-05, 7.734879664612352e-05, 0.0003227232451868158, 0.0007520901697389493, 0.00028487321959100764, 0.00022296959679019438, -6.221968799352441e-05, 0.0005829461670833512, -4.542905213960273e-05, -9.301528639521969e-05, -0.0001359412798971827, -0.0002572184056636029, 3.670591080165445e-05, 0.00030326275632476865, -0.0002970115283238184, 0.0004544833651830399, -3.398634451910543e-05, 0.0004729579553490265, 0.00028510777491940343, 1.8343893314904258e-05, 3.895723373095732e-05, -4.9527477645332495e-05, 2.2263320931190945e-05, 3.1777089469552194e-05, 0.0005483114556180593, 7.493213019919914e-05, 4.9065558621340495e-05, 0.00020349490307687335, -4.684642552957834e-05, 0.0003717080420776678]	1432603980662
[9.537026721994926e-05, 8.794820738590481e-05, 0.00021625768418996144, -6.106300335227597e-05, 0.00017270255422069823, 0.00026918348809570317, 0.00031965088771042914, 3.140587637195112e-05, 5.505146493810865e-05, 4.02853934357164e-05, 0.0004359243892121341, 6.819787124392474e-05, 0.0004559836813873491, 2.216579036531157e-05, 0.00039069826653377886, 0.00019268983532008481, 1.5900991728481204e-05, 0.00025346022176349754, 0.00021712799560104536, -5.420319637680127e-05, 2.1217885502121515e-05, 4.9068790515720265e-05, 0.0001301818795636611, 0.0004282194289602995, 7.265347718145483e-05, 0.00038163234441255514, -4.263585444590059e-05, 0.0003445378658626332, -7.954664549936962e-07, 0.00019476633091900617, -1.9429377679510658e-05, 0.00039237256627998746, -0.00014454891689912925, 0.00048425732634595247, -0.0006206929514832311, 0.00032816599777912457, 0.0005338647097808727, -0.00016371585800615534, 3.185109703771331e-05, 5.855933314768483e-05, 0.00010977641787910453, -0.00013942467478801287, 0.00013356671079261926, 0.00011138940680111206, 0.0001757743540721193, -0.00013579823761262127, 6.161968282698986e-05, 0.000252883833346298, -5.657827137008987e-06, 0.00017695603954240413]	1432604028665
[0.0024432665136631367, 0.0025423562966777695, 0.003557218958103404, 0.00033664231329215546, 0.005939346880397765, 0.001332920232013861, 0.0011546575426897804, 0.0010685317884484482, 0.0005313888009841591, 0.0008801278140719134, 0.006354751276290064, -0.00015139554198697204, 0.006268947187758501, 0.0033008682694927794, 0.002374385204748033, -0.00022210969623172026, 0.0003636332616132312, 0.0027338696113541217, -0.0015641286113337969, -0.004095075601944576, 0.004328705922705073, 0.0023773578725727507, 0.008017358843740111, 0.012476173801201201, 0.007057440344504609, -0.003324003128045476, -0.002156887311316363, 0.009321174927337725, 0.002166381466812939, 0.008273038472193489, -0.003181204957856813, 0.003547261056707483, -0.007325129863899084, -0.006569166572025855, -0.002146465542678669, 0.0042730068626986115, 0.019585399086228694, -0.004976073701876886, 0.0182780542594444, 0.011830016965469104, -0.001985358141793199, -0.008697845861035508, -0.0012503514838104537, -0.010051864236486093, 0.017591047475049637, 0.01815111247648627, -0.003469738826677775, 0.02061404332146044, -0.030030616660879896, -0.009590879744493908]	1432605083664
[0.004379830230259357, 0.002108681792054352, 0.003312405388649978, -0.0014757626070967382, 0.005201835658591305, 0.0021778883962187863, 0.0038893302223289117, 0.0020877685593026817, 0.00307646733578849, 0.0034896151067409834, 0.008620937272406376, -0.0045373081891922915, 0.005966711247917852, 0.00037653790292218144, -0.001262670130406586, 0.0019873750542189995, -0.0004047270088900349, -0.0001994189881352612, 4.528679265561699e-05, -0.0006442295306833858, 0.00607891657326576, 0.0011335775621870653, 0.004745333454691809, 0.012098832108334626, 0.0015339033608346437, 0.0061370679794404215, -0.005382835787858789, 0.012535003865062216, 0.01568496058027156, 0.003807905559063395, 0.01106116206985622, -0.003142687596750266, 0.010223395645418683, 0.005396913393139239, -0.012148269703010608, -0.0005897735337612527, -0.023444964899967093, 0.008599408566766675, 0.011113393738628132, 0.0027418140683235287, -0.021197871946426687, -0.00415993780458913, 0.04651501341737995, -0.040462568690839834, -0.011915431119026484, -0.0521412522752232, 0.044110985703904995, 0.040996780572154876, 0.004760003329033694, -0.04161571786341815]	1432605125666
[0.00020456300267733389, 0.0001626125741261238, 0.00026152138552351434, -5.4781630698661885e-05, 0.00018487877182195184, 0.00023168310383574683, 5.876700610422557e-05, 0.00014258435248169584, 6.104372202397729e-05, 0.00010000776948025095, 0.000883740799486372, 0.0003654049592736084, 0.00037540317890933647, 0.00014831645720198106, 0.0002735376590158583, 4.099589281443049e-06, -1.1404264980610966e-05, 0.0002931748514749609, 0.00013686446475017736, -2.714490069622792e-05, 0.00026884502851262437, -1.2278801604503822e-05, 0.0005965602016473286, 0.0006544222689748889, 0.00030642732594607093, -9.216174007285683e-05, 6.278286039659926e-05, 0.00026810086636346183, 0.00015830550067326679, 0.00024284866051660622, 6.294082266172377e-05, 0.00015874282965222937, -2.576592827860323e-05, 0.00026161660952776235, -0.00024603798659835824, 0.000789127542300714, 0.00038662346441068564, 0.0006351444621476725, 0.00043645112334231377, 0.00023751795262328296, -7.191070828344893e-05, -0.00027052926908643205, 0.0009148866490767271, -0.00028916309626605876, 0.00017533234581868697, 0.0001515393282051397, -4.450101789366259e-05, -0.0003519228594535329, 0.000643726508174355, 0.0003366650398364744]	1432606384663
[0.008674719384150851, 0.003806638212235115, 0.009377262785731841, -0.004002185116963612, 0.01946651111689561, 0.00707611629304953, 0.007626775700868945, 0.0055588915386469125, 0.0018447647277663429, 0.012444911606751563, 0.29834536475151563, -0.46724455891138, -0.1081863396692152, -0.007268383234180919, -0.023563877372947295, -0.02853380054076189, 0.0021552486697454304, -0.008187022617713374, -0.026545139022399526, 0.0015219932054191811, -0.004200112725745744, -0.028579474975511925, -0.015748306801908984, -0.00939777604600646, 0.001075403637664802, 0.006111472366848401, 0.012977734589161414, -0.0007957562538307253, -0.019116156075552112, 0.0026225358520015783, -0.008411390786435498, 0.013269161122389697, -0.014014473646451883, 0.016928616124838095, 0.03826342700959909, 0.02952517255516997, 0.020564110047582043, 0.004605107072757448, -0.0072503668522266055, 0.013495406609682776, 0.0014559796663152131, 0.01059105842539209, 0.030718855982148793, -0.05239952434526117, -0.005384577770852167, 0.06333848483889307, 0.05192880979119952, 0.06259075825833027, -0.04944518955001517, -0.047934807124020325]	1432607074661
[8.205140991066135e-05, 0.00011093240811521931, -3.63736361493692e-06, -8.985314044200122e-06, 5.475607795442108e-05, 0.00011025654417484185, 0.00012712519931147337, 0.00011769537901468505, 5.497966478536242e-05, -1.8077635860857223e-05, 0.0001134826547052907, -1.1653944078962655e-05, 0.00011851802481290437, 1.0172876986781545e-05, 8.708996066803813e-05, -1.1102983934871703e-06, 2.7281325835882617e-06, 4.760599088165814e-05, 2.100240785522993e-05, -4.884446121218038e-05, 3.239025362325505e-05, 0.0002022499948752563, 0.00015876870663747634, 0.00031105014702099645, 0.00017582146948851883, 0.00033765662695806325, -0.00011248036320871966, 0.0002609811794701383, 0.00012869061254468567, 0.00018257927728695676, 0.00047374985122993705, 0.00030329656139622637, 3.895258108097301e-05, -0.00019345819983939395, -8.893525007691847e-05, 0.0004779983865446033, 9.530728736615394e-06, 1.9636382216239032e-05, -0.00048625930063066387, 0.0008073879624240943, -0.00019667599104938573, 7.677336671476323e-05, -3.385783993735045e-05, 0.0004000331038817273, 0.00012736486308339385, -0.00013835783547368777, 0.0001331333301875563, 0.0004555515544735904, -0.0001720613564756016, -0.0002450144842409177]	1432607177666
[0.00024310644688761493, 3.473777880262955e-05, 0.00011451751970866947, 5.469781395870934e-05, 0.00012063680178509063, 0.0001381547398493539, 4.164676084353189e-05, 0.00013316768089445918, 1.981383833784775e-05, 4.7872528177821173e-05, 0.0003167202628909945, 7.417310429433605e-05, 0.00032924167730163744, 4.270928983948835e-05, 0.00018402025443043225, -3.8744543209135165e-05, 5.127240979364e-05, 0.0005056315039024215, -3.971051546995729e-05, -5.532980525743659e-05, 2.649141567270056e-06, -3.5831018277788865e-05, 0.00017771361265007685, 0.0005039995516844574, 0.000364567298639101, 9.07141396041068e-05, 0.00012763478842345226, 7.2783135053617335e-06, 6.68297842988218e-05, 9.490700900314138e-05, -1.8016465879742084e-05, -0.00017426747745396604, 4.466050933591639e-05, 0.00035905200014008657, -0.0003914802067169635, 0.00044476024097817133, 0.0001105187658621474, 0.0006332548497294879, 0.00010603789151596924, -8.519445580272027e-05, 2.9173074226523518e-05, -0.0004150730562917389, 4.378524455517867e-05, -0.00011251831909381091, 0.0003913711049933135, 7.975795742474477e-06, 9.357334155142478e-05, 6.561362166611256e-05, -0.00012157088185193867, 0.00016844577946617504]	1432607345659
[0.00024310644688761493, 3.473777880262955e-05, 0.00011451751970866947, 5.469781395870934e-05, 0.00012063680178509063, 0.0001381547398493539, 4.164676084353189e-05, 0.00013316768089445918, 1.981383833784775e-05, 4.7872528177821173e-05, 0.0003167202628909945, 7.417310429433605e-05, 0.00032924167730163744, 4.270928983948835e-05, 0.00018402025443043225, -3.8744543209135165e-05, 5.127240979364e-05, 0.0005056315039024215, -3.971051546995729e-05, -5.532980525743659e-05, 2.649141567270056e-06, -3.5831018277788865e-05, 0.00017771361265007685, 0.0005039995516844574, 0.000364567298639101, 9.07141396041068e-05, 0.00012763478842345226, 7.2783135053617335e-06, 6.68297842988218e-05, 9.490700900314138e-05, -1.8016465879742084e-05, -0.00017426747745396604, 4.466050933591639e-05, 0.00035905200014008657, -0.0003914802067169635, 0.00044476024097817133, 0.0001105187658621474, 0.0006332548497294879, 0.00010603789151596924, -8.519445580272027e-05, 2.9173074226523518e-05, -0.0004150730562917389, 4.378524455517867e-05, -0.00011251831909381091, 0.0003913711049933135, 7.975795742474477e-06, 9.357334155142478e-05, 6.561362166611256e-05, -0.00012157088185193867, 0.00016844577946617504]	1432607465658
[0.6243314930056213, -0.10507870884263751, -0.03140805938980998, 0.0018644188743513553, -0.016890950625841103, -0.0056716358187166365, -0.011256507559399064, -0.002558824723174176, -0.003608366635827789, -0.0022656702418560794, -0.0038890884881736215, 0.004038353481263232, 0.0013093475962545485, 0.00019566478582239505, 0.004646108438965521, -0.004330706568807307, 0.0004234717378781969, -0.0039389927187300664, -0.0024451442600696626, 0.002295847335845606, -0.000862905993728739, -0.007993355346990512, 0.002114072140545911, 0.0016980294284219453, -0.003022997713430788, 0.0022994885571715378, -0.0008905699738775573, -0.0028113923907231012, -0.005367351813989554, -0.003907887706946587, -0.004056408406247465, -0.006790156954326996, 0.004617494264791962, 0.014979692957762213, -0.006664407677221148, -0.00907159721337071, -0.0021289252358429912, -0.006561007043390171, 0.0023768847521550974, 0.003281980034862671, -0.0083745427444929, -0.029541747079091973, 0.017780833776870657, 0.019755977967000595, 0.007779098465239012, -0.0259877565938503, 0.007204841563862706, 0.023645698209915335, -0.008868681032026038, -0.0027292476979675997]	1432608390663
[0.0017720679930354677, 0.003117347110978546, 0.001095114891876976, -0.00014425776190683727, 0.0053217694327370325, 0.007246708677015216, 0.001825667330183343, 0.00040820192915707573, 0.0007296075611819343, 0.006120352790485611, 0.002868717190601509, -0.0006768547643806499, 0.003852625171278761, 0.00042204959403846303, 0.0018822339558436099, 0.001556781606811923, 0.0006433074179069863, 0.00010132154146763298, -0.0005346523561765966, -0.0005447974093175009, 0.005358744095526457, 0.006658482747943482, 0.007112655851909875, 0.015606016622661732, -0.003875816116281407, 0.005926603599688438, -0.008344673531468233, 0.000777961455927347, 0.003032504862060273, -0.003522601117601902, 0.006473298695623294, 0.00948536648801362, -0.0033060976891011434, 0.033039861099386114, -0.009005056096113797, 0.059841889606534276, 0.046325868109067886, -0.051048931057481324, -0.0024392667980961563, 0.06410894072376679, 0.030223608985303806, 0.005964936829841758, 0.01945691219519548, -0.020586681329353096, -0.008836444808985872, 0.02916889897580225, 0.16152478958739858, 0.07851020130452935, -0.08201403580932047, 0.1477480523972192]	1432610240665
[0.0002794487777354458, 0.0005184430456737001, 0.0008754561342880863, -0.00029820520457255416, 0.0080400802187329, -0.0039583969742717365, -0.00024025723658542948, -7.085085600684131e-05, -0.0001517751896161558, 2.038783276748534e-05, 0.00021488829218808814, 0.00019581877291288208, 0.00048664293429748814, 0.0001685926447997983, 0.0007021771771247331, -0.0003068783129877311, 0.00013779315703751747, 0.0009402164019802266, -0.0002557478176813211, 0.0002054619432732706, 0.0037864409826613428, -0.00014473682981609032, -0.00038229360250699614, 0.0001163857270652615, 0.00015303759909319155, 4.1561090418780445e-05, 9.942282682699254e-06, -8.689999426001905e-05, 0.0008314275824545326, 0.0002715444079492436, -0.0003431439403557222, -0.0001541037391577544, -0.0003056529920145522, -0.0004404510240552229, -9.338272043520639e-05, -0.0012210658629724488, -0.0011738593294716904, -0.0018190148534512397, 0.0010022255017431217, 0.0028440837933789, 0.0009225088687578382, -0.000989338307358535, 0.0015728053184901282, 0.0012794774750231274, 0.0012178107334101767, -0.0008080351191491645, -0.00017506370891740158, 0.001289631629370385, -0.0022242621381631704, -0.001182728116924382]	1432612350661
[0.00024310644688761493, 3.473777880262955e-05, 0.00011451751970866947, 5.469781395870934e-05, 0.00012063680178509063, 0.0001381547398493539, 4.164676084353189e-05, 0.00013316768089445918, 1.981383833784775e-05, 4.7872528177821173e-05, 0.0003167202628909945, 7.417310429433605e-05, 0.00032924167730163744, 4.270928983948835e-05, 0.00018402025443043225, -3.8744543209135165e-05, 5.127240979364e-05, 0.0005056315039024215, -3.971051546995729e-05, -5.532980525743659e-05, 2.649141567270056e-06, -3.5831018277788865e-05, 0.00017771361265007685, 0.0005039995516844574, 0.000364567298639101, 9.07141396041068e-05, 0.00012763478842345226, 7.2783135053617335e-06, 6.68297842988218e-05, 9.490700900314138e-05, -1.8016465879742084e-05, -0.00017426747745396604, 4.466050933591639e-05, 0.00035905200014008657, -0.0003914802067169635, 0.00044476024097817133, 0.0001105187658621474, 0.0006332548497294879, 0.00010603789151596924, -8.519445580272027e-05, 2.9173074226523518e-05, -0.0004150730562917389, 4.378524455517867e-05, -0.00011251831909381091, 0.0003913711049933135, 7.975795742474477e-06, 9.357334155142478e-05, 6.561362166611256e-05, -0.00012157088185193867, 0.00016844577946617504]	1432612445661
[0.0003013429878158168, 0.00044952226977620224, 0.0003763592579290755, -0.00014685456481801172, 0.0006442670763939525, 0.0007349041296375373, 0.00016173573321533064, 7.183486215220338e-05, 0.00021800968877885466, -0.00010516703276778158, 0.0009437962878030645, 2.4653088476163708e-05, 0.0011847374680439145, 0.00029668782218583034, 0.0005178589221172939, -5.436048829115864e-06, 2.7372511878566682e-05, 0.00027062943661925907, 0.00017682806517363252, -4.639316549585426e-05, 0.0005855875928944686, 0.00028453014646692953, 0.0006675408548599928, 0.0009083700970922132, 0.00012657985443449734, 0.0006290066080827998, -0.0004627384164603371, 0.0006198591537426572, 9.012118070724126e-05, 0.0004203603262801701, -0.00025136379145467935, 6.180059258000488e-05, 0.0007353135771575236, -0.00019868745527772193, 4.2538575690718734e-05, 0.0010493188337707756, 0.0006473664976846874, -0.0004972100619777013, -0.00043348827908440727, 0.0004523520255896055, -0.00045532910137879856, -0.0007098317071716153, 0.0013448594571944092, -0.0009218648405946875, 0.00013499749617012336, -7.20414028561587e-05, 0.0005695188656374148, 0.0015385753463170058, -0.0007176078301312193, 0.001051910733726495]	1432613474658
[0.0015491743622599178, 0.0006655731247376176, 0.0016072140232099485, -0.0006182561955855409, 0.0017307668078844738, 0.001336581505552969, 0.0009405097639102401, 0.00039744049155198053, 0.0002903449927933819, 8.73153003313907e-05, 0.003153731395440164, 0.00014998767523378737, 0.0031088865302186437, 0.00023598629784536758, -0.0011748909822764536, -2.7135716989636936e-05, 0.0012055820059354838, 0.0016581021509755492, 0.0004204145899412292, 0.000761612349358632, 0.0019949028225862255, 0.00456095027837868, 0.0016994018383758623, 0.007115784867482162, -0.0007050336823643543, 0.001230571875752442, -0.0034108487307804515, 0.0016771509746012951, -0.000973141560034203, 0.0012018685979582114, -0.010691917401833343, 0.0022852674996733826, 0.009860404164831521, -0.008481682587271113, -0.0003424685282132773, -0.0010667868808905323, -0.004640170425701198, -0.008156569090716928, -0.026745155867982463, 0.013541988639044036, -0.0062372306282342995, 0.009427034460630186, 0.00985558845309897, -0.004635131947305747, 0.040438958799349806, -0.014080927095806049, -0.008850428719705719, 0.019380259760122472, -0.025643476886896173, 0.012314351054167654]	1432613657660
[0.007347461601094535, 0.0037454085216199087, 0.005583874521327155, -0.002088959532689861, 0.023325592455990925, 0.009650366273774934, 0.006472883576380929, 0.008650929857785978, 0.004006426363341403, -0.00012029735616034089, 0.011139489715149574, 0.0023462664509122334, 0.010955989561597579, 0.0035242642584483713, 0.006468577989396682, 0.0017180886604719833, 0.00017974992031820136, 0.007856402130917596, 0.0027164529086483274, -0.0013559640176811385, -0.0050357735766776495, -0.012994129041764122, 0.017852042226550912, 0.05054576284721928, 0.011419806140336098, -0.016655200449824523, 0.019364466670086632, -0.0025495058497264325, 0.010758672818550315, 0.0038137927021608033, -0.003913566869799688, -0.027755971341966466, 0.028727165159905158, 0.0645381887012631, -0.04363354668564865, 0.026893492559424793, 0.4221303199015172, 0.012273321997052502, -0.18017946547661193, -0.12080242713043743, -0.09397567514626068, 0.01954511680056373, -0.0934697929662679, -0.0028928251028256195, 0.029595360426529566, 0.043487794016906244, 0.05181038007921765, -0.04884085224936349, 0.0524628791900872, 0.047936691766011334]	1432614417658
[0.00024463518093421443, 4.128255960714381e-05, 0.00012254709571684892, 5.4905581015784404e-05, 0.000126531158510847, 0.0001513473760639744, 4.282595395026706e-05, 0.0001351585753407734, 2.01390896744456e-05, 6.144373298534446e-05, 0.00035391290851119776, 9.35174267097863e-05, 0.00033953167265458986, 4.433212017800969e-05, 0.0001940711371040021, -3.3479082280980195e-05, 5.126230477852501e-05, 0.0005045091745779256, -4.903882418534873e-05, -5.570080576863348e-05, 7.145183645630088e-06, -3.112000874034741e-05, 0.0001945423654719171, 0.0005669706533212831, 0.00030667954642682693, 0.0001226675650531523, 0.00022716789086238068, 1.5075215532815227e-05, 5.49466209453315e-05, 0.00011422862887681826, -2.4939089137756027e-05, -0.00017261867006838352, 3.843138991682322e-05, 0.00035493223111615683, -0.00038452405024055696, 0.0004383124521750937, 9.981333051096705e-05, 0.000614346043909223, 8.883067995035182e-05, -7.048314873182268e-05, 1.491244726193949e-05, -0.00040981149651251486, 4.47155292891567e-05, -0.0001164527874540041, 0.0003794839651062722, 3.713775332047944e-06, 9.96299373811787e-05, 7.999716087542218e-05, -0.00013732558460361166, 0.00017770497552981618]	1432615327665
[0.000507176588952999, 0.00013736027750822904, 0.0005472181061321436, -0.00018058613579928072, 0.0004781802111810115, 0.0003499474486436163, 0.0007454685167301221, 0.00027197121101461553, 2.241326254985527e-05, 0.00022083702624068276, 0.001065113192797795, -2.7552803191147584e-05, 0.0010422668091560308, -1.3755561908384813e-05, 0.0003204562639208583, 0.0001243589917753557, 5.126739620612383e-05, 0.0005449739710425342, 0.00013200630537291922, -6.477419180388666e-05, 7.537264123120658e-05, 0.0005765400926525593, 0.0005867656616826248, 0.0011995578633411032, -0.000367347685894465, 0.00048153301897143643, 2.636723364573328e-05, 0.0007045972253759385, 0.001087419352879944, 0.00015467479371091531, -0.00021667136394709456, 0.00012417131879557082, -8.731497251612729e-05, 0.0005683274410952461, 0.0001006330862635718, 0.0011941324243751178, 0.0005031177977009122, 6.452562478464437e-05, 1.1535454275851759e-06, 0.0003833087099656909, -6.187975083614324e-05, -0.0006529027866935924, 0.0007594589402039935, 6.781269762094939e-05, -1.2132777085518395e-05, 0.00012524384946832325, 0.00040519763633344036, 0.0013365266463873607, -0.00024233141139283707, 0.0005608459610901809]	1432616113657
[0.0005998346557136566, 0.0002377610191120229, 0.0006666107963790289, -0.0001312629350767055, 0.0007417065021609431, 0.0005049620502778912, 0.0009017231024984853, 0.00030265359452874617, 0.00011273837947047702, 1.7451959292141138e-05, 0.0014832905058425416, -0.0002954209668372627, 0.0016929490617943108, 2.3113763950057887e-05, 0.0003610270814778182, 0.00035010424981751575, 0.00010127293099079557, 0.0003789718750418724, 4.4859315431128115e-05, -0.0003583878480351891, 0.0014307258244332008, 0.0008235305043374291, 0.01174353217400772, -0.0022296839283366537, 0.0008245607337284479, -8.405688437287465e-05, -0.00016120462589359018, 2.7000914335870406e-05, -7.372314372574921e-05, -0.0017787448454123318, 0.00020276433932741, 4.51200991613917e-05, -0.00011818747113242689, 0.0011403519077896123, -2.109538775960653e-06, 0.0005423932739788722, 0.0007233286551434399, 0.00046317210655831916, -0.0006896436744826717, 0.0006843076046360913, -0.000691206682740429, -0.00044954239031095504, -0.0002650095189775518, 0.00015891143208472515, 0.0008017540421880745, 0.0008171922974159184, 0.0010349700340245326, -0.0003199457358464381, 0.0003033740231771861, 0.0017167097351318396]	1432617125666
[0.00033755799001445875, 0.0008778227792409559, 0.0007771848365449984, -0.00032886031879955185, 0.0008673642296868579, 0.0013469245749323318, 0.0007815037360209341, 0.001322820075968198, 0.00014173798965421943, 0.00023252300453294886, 0.001954901215912454, -0.0002666970349228025, 0.0007757429437815093, 0.0004922035262891742, 0.0009786458733233568, 0.00010314740188342821, 9.812611679870467e-06, 0.0009624639875873839, 0.0011981456339520361, -0.000135308006309006, 0.000677933439270502, 0.0006188897961506594, 0.0011537235398319217, 0.0024692869376405236, 0.0019110593940777393, 0.0011626752850971247, 8.237577283048634e-06, 0.0005848911394506283, 0.0004257621601492265, 0.00026745709434960904, -0.00016867971633570088, 0.004026262496962299, -0.0014902240563288338, 0.0005077725647088573, 0.0012064683743014458, 0.0016814383610201779, 0.0010250328875241466, -0.00015430121771717507, -0.00028228355837968774, 0.0011380235838899459, -0.0009930332269177554, 0.0003604573193475166, -0.0007307250618273137, -0.0003286275316623115, 0.0003135832695553425, -0.000101415411346081, -0.0006794787696064306, 0.002678848228362934, -0.0002961277075061601, -1.7841260755776435e-05]	1432617396661
[0.002226866493529938, 0.0012516232716042195, 0.00272960483636887, 0.00023273821687595209, 0.003105029769953739, 0.0017943277085061932, 0.0003269147666468359, 0.001066240072026808, 0.00027784131142304856, 0.00012300605632116363, 0.004950355143636493, -0.00011208143163231637, 0.0037024600243511863, 0.0044265921839812036, 0.0008409867817874123, 0.0003682920459886836, 0.000170793460156897, 0.001995190815802709, -0.0002052326538919189, -0.0030667508314132833, 0.0017829514753913546, 0.0011486898519756398, 0.0055888251694832716, 0.012216717330123665, 0.008314500925687925, -0.004225940820312417, -0.0030545925581793774, 0.0053625023276969936, 2.2809396462675838e-05, 0.001968443921223707, -0.003017963763846498, 0.003335488784608741, -0.0055845771537913836, -0.0030017962596842686, -0.004796478593416967, -0.0008110792153124663, 0.012894757912384421, 0.00043831325287664136, 0.01878592281550358, 0.0010139481869146831, -0.002902612200229508, -0.007887778561760726, 0.008315030955538013, -0.002717959745133073, 0.02168869194058456, 0.026156326268829626, -0.013903211000536722, 0.010949362617523233, -0.012556101704157352, -0.010414165962148215]	1432618606664
[0.0017947192859897433, 0.0021934862748955748, 0.004490856899349072, -0.001135530743275282, 0.004270233036742211, 0.0031163301728433838, 0.0017025590458296424, 0.002434151709357194, 0.0005447219009866222, 0.0038719365499707936, 0.01497408638514624, -9.383628709629138e-05, 0.007421757883497181, -0.0001560885183844545, 0.006818806838990571, 0.0017617894602800078, -0.0009273264533858604, 0.008226396546817252, 0.0094016691538375, -0.010586437944509712, 0.008580717250051375, 0.015673089594081164, 0.029910058369677906, 0.015367270753632244, 0.007587351454709954, 0.01048243933379997, 0.0016541766874243091, 0.04172479033151418, -7.319043653322033e-05, 0.0061221928712133266, -0.015641764956260622, 0.01438452877171574, -0.0035622498198321275, 0.05514691998805536, 0.03282184526598184, 0.08240456114320444, 0.07853419805576747, 0.024980349512859174, -0.011808754111169618, 0.08366360703906786, -0.14519585110364527, -0.08244101522266588, 0.5235049245881176, 0.04021444839840321, -0.2344171749321418, 0.026240673225981594, 0.013685685039013915, -0.12824713869162585, 0.1318725181904227, -0.09196225643488976]	1432619300661
[0.0033726215379264713, 0.005313946210761484, 0.0049878294189544285, -0.0023692189180305593, 0.007882048797040965, 0.0055772020355702966, 0.0033324433447010473, 0.002602119642966466, 0.001026441024571927, 0.010738112181843304, 0.013428966555480844, -0.0036352386152734882, 0.01788417165799199, -0.000587759903469414, -0.00069813593036096, -0.002222653609453315, 0.0009282659837917721, 0.008385504076667407, 0.004566050695270592, -0.002456803417811883, 0.011917987391249394, 0.001634308689044851, 0.09700868212559957, 0.2868797427820419, -0.22230213009329391, -0.09767123331239909, -0.29109078750066386, -0.03629631799371259, -0.018051569563380655, -0.025697643772569067, -0.01970420716317958, -0.012861073526976905, 0.010893592560994664, -0.01810431344257235, 0.008466114087886651, -0.028946760794233813, -0.03642377558223305, -0.011652581806554591, -0.0034284167875595264, -0.01405844055312846, -0.012162147304113897, 0.011996209185259269, -0.012970692911216254, 0.03192932163843639, 0.004365317709233033, -0.012676629431973471, 0.014356783901581767, -0.030935555729224594, -0.028988437402273807, -0.022748136395905387]	1432619463663
[0.0015792048264489796, 0.0010286184401875073, 0.0005244704850348905, -7.058121264270887e-05, 0.0014472012967452598, 0.0006486474141606653, 0.0006909308127092212, 0.00036686618969440133, 0.00023371135285400277, 0.0013240539783511865, 0.0025835598349255333, -0.0001122158990623251, 0.0029105316499907093, 0.0006062130908902313, 0.00040705326145058275, 0.0016705690442225956, 0.00013119168862882978, 0.00031958829204530227, 0.00043521416558313657, -0.0006124002225726787, 0.0013516953234569654, 0.0013807217915816302, 0.0018383496866767072, 0.003710005445170154, 0.001112575852602533, 0.0021796812937155303, 0.00018617075841687188, 0.0031456891133393307, 0.002612182643206168, 0.005259947642566232, 0.0009322053777516534, -0.0002314725284337168, -0.0003575331559952646, -0.0009766809213105866, 5.981619381207392e-05, 0.0015674201602287737, -5.9445948009636474e-05, -0.001402916132989609, -0.0009864273504187197, 0.003234841429595967, -0.0013279683183813457, -0.000956193110351894, 0.0004480506127606741, 0.000768175613242805, 0.0015711916058719494, 0.00021157031583191345, 0.001567557395542505, 0.0022421296026436436, -0.0013863884996517107, -0.001568249640404349]	1432619592658
[0.0013076479034641953, 0.0006563598062939903, 0.0008970614337534358, -0.00013253846971004476, 0.0010803904195034158, 0.0013568643182287577, 0.0008637757270738602, 0.0005363604608295203, 8.086581288623316e-05, 0.0011052672977122635, 0.00235879643576523, -0.0001084750457478388, 0.0018150078517411951, 0.0004793346572693909, 0.0010505053784752112, 0.0005028658482833493, 0.00020000879945207512, 0.0014690396021894187, 0.0001725258260337553, -0.0005581007378869781, 0.0009325515885081961, 0.0005975619163684307, 0.0011952764532386132, 0.002865977198036023, 8.28804836456316e-05, 0.0019935674176125937, -0.0007639761345241164, 0.0019935109608265464, 0.0004845468660063974, 0.0006284001277194976, -0.00036443905669241843, 0.0015714077950378046, 0.0014601368002727818, 0.0008563783972414496, -0.0007783983281513034, 0.002106325680061814, 0.002223823751341896, -0.00016504624607506505, -0.0011212481421748169, 0.0017368707665516418, -0.000960005239975123, -0.0004855422557695733, 0.0007796175248646465, -0.000731582758968745, 0.0008335446450815552, 0.002201223510991439, -0.00032477751065904456, 0.0008008568437304218, 0.002080704952525334, 0.0020897918435163615]	1432620138658
[0.0032922141604130543, 0.0020598685140175406, 0.007905191478045876, 0.009948343091343166, 0.0021585061401059678, 0.0016889152284770917, 0.0013976608285672133, 0.0013717867515861825, 0.0007099526680002237, 0.0008844727480704202, 0.008369447234166353, 0.002456029409342641, 0.005494756771598093, -0.0008514848171758215, -0.0006319650038539359, 0.002151801437596869, -0.0027768888640447922, 0.0019305194330421864, 0.0031828237890801827, 0.007194515000602507, 0.002746553037483351, 0.004988611424256698, 0.001430121992862743, 0.008570201922008745, 0.0002583877484518591, 0.0026914061124403053, -0.012074841411754102, 0.015168229537005777, 0.016164981690224844, 0.0028468213112076107, 0.007119250915095423, -0.0043815261528611805, -0.007262264702287017, -0.005654024018490075, -0.017161509846189273, -0.0013880193706970027, 0.036625662947615614, -0.03437432323348746, 0.015624363354744349, -0.003423168400268397, 0.009532472827578397, 0.19759813222276074, 0.13921493132703094, -0.07066007768232634, 0.2394467559747818, 0.030618784682841984, -0.024784374744165207, -0.01128694860275228, 0.02885109540905148, 0.019244914268566515]	1432620477660
[0.002712062024406515, 0.0009640937847809913, 0.000979287465792277, -0.000305078168599521, 0.0018895665139001658, 0.0015178240058888323, 0.001479426179406156, 0.0015946973520042777, 0.0009070640946230034, 0.0011910488010369754, 0.0046603676805645165, -0.00036489795478562934, 0.004324199643405206, -0.00029336970093725185, 0.00017038798091180125, 0.001225319340065071, 0.000562617742735713, 0.00020044096241195032, 0.0016795504699383657, -5.302713760065392e-05, 0.0009257684867178357, 0.0019558856870811694, 0.002736687184387966, 0.005944751836224874, 0.0009396026492655637, 0.0018176274763531937, -0.0020619351492036603, 0.005346828218732015, 0.0022660914636146614, 0.002361502870340413, -0.0003957920559487299, 0.0033989620994671053, -0.0017103408889663184, 0.0015672102074047658, 0.0027933590107549703, 0.002929356982534245, 0.009388986186230424, 0.0007570757957833404, -0.001429358950456941, 0.0013398448921373724, -0.0018321004549151697, 0.00038681631454225363, -0.004257058125908388, 0.0003431158109743628, 0.0030619284462679226, -0.00835832409013641, 0.0018120932481180934, 0.002845614371383618, 0.0027324776960826447, 0.0006244896608741497]	1432620509666
[0.0005776946369458185, 0.001220301722597658, 0.0005237295596647822, -5.0864415041192454e-05, 0.000796720635519281, 0.0004645737148440586, 0.0001871083047754141, 0.0004317373001081989, 9.379627501386526e-05, 0.0006884008841284011, 0.00185426080446489, -0.00010941541987923198, 0.002497806524615688, 6.296271125912381e-05, 0.002110542644541848, 2.400340753730051e-05, 0.000126939764378336, 0.00021687786579438576, -0.0006486403818919292, -0.0006380333372076559, 0.000927090508031182, 0.0016365995217814025, 0.0010984694237823646, 0.0027793221996869275, 0.0007543948604718915, 0.0007891446058636084, 0.0010403747034540617, 0.0034098429702180653, 0.002899901436073991, 0.0012817304751542493, -0.00045021190420517943, -0.0008522394711705098, -0.00021580060569630213, 0.0013143305895100623, -0.000832772298609403, 0.00042960268772821255, 0.00016111093593867404, -0.0006866829832569308, -0.0015326786606211108, 0.0036520404780631135, -0.0007572169664771209, 0.00037571525264498977, -7.551523693510955e-05, 0.0012436384284116226, 0.000671612944339428, -0.00026730303338286395, -0.00022007153564778794, 0.002289018965096508, -0.0009481279656998018, -0.0009842780770652534]	1432621250662
[0.0010570528220013812, 0.0005449373045545626, 0.001221268051742787, -0.0005433866872795272, 0.0010863348897168293, 0.0011697817740999998, 0.0008915559748949868, 0.00024615377871233126, 0.00032626586620185504, -0.00011909581138653786, 0.002156302567654359, 3.433498654187518e-05, 0.002210944771773687, 0.00042363187453421403, -0.001730221429539853, -6.832492816879256e-05, 0.0010789440849919005, 0.0010847611433128985, 0.0002459895842194948, 0.0008344875963192528, 0.0016397959998505284, 0.0026063405752799872, 0.0015462900347544028, 0.006012736055552593, -0.0003434533742087645, 0.00040064039189708294, -0.0036303140470097172, 0.001237960685425352, -0.0008743364639657104, 0.0014362171676896881, -0.010237376859692244, 0.001921905309295062, 0.009771198118008865, -0.00793395490946506, -0.00022972940624243725, -0.0017148232104197273, -0.005829225307988005, -0.007815316190525227, -0.025086157536829693, 0.011644982020431911, -0.005311646396939871, 0.009662416199663064, 0.008852587994410105, -0.004204688088969271, 0.03864498432982599, -0.013750929061900497, -0.008977911115353966, 0.017960415532469326, -0.02377741012259021, 0.011668388728729322]	1432621669657
[0.0013369915722945221, 0.002600259174549291, 0.0029145290020739676, -0.0009526150565322538, 0.018990883425863764, 0.002109350666094005, 0.0014165274397190987, 0.0006030828077424524, -0.0002899170048939459, -0.0024519430931601175, 0.007661895302280541, 0.0008039612615298719, 0.012588382990518888, -0.00024673017979779933, 0.013981876918595931, -0.0029765918100920215, 0.0002040653450745852, 0.011113858926511169, -0.008512824726029527, -0.008542458894521238, 0.18017854818684514, -0.03433940004529846, -0.005082454441324401, -0.010374192694393054, -0.004272415605261269, -0.005067333524266388, 0.002123958374557418, -0.007811236117829467, -0.001790685626484594, -6.199475461567891e-05, -0.0019693745876280594, -0.0013570630802289024, 0.0016895010844872483, -0.0056739768243027665, 0.006587848318941756, -0.015014308271776959, 0.007447072978741005, -0.020062817618518528, 0.00030622165670014887, 0.005062719195421008, -0.0023395056579228525, -0.0031529052996243875, -0.0005939404580872403, 0.002535662238500909, -0.00019874148398868095, -0.0023301281512451595, -0.0005258367076305464, 0.0015002905886591935, -0.0009218004802029677, 0.0005091213415575922]	1432623027658
[0.0002535661689712875, 4.727335934374334e-05, 0.00012912975140367397, 1.2785984539141459e-05, 0.00015702228229874698, 0.00014974095420221075, 5.0278954143390344e-05, 0.00013172178551145328, 1.875715081072063e-05, 4.684152135606473e-05, 0.00046136173237274326, 0.00012315006268558324, 0.00045731451821711446, 1.154433099144114e-05, 0.0002211460563129102, -4.824945911393187e-05, 1.1336641268341872e-05, 0.0003870202855206762, -0.00011314755009058305, 5.342287707393458e-05, 2.677381387346528e-05, -1.2354961335415223e-06, 0.0001924749090079981, 0.0005864700079639789, 0.0004057976874228729, 0.00019138912436209292, 0.0001238539039023594, 0.00034855000840432757, -3.5258336921785346e-05, 5.304362505763876e-05, -3.053994629090549e-05, -0.0001879237636080389, 2.1033140359035375e-05, 0.0003055636946228989, -0.00037492239058690773, 0.0005041263978792733, 0.0001530875317755439, 0.000513964192365784, 0.00014965785136938431, -2.5061746431792697e-05, 3.355126664862859e-05, -0.0003258201503866774, 7.360038381073593e-05, -0.00010011523206424002, 0.0004473928556633174, 2.098780349428647e-05, 7.265562381690325e-05, 0.00014189225236970512, -0.00014918322008557685, 0.000197866383740251]	1432623043657
[0.02057997073929698, 0.014805722451295762, 0.01380599073387609, -0.007439415137175384, 0.050866815660989655, 0.08577925062219613, 0.5136982717434642, -0.03334099465685428, -0.020480571004327725, -0.02005773239793935, -0.019108784740042406, 0.004086750158378836, -0.014456019734562627, 0.0017067530530395201, 0.005154018843236194, -0.012634921973287479, -0.00023242110135443314, -0.005508705551314631, -3.3289661257370454e-05, 0.0006087626214006654, -0.010747345144820114, -0.002639272732464581, -0.006688506665825496, -0.013208402103203567, -0.0009429080312552824, -0.015594490936056091, -0.0021770256119173757, 0.0011951259723772627, -0.019066513922550907, 0.0008723058290923697, 0.0018200119424823897, 0.0002550037004210858, -0.0031690727731353324, -0.002552369329086213, 0.00013033853693734016, 0.0011704755716138156, -0.004862058524240304, -0.00010301652743054805, 0.0019525324823982451, -0.003279346946308392, 0.00207700922837415, 0.005893276764981933, 0.0002605554976258961, 0.00480470456503511, -0.004715484695867878, -0.0029195802381734087, -0.0034067668452078185, 0.0024655314364009236, -0.0015122859502013665, -0.0012824120853819245]	1432623767661
[0.002318970626103875, 0.0026823034240914885, 0.006468954221029199, -0.0007722876431128973, 0.005168701251109686, 0.003113105255756075, 0.0017092185786304398, 0.011058343345981266, 0.00022793503575217132, 0.0015882673568078617, 0.01834861468858192, 0.004124171963664261, 0.009593002500529897, 0.003630470975735255, 0.008273193691885228, 4.1947692636849734e-05, 0.0011428239145579084, 0.013950490510730417, -0.0006405502207210196, -0.006739374025891185, 0.009742890180988315, 0.007906066438901517, 0.009873557384740432, 0.0947325499954354, 0.10574503649422097, -0.02190009662363153, 0.011979446098798375, 0.0015297232988696638, 0.001196817058010064, -0.06428720991232387, 0.00040275479957032316, 0.3729563806141678, -0.16384433152036015, -0.047313496192676135, 0.0014989331249779267, 0.008049677038090845, 0.013345298831261499, -0.01880061821392406, -0.010811751513973065, -0.013082115491946057, 0.014471783251785745, -0.0025633867598939012, -0.005803847408625144, 0.0015869892828754215, -0.0031918495583796685, 0.003675121154275066, -0.003341499005816365, -0.0007966863500055739, -0.0026018087032613334, -0.008463191682104125]	1432625366663
[0.002857445765905809, 0.003229664382265437, 0.008826073382710855, 0.0069517624169539724, 0.004559427691529589, 0.004335116731449175, 0.0013844268021473765, 0.002834195313738987, 0.0007797923447860515, 0.0012317281365145647, 0.015708715694666912, 0.003355703234905884, 0.00750773938967786, 0.0012535178621259566, 0.006553684107951909, 0.0013617645897654506, 0.00400757999046653, 0.004676593746468114, -0.0016150746555584666, -0.025409507722189115, 0.0052638192753020705, 0.0037945356202336235, 0.06909621577884585, -0.0008430467011866948, 0.007601818312974005, 0.01065656766803609, -0.000875751092276323, 0.06135673583287342, -0.012364796924008955, -0.03553167385851776, -0.00855244204058237, -0.005076316675096512, 0.0017947426394276508, 0.002089054214509314, -0.009114540124543411, -0.0017482484326899483, -0.0036344037196076734, -0.007010170822309287, 0.002348571129606964, 0.0036392592791795204, -0.009088050508808596, 0.0018467709088889055, 0.0022770440079981453, -0.0021096339970269255, 0.002097863100580112, -0.0005638944919796508, -0.011230179969857496, 0.010244317516081182, 0.00012410051885937192, 0.013603152913776081]	1432628944664
[0.0033864933938728605, 0.0021092721511177474, 0.0017780837641336177, -0.0003217500353491132, 0.005108672952474434, 0.001961769475000942, 0.003778303418142015, 0.0010670892746652933, 0.0010312375330938039, 0.002751629160096003, 0.0061233995962332675, -0.0025615498798749496, 0.004358833602985555, 0.0008146674388355335, 0.0015545677721425554, -0.00010870290978883024, 0.0005333782751596198, 0.0007897969341936035, 0.0002000885068718636, -0.0015871312355757393, 0.005661602613876691, -0.0032779789092165904, 0.004263356440720105, 0.007083878877216996, -0.0030948776719115054, 0.0037263299703686023, -0.0011042501455597042, 0.006651682474965208, 0.0032854539270678576, -0.003011834896523562, 0.0028359806173572917, -0.0024203607556429916, 0.00487815444210716, 0.005870023443460959, -0.011356388922361658, 0.0022447870396843533, -0.002742287985614489, -0.0037093831730963655, 0.010129552959908089, -0.0077125864285475685, -0.00735899793947658, -0.02610063646618776, 0.020998097481300847, -0.0022979571445278743, -0.007599109465247249, -0.006477205148559397, -0.0045000932866451505, 0.02272832817622028, -0.017151160657839424, -0.026613840899398975]	1432630885662
[0.007185196105396402, 7.116212959811828e-05, 0.0016146477283015847, -0.0007197762146292679, 0.0022980883069347036, 0.001942426389626626, 0.000791774316220181, 0.003525611136471973, 0.0011446950488072048, 0.0012483820126805737, 0.006768569363871531, -0.00039012568061162756, 0.010859034715453408, -0.001564304744742048, -0.004244885831739987, -0.002769283676009333, -0.0007409537894842307, 0.0014915754167554745, 0.0007771886074772757, -0.001051837595870156, 0.0011236634541140578, 0.0018461583786772654, 0.008085651746735489, 0.013242555278057023, -0.006396650062645464, -0.000809586705138628, -0.010249815988188866, 0.0003667743343259755, 0.002956839630207931, 0.0028918119878596485, -0.002621139935816845, 0.006616851117331302, -0.004001947026137454, 0.0008019459343426187, 0.0021006482513712763, 0.013332373025487286, 0.026045752067875818, 0.0032463733060097196, 0.014379321491061112, 0.01217673820966175, 0.02607630457857329, -0.009731450056459447, 0.014791685811052438, -0.017483716106933722, -0.023491867381903946, 0.032532803898307434, 0.001071124073512235, 0.04059726965285356, -0.007584468222554632, -0.031955914448205246]	1432634155659
[0.008988559561359591, 0.0038002462712865438, 0.005880393731281883, -0.0021612043688092903, 0.014983870450221773, 0.017653571140127826, 0.01043741089833188, 0.0011778193868538153, 0.004290873790675423, -0.001804019724844022, 0.01633855565022718, -0.006162905647489015, 0.017164369962431755, 0.0003416487722522958, 0.0024316372893641285, 0.002850468706850467, -0.0006227102109934735, 0.013360017611236286, -0.0007124738600454969, -0.002318799749094145, 0.05515121616560823, 0.00029044550748630587, 0.0043469036781257926, 0.023731983784346534, 0.01511540850591763, 0.021841167546763917, -0.020222138572708697, 0.033817744637499675, 0.03450167137268929, -0.0008922105608409664, -0.018398165635947854, 0.004639820125973526, -0.015712678167978864, 0.049674468490910485, -0.07951640822540036, 0.12888113779565963, -0.03781019628678944, 0.21097362877290254, -0.07104216360372555, 0.06252227287103905, 0.07077038174699919, -0.29954700253869865, -0.1409398010283075, -0.12702981386904103, 0.17804416822543234, 0.1414683552097502, -0.04193667515222653, -0.251421408263421, 0.0056924904758287554, 0.0028095080973861504]	1432635947657
[0.0016335075746480231, 0.0003576382303329753, 0.0010438660682171852, 9.957641753855944e-05, 0.0008795952876445764, 0.0007605284477210254, 0.0011509438857586693, 0.00047510706264810584, 0.0010603883543172747, 0.0004649753571396661, 0.0030463303593124373, 0.00021278429483808216, 0.004587804535439899, -0.00028183952358562346, -0.0008367789877907325, 0.00024430421842454227, -0.0003316005141757296, 0.0010607569679783012, 0.000800759114717833, 0.0008319697782691933, 0.0008389147147597403, 0.0008975012457215177, 0.0023942741341773854, 0.003193233958236361, 0.0002828163970164281, 0.0015896917314724552, 0.0009073570829987171, 0.00033990249440817456, 0.0002722514812657301, 8.500732088315563e-05, 0.0004141269888177497, -0.0007850259677367385, 5.796751821964269e-05, -0.0011875387680727993, 0.002838015468467878, 0.006395210090956764, 0.0021857556786381727, 0.0013329496452898423, -0.0024084866664290053, 0.0068707865425575365, -0.004431219862332314, 0.006793504895280489, -0.0036152720780627586, -0.0035154377690202986, 0.0023828553207802085, 0.0019832754073550083, -0.00022881176365531646, -0.0021620057527056134, -0.006948157914537397, 0.00889253565180873]	1432637740662
[0.002161140549955681, 0.0016630076004211652, 0.0004463760230041274, -1.9654133468826776e-05, 0.0017918671750765365, 0.0019293074032285483, 0.0018305072754821142, 0.0010231327198960223, 0.0009131965078377836, 0.001017998192871561, 0.002077944701140594, -0.0007635019113066703, 0.0043801179108939724, -0.000649161495356484, 0.0005594424735009595, -0.0013796088254151894, 0.001744568228215945, -0.00035024086055625026, 0.0012403023548433938, 0.0005284041398444816, 0.0008244121883200032, 0.0010721016879467777, 0.0032426687047241473, 0.008149730205356923, 0.001398470687640088, 0.002467156385613437, -0.0008325102000678085, 0.004953826661065618, 0.0019990609603871955, 0.002173931979577234, 0.0010811424257187814, 0.008306755956047908, -0.010231391530468825, 0.0033161016220833533, 0.007400476792269192, 0.00400664334483497, 0.017765527526392638, 0.006568623267513437, 0.007197882914962189, -0.007442023651893506, -0.0024603837714303766, 0.0033062291796245973, -0.011391274585512062, 0.007327942013212758, -0.0009903862046307125, -0.027171826252371353, 0.0025423241498667487, 0.008237058140105327, 0.005630219364307238, -0.006046101042097263]	1432638743665
[0.0012684996582201487, 0.0011648006815874025, 0.0016781497350878128, 0.00014317190804715254, 0.0053599713694776315, 0.0014050629046899014, 0.001702953920443614, 0.0005516788371307035, 0.00017443610877792206, 0.0028031320605511824, 0.002724641511923312, -0.0002698732465490851, 0.003265010107013735, 0.00018665415393474954, 0.0021734964713451513, 0.00013259049826574708, 0.0005672204873908587, 0.003525048606501325, 0.00021728943534724373, -0.0012068499964363987, 0.0005894334046553676, 0.001867133408845714, 0.004938943414891305, 0.013345155801620394, -0.0028260605800257206, -0.002157630390320671, -0.000762133214299513, -0.000153285069355512, -0.0011800820430961747, 0.0001084842988232058, 3.2253776288067754e-05, -0.0011972293990757884, 0.0034979400778016945, 0.004284849115800489, -0.0015469820862888818, 0.004305643702401398, 0.011873838238998579, 0.006219030727456604, -0.0023973457534994347, -0.0034771277107401547, 0.0015591387653462409, -0.003936654493052038, -0.004044185830906907, -0.0014114897611356152, 0.005283535546970767, -0.0016488558853497177, 0.007048986153056593, 0.002294244056550739, 0.0004887634155230592, 0.009173228572766283]	1432638984660
[0.0012706544725323073, 0.0006232344438776507, 0.002234583013592794, -0.0006862292280482645, 0.0014344490546232683, 0.0015282205951060797, 0.0004687863006643201, 0.001205847099595646, 0.0005718740112911158, 0.00035477890759590515, 0.0033909616560425216, -0.0001766992234521142, 0.003548179842217565, -1.318122679758961e-05, 0.001386357208310629, 0.0001770152009428502, 0.00013826832740873474, 0.0007517540766985987, 0.0006945290737248414, -0.0003905797758330254, 0.000836362031840267, 0.000357349004164585, 0.002759021195247842, 0.004024151843311023, 0.0013489221530299878, 0.0009953435073426573, -0.00026191707370036457, 0.0014576265163711007, 0.0005991035544349344, 0.0010723919030644184, 0.0011987993792693088, 0.001746044239696809, 0.0022800976526839586, 0.002635542331973996, 0.0025363102135335983, 0.0038926214543576684, 0.0023192649323997123, 0.0019267807848832815, -0.0023912315055678755, 0.0040995020841368395, -0.0005690874909884818, -0.001150602115073849, 0.0021434677538528023, -0.001483786273711101, 0.0009845755319777183, 0.004566851073331463, -0.003491642496128018, 0.01149293135258405, -0.0002382123400554502, 0.0057628524583315495]	1432639625664
[0.0009393778090445165, 0.00010785307190982132, 0.0005628022333518031, -0.00024867350941305697, 0.0005958497439062313, 0.00027687184493001597, 0.0003472817914644132, 0.00030542065446774295, 0.00037052266855443927, 0.0003360559284444969, 0.0014490730268513045, 0.00041943100833554217, 0.0015858397859432006, -0.00012756268356779618, 0.000594403861543844, 5.1573490717446e-05, 3.84742114802937e-07, 0.000768132222566738, -5.266898646332614e-05, 0.0001735880416779283, 0.0011028079800156302, 0.00018081714999656305, 0.00041978836109314257, 0.0011283007404556207, 0.00017647754563041333, 0.0007945112675064736, -0.00034366507040905353, 0.0006643236780899849, 0.0006569494849022966, 0.0005835540699542552, 0.0006021682939835098, 4.407928657872926e-05, 0.00020954048274652472, -0.00029003222470084557, -0.00014318634397168776, 0.0012661109287081275, 0.001674185663468336, 0.00037988263340754924, -0.0008217144281150101, 0.002099449980141523, 0.0010577886505815446, 0.0001318776109619311, 0.000406326771055003, -0.000245409611834791, -0.0010361959416044456, 0.0008383559892251956, 0.0004034715020622421, 0.002006141106264071, -0.0006408513463922437, 0.0003170232137883503]	1432639852665
[0.0015092314731822273, 0.0022356686564768873, 0.0032348656103607207, 0.0036259164905181156, 0.002446655658903017, 0.0023781076992606164, 0.0005050706939927913, 0.0010033098135952797, 0.00011820889226492329, 0.0004485638937070342, 0.004604487514559286, 0.00038639259105874535, 0.0028078344046523346, 0.0004285320986578308, 0.0013481971098573584, 0.0005558663633955227, 0.0003794735029756186, 0.0020847674145442275, 0.0005504268395719339, -0.00328426905326882, 0.001303654467310445, 0.001809018581432277, 0.00251399371115639, 0.0052413237895890625, 0.0014865827448046773, 0.0026995603505630514, -0.001080739399728761, 0.013249545821584075, 5.800178942682925e-05, -0.00329348050450858, 0.0012194097753670027, 0.0007849226139888973, -0.0016830206072918584, 0.001170575295047064, -0.0005533514720172482, 0.004012820956786536, 0.0018243118404061263, -0.0017356517437756953, 0.0005985911937304653, 0.003676589983370227, -0.0027765381117584795, -0.0019114063455375155, 0.005858506771985624, -0.0012034835780879469, 0.0014069168306360485, -0.0005452512609268039, 0.0012853607577677612, 0.00622524348949489, -0.0019780121747501062, -0.0001931895762769734]	1432640621657
[0.13837238057643855, 0.8706480041854486, -0.12947494555896916, -0.05274040464414226, -0.03693393281742233, -0.02578974969253726, -0.023214819181462967, -0.007537079855083933, -0.006806716816102729, -0.028997351072231895, -0.012475762774579072, 0.001898592546446945, -0.015339047029723114, -0.0009452088445630597, 8.71142457479109e-05, -0.005219781571894432, -0.003647413111819881, -0.005236393200621873, -0.0025104111769129397, 0.016376094834637395, -0.00879104642638644, -0.007304906263435175, -0.003929597926882957, -0.011988176349526139, 0.003281317638293887, -0.0012932666060953425, 0.0012866309252639143, 0.002910258552457015, -0.00439831402971457, -0.0030805401141210703, -0.005648264481940908, -0.0017774112602529084, -0.0008934380068218772, -0.009093001958458252, 0.0006317001643993224, -0.0059528010144624935, -0.0035782458370608064, -0.0040452849384457696, 0.0018244206466543583, -0.0064389773100431355, 0.0008361404889107538, 0.0032844554551601526, -0.00153302028781277, 0.002599734421330815, -0.003097589309340546, -0.0054088077052601834, -0.0048114345793126645, -0.005961405039000472, -0.0004405702111369872, -0.0007927807554511451]	1432640686659
[0.002268613473522612, 0.001567572000527694, 0.002436041895607605, -0.00014530946527723445, 0.009064648465122076, 0.0024929383599599955, 0.0008496948774528676, 0.0026160504247648726, 0.00030364047113217005, 0.0010564071925663488, 0.007341758857551722, 0.001994768020443682, 0.006513461307955355, 0.005546094988594693, 0.00013671312100490562, -0.0002915289922541642, 0.0029662122228219985, 0.0008356754506851225, 0.001614738796153232, 0.002407856812368528, 0.006094141803685912, 0.017498378414551846, -0.005021595919539588, 0.016526675697446563, 0.006445064035547653, 0.014452100866144905, 0.0066735929996992495, 0.008529155424125918, 0.005105507607186878, 0.0017195994549197894, -0.0122701091405242, -0.020462055582084762, 0.003834403233014663, -0.007647114152657888, -0.0011491974572432925, -0.01304353417974971, 0.005334113950513235, 0.018858669458890844, -0.008134349106908864, -0.014967813487168215, -0.051197230873492504, -0.021747264445045, 0.05461270386915786, -0.0009703284627083599, 0.056362080453376324, 0.013419406482428554, 0.012255915572429934, 0.011627851378267835, -0.06427075188577068, -0.011159973722648467]	1432640827664
[0.0021429631485000615, 0.0009395023273471203, 0.002689658762366052, -0.0011245390223823394, 0.0022381496920733453, 0.002493567845248417, 0.0013386014074401814, 0.0015518966645937072, 0.0007581030956266364, -2.407232009259744e-05, 0.006259499027472696, -0.0006257148045340504, 0.004683350870175128, 0.0005640110728256487, -0.002247518360652051, -0.0002729884255713722, 0.0012443926961258434, 0.001670263094140254, 0.0018207109474845365, 0.0008857449476346988, 0.0026445977495280198, 0.004040133978088459, 0.05106570891784091, -0.003359972878965785, 0.00025372969700902066, 0.00014065774007165322, -0.003078534066826345, -0.0012113832788926628, -0.0036490805077695476, -0.005436600591740927, -0.0141464229792362, 0.0048837021744821355, 0.011987237545041513, -0.007874937825255243, -0.0059425091852274466, 5.8524481081698015e-05, -0.0081671495434814, -0.010366954877841172, -0.02705204256649677, 0.010757077335112006, -0.009726895090950554, 0.01243317757043992, 0.00965952806018236, -0.007156948068526302, 0.04203497353734355, -0.015308854808760894, -0.01730753701960287, 0.02394308542836833, -0.023661752901671627, 0.022028689391443604]	1432641057658
[3.327831862437888e-05, 6.392020960992182e-05, 9.708247862977109e-05, -3.272658772966314e-05, 9.049911060872291e-05, 0.000122611433150531, 0.00019458934333202262, 6.120893853339167e-05, 1.0869123520763364e-05, 0.00013519026365776756, 0.0008386491161317431, 1.1911498944144142e-05, 0.0007730464694374091, -7.592361433620444e-05, 0.0006422380489355658, 0.0004885212807918768, -9.127256018025018e-05, -0.00039890340372265257, -0.00043601485409882484, 0.00010136606880899663, -2.364637779962987e-05, 0.00033952853970475384, 0.00045647388766997436, 0.00022809975335049242, 0.00012885639577876678, 0.00022888373149977922, -6.689387138517277e-05, 0.0003494985731042445, 0.0007380322919624818, 0.00013067499931905944, 2.6332596699992264e-05, 9.304818044658926e-05, 1.1523331508971439e-05, -0.00023185135890299216, -0.00016648033116349001, 0.0004606323923759712, 0.0003075655511965771, -6.696482728122432e-05, -0.00027736048169696366, 0.0001491306941472905, -4.768655670905247e-05, -0.00034844793450296155, -7.481088650356111e-05, -0.0003242994269872135, 0.0001879218431022622, 0.00031159484082365137, -9.679628206724713e-06, 0.0006405808154051967, -0.0003217506548874249, -5.798737056713652e-05]	1432641363662
[0.0002672378184363688, 1.9574275624080697e-05, 0.00016030524776439962, -3.9031994595171534e-05, 0.0002035885229046962, 8.987809441931261e-05, 5.013015922635228e-05, 8.018600771333706e-05, 1.977559362568077e-05, 6.687355698891965e-05, 0.00030620434302935186, 5.8742953121902896e-05, 0.00035253709082610357, 8.898880789510189e-05, 0.00018714670886085238, 0.00012625987048459653, 3.710562524499741e-05, 0.0005322677134608794, -4.795553979105069e-05, 3.609319943008122e-05, 5.4289249147402176e-08, -3.6086652642925515e-05, 0.00026321623276171646, 0.0007157236987750215, 0.0003126748671659986, 0.0001020338856726063, 0.00019681958127724388, 1.1905756385089694e-05, 7.993073664079353e-05, 0.00016708635191839484, -8.015729823112325e-05, -0.00023435389228769403, 9.34552645733789e-06, 0.0002947511981318308, -0.0003925988984683327, 0.00042726190596877853, -1.6015907458511446e-05, 0.000639067589705958, 0.0002431402681181762, -4.7323228517350856e-05, 1.042280820108945e-06, -0.00014398852815603082, 4.702332452042963e-05, 0.00010557081424205183, 0.00043144574174424326, -5.5128205196046506e-05, -5.479848761382821e-06, 9.726750206137228e-05, -0.00012289654633204059, 0.0003272780458695637]	1432641515661
[0.00030777885536983034, 0.000249992223835243, 8.524423522503824e-05, 3.333700784634899e-05, 0.00032502880655966356, 0.00017788558343081608, 0.0001433539679878467, 0.000142281195122219, 4.648974064154933e-06, 6.646148958552017e-06, 0.0009715062753256591, -0.00041487715085201915, 0.0004400967777063965, 0.0001558165926560098, 0.0002686384249392772, 0.00021868950920157722, 6.16991437658827e-05, 0.0003444227693777188, -0.00011913481242649975, -0.00024429433074483987, 0.00034747074255489746, 0.0007262235642573848, 0.0004496921681616059, 0.0009835611734676302, 0.00023197329832320976, 0.0002897365140894163, 0.00014339164570017097, 0.0007597687389025124, 0.00011832636322048528, -1.7639199028180267e-05, -7.84832852309212e-06, 0.0005281242425508948, 0.0006144070661041733, 0.0003798822284134211, -0.000740676846866788, 0.0025091447756618954, 0.001468134580927899, -0.0008929655792971521, -4.32195058982501e-05, 0.00013977309113750173, -0.0003793397247815142, -3.3253574412589815e-05, 0.0012667892004273392, -0.0003644889928835776, -0.0007400721580424371, 0.0011947985051431007, 0.0006488206500214819, 0.00035287487856139, 0.0005061628231053445, 0.00028444304795040737]	1432641740663
[0.0023694462864202854, 0.002105025760728674, 0.0016427979179903522, -0.00035438477543608244, 0.0022551454598233487, 0.0024060786678683117, 0.0016872620367100197, 0.000863344286052806, 0.0020017470602027567, 0.0005227809901032077, 0.005296432973484941, 0.0008959538730984715, 0.005676548599889851, 0.001235137823000609, -0.001696216090760495, 0.003377631556128099, 0.00012921386881514053, -0.00022729749999700057, 0.002020214253143451, -0.0005496733649907407, -0.0003717201299014636, -0.0014414549787196522, 0.003009256654281786, 0.006668068783531053, -0.0011046126380290587, 0.003920779324296907, 0.005255767568985545, -0.0020884295547855085, -0.0034333584666963735, -0.004540340714621333, 0.002152336742203178, 0.008583761792656972, 0.006135711601447315, 0.013104399765222884, -0.005888217715533632, 0.011616236160564319, -0.0026810350388517877, -0.0019190134907662152, -0.007076043813559796, 0.0038414392602771816, 0.0033621164595901264, -0.004362187513747911, 0.01678044942464528, 0.00889834757011456, 0.01959059376423748, 0.013544772384677486, -0.02086484197675684, -0.0005480432319508574, -0.02580637604765752, 0.017136507074859274]	1432641748663
[0.00957106190888149, 0.012354914750026405, 0.018341735174928705, -0.0014066834360454946, 0.14876024534262489, 0.3388851999053626, -0.07606086614602837, -0.014278748886819253, -0.005020542819431344, -0.05955974677455871, -0.01513358651995654, 0.0043147800328206904, -0.008089817276287315, -0.0017542523885822525, -0.009082893941812616, -0.003729843174196197, -0.0011152471597136331, -0.005632778455949025, -0.00015399531458920368, 0.005982426287828609, -0.024750809414162984, -0.017359027289941067, -0.006422488224658969, -0.0023421110816532484, -0.0017619535659283302, -0.001128652673097784, 0.0011671875188233967, -0.002560598451606986, -0.001838575736150408, -0.0016098267470089382, -0.0017934889784185538, -0.00010808160815859313, 0.000974172935664732, -0.006113432372724162, 0.00819697836728035, -0.00201898746759041, -0.005457356652760313, -0.008584838843316192, 0.0007306211701176863, 0.010408812964593263, -0.0033059066370159087, 0.006708290344134554, -0.004772685087099532, -0.003145622984549217, 0.004517001173877706, 0.0018521129556956413, -0.0029680438580643328, -0.002684010780271511, -0.006925435703354158, 0.00698304747752549]	1432642443659
[0.0, 0.0, 0.0, 0.0, 0.0, 0.0, 0.0, 0.0, 0.0, 0.0, 0.0, 0.0, 0.0, 0.0, 0.0, 0.0, 0.0, 0.0, 0.0, 0.0, 0.0, 0.0, 0.0, 0.0, 0.0, 0.0, 0.0, 0.0, 0.0, 0.0, 0.0, 0.0, 0.0, 0.0, 0.0, 0.0, 0.0, 0.0, 0.0, 0.0, 0.0, 0.0, 0.0, 0.0, 0.0, 0.0, 0.0, 0.0, 0.0, 0.0]	1432642631660
[0.014445503380616393, 0.012902465512592182, 0.03720820950096355, -0.010108333687858389, 0.33527490815806416, -0.15108966514527472, -0.010551246141518032, -0.007227882262775771, -0.0020162072326215833, -0.0037635778768013717, -0.005603685960640325, 0.007771544562721775, -0.004085081434405746, 0.0003678455953847956, -0.005624007087029789, -0.001468779035923403, -0.0007542967460603894, -0.002066736084163594, 0.005232854337367393, 0.0033622150803322027, -0.03368355304015156, 0.0030753553433111353, 0.06705452582907241, -0.012113845825003139, 0.0017313538957672119, 0.0017931194034167446, 0.006369669729593625, -0.005318689420250021, -0.007976736752379941, -0.015078190001500923, -0.00221270999445772, 0.009404296095345165, 0.007604172577045005, 0.0087924129160598, -0.014678534958463234, 0.01632152541257101, -0.018607801522962222, -0.0008216804254488864, -0.006842160594470874, 0.008717515539324431, -0.0022832146731645788, 0.0035519723224835425, 0.010338561984417904, 0.016820062427687354, 0.009261475309191641, -0.0010184557364173647, -0.027276907776174426, 0.01870287790409082, -0.02465863154188709, 0.04042166156962528]	1432642768661
[0.002105798382802714, 0.0016238323779911561, 0.0021386956968964125, -0.0007238637149307161, 0.0034336102390628382, 0.004418754799385079, 0.002011864279674214, 0.0002154058014171648, 0.0002586877821757504, 0.0006697894243723543, 0.0036461220851282637, 0.0014968542369118872, 0.0019650791893410634, 0.0029445033574668276, -0.0015467695991308325, 0.0008739112926536334, 0.0038155806247837684, 0.00010306680378277998, 0.0004451536402116163, 0.0025214875834619656, 0.009286984896770533, 0.0053923052660998306, -0.004333239883232802, 0.012558475839622595, -0.0020996184485268265, 0.004945960879861633, 0.012106720335331542, -0.007977174918818934, -0.0009233021407891726, -0.0030411783436872196, -0.0168360171322048, -0.0044702769419127705, 0.003129804906990564, -0.010750820637704104, 0.0013766572754198363, 0.0001365913888327505, -0.007205282820491755, 0.022526073347486575, 0.011034877270228888, -0.027802061312752556, 0.0009030724042782885, -0.025362476706269718, 0.06883626989811309, -0.04507033304205036, 0.08355345599044188, 0.04217433541949599, -0.0024234748146105657, -0.01367929013228856, -0.047366844964080036, -0.013724005629956144]	1432642882662
[0.003093722728859666, 0.0020860885903205284, 0.0035419918135783752, -0.0012778278349368215, 0.003635854284410035, 0.0034016554661800034, 0.0013773471728582881, 0.0020922488697977812, 0.0007644944613228447, 0.0013387378101460986, 0.0126276156411892, -0.0013796572596800956, 0.019736345421475534, -0.003954285003572877, -0.00511172009839439, -0.005989789199862903, 0.00027325148533159004, -9.943432092135206e-05, -0.000903460982811109, -0.0007998187167116054, 0.004375494145525091, 0.008671874560377196, 0.003768268081370468, 0.02183688939448795, 0.0010184467939754614, 0.013076038248678841, -0.0035034772206139248, 0.015966124863614515, 0.01001113740776315, -0.0031028875366284608, -0.009610965152392454, -0.0068389277527816155, 0.07795631634367478, 0.01000856961632644, -0.16751069764949914, 0.4302529174203442, -0.036927098860474725, -0.34241367336749234, 0.0010036026933805836, -0.025661794805545427, 0.0033421168577406502, -0.005985672671906746, -0.041489463019776816, 0.008046236037213805, -0.012891389520729792, 0.0010014789617506716, -0.029179677877904653, -0.03685070998632847, -0.002703844685552386, -0.03875867385441085]	1432643027658
[0.0036390346656647176, 0.0034440186813056353, 0.0034064515539229253, -0.00018104618348573664, 0.009744190073639447, 0.009290288167543504, 0.0036114700132954523, 0.0016652778196571735, 0.0009258696436195065, 0.004697505870294525, 0.010325274593548272, -0.00011703818445623655, 0.006811614741401681, 0.004845808981717424, 0.0017410599838077188, -0.001118022737392338, 0.0054201524259664575, 0.0008519560173534673, 0.0015996537256383367, 0.0007125416925924785, 0.013229162636287664, 0.007119277850968063, -0.0007140777963942482, 0.02274059204198053, -0.0020071260475996687, 0.007848297363083604, 0.014862485888653819, -0.0024399863730891523, 0.00022371333146064856, -0.006323987505204079, -0.017876109647722585, -0.007565687567898156, 0.004450321198591245, -0.007042999858498372, -0.006849608680888141, 0.0020830829261223966, -0.012184517633430848, 0.025419622134452046, 0.02953313580573683, -0.04061978222978699, -0.0035133458696654323, -0.05429234834202438, 0.0991357979050528, -0.05042532470584002, 0.09725115044918606, 0.05157919933247197, -0.0033959152246783243, 0.002984554917317976, -0.08001158819890371, -0.03474020727344528]	1432643785658
[0.0002650041587685359, 2.149165176775385e-05, 0.00016419405031135105, -3.611121381518834e-05, 0.00021096044988943793, 0.00011094843248297041, 4.836719118443577e-05, 8.322873606796143e-05, 2.0995867782916334e-05, 7.328430164796613e-05, 0.0003415130407749913, 7.26309297265502e-05, 0.00037144936479895297, 8.78757109274501e-05, 0.0002196899185815336, 0.00012411756881576476, 3.9189771094115826e-05, 0.0005344765237745196, -7.176995182716339e-05, 1.8982516645324896e-05, -8.060321262185504e-06, -3.2995253871325524e-05, 0.0002645777922297664, 0.0007163399292794567, 0.0003117307363882844, 0.00011715303722278851, 0.00019287401203677842, 0.00010915371061428628, 7.045993321278091e-05, 0.00014357957941062158, -8.761813530755344e-05, -0.00024007216973896762, 1.0832675418873754e-06, 0.0002863197719906344, -0.0003842620562254856, 0.000424515489807136, -1.7180029194406056e-05, 0.0006215020125951323, 0.00024156972097378977, -4.734404172306984e-05, -6.447404055288889e-06, -0.0001384331839075446, 4.014512455369467e-05, 0.00010781023756567412, 0.0004334987673724949, -5.925789909731622e-05, -9.599578356581372e-06, 0.00011210566521771793, -0.00012711715819678065, 0.00032780430359914984]	1432644307664
[0.0012010670001053486, 0.0003385240909216934, 0.001718487534505752, -0.000578038028101376, 0.0009385961094275364, 0.0009803982824016814, 0.00016611992302936534, 0.0007522334363974748, 0.00026236415315279054, 0.0003232429323579677, 0.0024867977868732244, -0.00021419075287610633, 0.0025774886479747435, 6.76793509059653e-05, 0.0008587975103106773, 1.0927710290066625e-06, 0.00020887801832497542, 0.0005476431428976789, 0.00033805514276708, -0.00020812989023574017, 0.0005273396694107295, 0.0013897838911822531, 0.0017278818989085152, 0.0028892367318523455, 0.0008909228113295707, 0.001025173092056874, -0.0004292236487125103, 0.0017287537164163568, 0.0003696312501336109, 0.0014604646150174704, 0.0004662900096242454, 0.0013297192447857015, 0.0010058348288901858, 0.0015469549776860863, 0.0005918354135963152, 0.00415554494385068, 0.002121120907403298, -0.00106463531099479, -0.0019289843776997145, 0.0035829979156712433, -0.002960329253383026, -0.0012704785701448836, -0.00020669901008293342, 0.0008544968096982076, 0.0014026663364221702, 0.0016086264865563073, -0.0026784430950482535, 0.00667038932666038, -0.0005739980239034071, 0.002392948086958056]	1432644580662
[0.06058015574726558, 0.3486949747129567, -0.047686012857131276, -0.022704590024075922, 0.0013298394193126148, -0.002517055057568736, 0.00786410220743176, -0.0027824109451700663, -0.0009654119466914953, -0.00213199618792516, 0.03354019210105881, -0.027800333350452917, 0.12957520836392403, -0.03555913229481374, -0.15068629907409964, 0.5259654084976473, -0.0022528785359237765, 0.0012501119417161893, -0.04253542548155406, 0.009497104326535088, -0.000823955376235178, -0.00939408863283416, -0.008359812744774611, -0.018411626154737504, 0.0051746266615109145, -0.00798043226457705, -0.005593308589657937, -0.0020816402815684036, -0.008889109545182764, -0.002293084835727522, -0.009323865958293919, -0.0004409784651834584, -9.01263511471362e-05, -0.00984736908718688, 0.0017690221932111947, -0.0026947649000827, -0.0050462533277607, -0.004064406263579118, -0.0033324712886061867, -0.0019209360267773347, -4.1679708502843584e-05, 0.0039871870642605, 0.00027665002360964096, 0.006598351563109506, -0.003916308294347677, -0.003286470044746218, -0.004999704581577277, -0.0031984359177102367, -0.000918868773045303, -0.002511725846879098]	1432644835658
[0.0013183833449734682, 0.0010756314807885974, 0.003065634875900029, -0.0012753723235211655, 0.007948412615051763, 0.0007465828988472629, 0.0017295489989462896, 0.002894953386796319, 0.0009399581766562009, 0.0008707713074886357, 0.007226248212813268, -0.0027762024658571386, 0.010184721810738784, 0.0005115886077994078, -0.000505001826566699, 0.005682810446031714, -0.0014684532938310266, 0.009623317341743333, -0.00019779451554320329, -0.005720691076590171, 0.0023701721057488648, 0.00040540402733186696, 0.004863736257273883, 0.003529454732953788, -0.020601451880364757, -0.013451104996284947, -0.013614032258816803, 0.0232599573098081, 0.007728260621353842, 0.02644515077602698, 0.01031676901923027, 0.005359851698621815, -0.04824244000319605, -0.060887094497956436, 0.001833375901173257, 0.07023924388108663, 0.02062604497146156, 0.021069869370591732, -0.03078986163936381, -0.03618743818246967, 0.12401381787708711, -0.041563755268272405, -0.013252586516821424, -0.0009886205060787928, -0.20932186621709525, 0.12098303236550145, 0.05103483719613283, 0.17231451624762445, -0.17395389123610366, 0.06510406935176496]	1432645068657
[7.006638620717041e-05, 1.0131068944894234e-06, 1.881051260879245e-05, -1.0490975164452465e-05, 1.825851235098953e-05, 1.0574265375338812e-05, 4.073932195241095e-05, 1.9140263053959278e-05, -1.2844145123380806e-06, 4.02324461673179e-06, 5.1779772149006226e-05, -1.913334492151837e-05, 3.699208190763186e-05, 3.086049091452168e-06, 6.776216858293789e-06, -2.8719861072247965e-06, 1.1725536162873785e-06, 1.4454078569126471e-05, 2.5283675278213953e-05, -9.249698322363889e-06, 5.401749855005067e-05, 0.00021639453224110955, 1.9223015234894565e-05, 4.88436219210369e-05, -1.8576981565515123e-05, 1.5224059954516598e-05, 1.65167096497726e-05, 5.530657421692828e-05, 2.580549980539146e-05, 0.00010833251381130547, 2.6391544421283776e-05, 2.064817932826766e-05, 4.112075876503684e-05, 3.162626277021599e-05, -9.577682138744648e-05, 1.4813179292550262e-05, 6.605436033446726e-05, -6.792938841730312e-05, -1.87976269936458e-05, 2.8086013765535066e-05, -3.858284660659479e-05, -5.0308243724011425e-05, 1.2371128547276302e-05, 6.2990433894823166e-06, 4.874166735448894e-06, 0.00011307454117464444, 2.1070741394502712e-05, 0.00011382808608154533, -3.6804612198818544e-05, 7.720716463907967e-06]	1432646183666
[0.005638248465794602, 0.004126356624508677, 0.00518413500081494, -0.001429864849588336, 0.029986669384791883, 0.01650851882857871, 0.004741948846749606, 0.01091526095051322, 0.0039785321316002905, -0.0042139009081625, 0.007990339790961086, 0.00396989990740744, 0.010515853792812797, 0.008131984462306152, 0.0030238199679113145, -0.0012974357343568989, 0.005426527570396542, 0.011380319521182545, 0.0043292597619272, 0.004131027626608588, 0.0008042331919411302, -0.0029860221072837982, 0.0047797365837226845, 0.07013776343637551, 0.011715643778574984, -0.018915442273999602, 0.02650618623403461, -0.030025474008771, 0.008319067500760318, -0.013305698897103995, -0.03797031265182885, -0.03553838575973035, 0.04207656256158756, 0.06052167128425881, -0.048969873906890365, 0.0035368880762755633, 0.543786193589523, 0.03781682550537837, -0.21922806605352232, -0.2706133469473962, -0.1526245271036488, 0.039532519544992144, -0.0036718078714165748, -0.021329852197273055, 0.07217642426393764, 0.01370341960241399, -0.023227344271134095, -0.03202385815416401, -0.07970044943922981, -0.01537279791117734]	1432646192663
[0.02185793252195623, 0.048992098533328976, 0.1693334344975096, 0.32754840918567574, -0.002948286465971143, -0.001353170648970624, 0.005668189056333331, 0.0017418580719114896, 0.0019662342733798677, 0.006479906086770107, 0.013367898589239188, 0.0028762346817157057, 0.011413373991633953, 0.003397638511675334, 0.01570446484356558, 0.0034641498439130503, 0.03569234303398125, 0.011371933256403335, -0.016933988438364342, -0.16865164548365688, -0.01585831876754708, -0.023118954118293112, 0.009616000446395323, 0.005055529707753037, -0.010008477165844793, -0.015803605474214766, 0.02595305166509242, -0.04901066485936881, 0.01755632567032692, 0.0402848081988217, 0.01640174988115445, -0.008480484180982082, 0.006008701143324242, 0.023076675523732448, -0.013634529539401365, 0.04167230699550856, 0.07928404275524725, 0.016715273663841786, -0.031812941957621854, 0.06866237480070833, 0.024745598670996384, -0.05481263959617602, -0.05946778096355085, -0.048803301450604845, 0.10136500271612806, 0.12997001860041962, 0.12676246209894784, -0.06860552962300727, 0.12225550386739777, 0.07546784295626428]	1432646216660
[0.01819741577059013, 0.016076214913255595, 0.013729670818655925, -0.0064826254039175865, 0.04237770828686139, 0.06044060266239587, 0.3227646997818453, -0.015879884789731246, -0.007672257500462387, 0.0028247941266734385, 0.05795967499581143, -0.004555095504856045, 0.3252690752156009, -0.07533796166105369, -0.23346412195446464, -0.169958831619514, 0.00413903493119239, -0.022528427261855288, 0.00173699232935487, 9.361209942630981e-05, -0.021739857496563764, -0.019568732161483388, -0.017369092375787543, -0.026032865449308107, 0.005142711596894177, -0.011262898203002731, -0.00036122314754113787, 0.0008533681028156437, -0.019313733522068423, -0.007341497708851991, -0.002179259107046755, 0.0014908274073546358, -0.0010932290945409753, -0.0034379359879832335, 0.004892346091447738, -0.013155619523263629, 0.008891046558900946, 0.0014229941583826045, -0.006424492117326605, -0.0029512271812848637, -0.00818232246009463, 0.00862015777505279, 0.0009437360603496744, 0.011132252287515755, -0.0023059144520763677, -0.00032536287631637926, -0.0008099801135483973, 0.0008309553664474554, 0.007347891159554767, 0.0029073925001514888]	1432646220661
[0.0003210403764444394, 0.0002136646840983477, 0.0005223504839539994, -1.612977542085249e-05, 0.0009959995720857698, 0.0005998411833778671, 3.5188742688681634e-05, 0.0001930572069907426, 0.00012561143370684987, 5.7101577067929006e-05, 0.0013487789573375574, -2.1446170282548205e-05, 0.0013196685643405148, 7.594208008559466e-05, 0.0006526614210995978, -0.00019772373197609553, 0.0001377436714623932, 0.0005588932174966588, 2.2381611942140364e-05, -0.00044020919575550106, 0.00032599801872832583, 0.002737631286806492, 0.0008423478408524387, 0.0015292037608760308, -0.0005503892486613263, 0.0011846553009083884, 0.00017780910280009848, 0.0012837395545027572, -8.30254029514618e-05, -0.0005761147013858054, -1.5724376325375065e-05, 0.0004436999146495685, 9.443787208578456e-05, 0.0003597575463524016, -0.0005531817594720747, 0.0013774621969115178, 0.0015047146641618294, -0.000768941055115143, 2.6658121132550088e-05, 0.0007543887231346699, -0.0010370499113860345, -0.0011839629148593797, 0.001153887764000827, -0.0008621887047788746, -0.00042987252241558186, 0.00011039523567437143, 0.000884809110015447, 0.00047336467355334444, -0.0006997423047461559, 0.00048435704804632596]	1432646262661
[0.0029971583715397, 0.002234342263337123, 0.003062230940823887, -0.00021388578981619146, 0.0039306638926536715, 0.004712031679161997, 0.010811222767064019, 0.004800666103421678, 0.0003392876355960593, 0.002385284800807132, 0.02069601542161941, 0.005231094293406636, 0.011730541178952862, 0.0005796272779900288, 0.011141064355294106, 0.0026890242510059525, 0.0016067872646097583, 0.03239574955579528, 0.0011203460175810036, -0.0020886729470012077, 0.003407560205765303, -0.004151389095631182, 0.011006238952114326, 0.07280905716336528, 0.08285492496875056, 0.2896705446182375, -0.06770591182185799, -0.07567982708378358, -0.012221129444214066, 0.0008981075703803449, -0.008339484481375802, -0.021755724398694228, 0.003930382696639618, -0.008474740211400968, 0.003530064048653837, -0.011028389256415722, -0.005218219532427734, 0.00028584629761623697, -0.0026350713587187293, -0.001632563355743951, -0.0010159902276739184, 0.003199995029426165, -0.0036329027672982314, 0.0026192589679417027, -0.000617824212266252, -0.003377763121548554, -0.0010904998497724841, 0.0011340840044897736, -0.0018036619420558689, 0.0013823910711645375]	1432646422664
[0.0014705493620495406, 0.0006885919009464389, 0.001528969642022242, -0.0007221269631479972, 0.0013048524607494109, 0.0013169460210592657, 0.0011565424942432624, 0.0002602594438493456, 0.00023451807900735623, -0.0001257134040764906, 0.002533055509005235, -0.00010113983183152586, 0.0025030732388386435, 0.000436508517474607, -0.002414600263894299, 5.321247323824838e-05, 0.0015249696214384321, 0.00133353151593426, 0.00046363037310694614, 0.001244179958050988, 0.0019142322356898122, 0.0036736778866254343, 0.001726588402584594, 0.008126936944483866, -0.0007749161738465312, 0.00014652313191253015, -0.0049767609364141045, 0.001232813480081586, -0.0014219775352016985, 0.0017419641194411745, -0.014649029137727018, 0.002610022691410071, 0.013455686097882832, -0.011289044936583292, -0.0002819542633302301, -0.002890413712805918, -0.008301716895058141, -0.011078055927971295, -0.035529513425049425, 0.016310172555750648, -0.00731903649585076, 0.014002091156616955, 0.01176998037277737, -0.005798721514642541, 0.055660874917813886, -0.019482035222216396, -0.013225626698660037, 0.024390767934037313, -0.033491403876675034, 0.015727684705693565]	1432646648658
[0.008222443984851089, 0.000655035246911407, 0.003693205353693928, -0.0016802668940184666, 0.005577003586816371, 0.003376746501853842, 0.013500704952385496, 0.00048714514738059083, 0.004527038569676548, -0.0012951982957676638, 0.007996262869823105, 0.0001331105682281649, 0.0057287601618657555, -0.00015761515849312813, -0.0029424994171161796, 0.0047685535555218855, -0.0016741496216435745, 0.0070915085393315975, 0.002207229549916707, 0.0004048162936959547, 0.001334952570942764, 0.01628198153658327, 0.0046407419882526476, 0.011926221657571248, 0.008950116640234231, 0.01337423971990731, -0.015183919829413419, 0.010322539003070803, 0.018166485352292996, -0.00525758399153122, -0.0246756811121941, 0.008265733952441267, 0.0014141883642785917, 0.004055264208935102, -0.008689846247489138, -0.011559343055506967, 0.05003845058117686, -0.0013650086044509294, -0.04027242895239678, 0.1611982653447534, 0.045610182763608065, -0.33975175795697016, -0.13626264427953041, -0.1279458047641825, 0.19159715703245797, 0.13222937903201315, -0.023292345194413245, -0.23888172620425444, -0.0010753265908678734, -0.014390776874150956]	1432646897659
[0.0002838420301114883, 0.00015028668222125523, 0.00017814936486012804, -5.3733681517434604e-05, 0.0005863648828017458, 0.0002895351142170314, 7.38317385761194e-05, 0.0003561294335595483, 9.46903160302906e-05, 0.00026231858328994997, 0.001210061741667506, 1.0898076961937148e-05, 0.0010044945737029145, 5.622013516813784e-05, 0.0006649603670925914, -4.98469327731635e-05, 0.0002086080454704425, 0.0012764139700389293, 3.348385997226414e-05, 5.587277729314817e-05, 0.0008356583950125103, 0.0004541782195392561, 0.0014036659690299061, 0.004486428995573003, 0.005489789902102498, -0.0014402496088519992, 0.0011561430837564789, -0.0003635385261621747, 0.0007878028510600072, -0.0005577136354262463, -0.0005464075648039456, -0.0027427197090775703, 0.0014884500167367037, 8.409591066058786e-05, -0.0003210870690399813, 0.000962120110236306, -0.0012878662460099107, 0.00025599907392586546, -0.0021736846722046027, 0.000673858154264944, -0.0015863299356201222, 0.000983287785058763, 0.0018599010017451827, 0.00018185986852670304, 0.0021073903369881633, -0.00023377903814184798, 0.00036111952095407515, 0.0025472528905408054, -0.0019544855242606914, 0.0007048344960077554]	1432647200659
[0.002538603837948052, 0.0018630118664833457, 0.0040131179450210875, -0.0014984226063501252, 0.02202885204974634, -0.006391690274320558, -8.452854110085045e-05, 0.00015118495331380505, 0.00014884954731821202, 0.00022593229078006474, 0.0031743186581218346, -0.0005630525699536731, 0.002712897814058895, -9.403141377405749e-05, -0.002136501501912772, 0.0008061560302648541, 0.0008305771685402953, 0.002488734925851287, 0.0008670396096351368, 0.0006755091518660923, -0.0013752890191045181, 0.005787877833375458, 0.003890210212247556, 0.00807148737020602, 0.0012915329139225097, -0.0004203946148325131, -0.003908094823130201, 0.0046338034570999435, 0.0006342676004953725, 0.0021598227814078213, -0.011102474068780245, 0.0013364231007936631, 0.011256989960070478, -0.01131466453574136, -0.002546195510195923, 0.002536310186394362, -0.008560766838034074, -0.005481702095337131, -0.03091498989819937, 0.0209555188618644, -0.007670000473602794, 0.012981994870134277, 0.0036488792425631907, 0.005551073854948751, 0.03670031541774988, -0.025618321678978487, -0.004611663756733999, 0.032607245265257614, -0.028860319213327802, 0.02279091900879007]	1432648153658
[1.0813842998961109e-08, 9.605172127313606e-09, 1.2254947571992096e-08, -2.206461526594736e-09, 2.9637584471575912e-08, 3.4332057164593736e-08, 3.987819881237628e-08, 1.279784620262145e-09, 7.571301405184046e-09, 5.9417746086330265e-09, 5.1460999607105786e-08, 5.744848285083128e-10, 7.380827009107454e-08, 1.6553433571892581e-09, 1.9892801994853915e-08, -8.275317335332093e-09, 1.3299130202560912e-08, 3.6337870208849727e-08, 1.014804857314625e-08, -1.9809556367766152e-08, 1.9910188983315632e-07, -2.09845311461019e-08, 2.332575155948323e-07, 2.60342747704107e-07, -1.5893144229462564e-07, -2.656454827811917e-08, 5.846863838408366e-08, 2.5569581810757642e-08, -1.6239223393928632e-08, 1.044789000700707e-07, -4.736472549164235e-08, 9.025465538831935e-09, 3.6819603673252273e-09, 6.0231979200768636e-09, 6.77985979974554e-08, 7.7479510463245e-08, 1.8345096005536219e-07, -7.34026229666167e-10, 1.0060745092579691e-07, 3.7863820000392556e-08, 1.4129822161524198e-08, -7.903786499242857e-08, 1.5473484212191046e-07, -1.4344028014267592e-08, 5.971645426719327e-08, 1.7426620498537059e-07, 1.8047105252861632e-08, 4.2094862550491606e-08, 9.497907786698047e-08, 8.669464985043182e-08]	1432648346659
[0.0013891489462509515, 0.0009388158970964686, 0.0018556108781900326, -0.0007674343408810664, 0.005407290319295317, 0.0011668754570715884, 0.0003916036625420584, 0.0007926492785331824, 0.0005802824362324278, 0.0005954878235118193, 0.005611694659696488, -0.005094307922806829, 0.0034893483419966786, 0.00013516243248389646, -0.00032410028653965, -0.0012975424266451134, 0.0003360581235030671, 0.0014792473953211388, 0.0009521730365500669, -0.00045562661859242884, 0.0012089337506289235, 0.01581155941323715, 0.0006887220410620237, 0.0031347283756209213, -0.0035242964590138605, 0.001787629754395738, 0.002441751066956472, -0.0006301416220602431, 6.4179242038714154e-06, -0.0028524142353179923, -0.0052961180786892815, 0.004731212462430073, 0.00805406909686216, 0.00036437249767626176, -0.004025785482276143, 0.0028654620773354463, 0.0034176594589985622, 0.007719596460808076, -0.006742162618346624, -0.0029858403708441614, -0.005955635142776342, 0.0034804986040508318, 0.0007319845183932579, 0.0008480219476167243, 0.013508808499784645, -0.014268372446959393, 0.004440693398905471, 0.008856763466838556, 0.0033041047254712703, 0.019452393300161394]	1432648467660
[0.013472254271668694, 0.010334233395475017, 0.03087014826783997, -0.008163717656778455, 0.2963516145366211, -0.1370645320424986, -0.006861445763293551, -0.007574710681940511, -0.0031388597906805782, -0.00207761601453332, -0.008123414145747956, 0.005744061768831525, -0.0071359695144903755, 3.3579391964681385e-06, -0.002885043610820329, -0.003657138577059168, -0.00014870779065950958, -0.002380158302239085, 0.0014183569996185467, 0.0034016830938750756, -0.02471602175827845, -0.001246428041134943, 0.0009172529361998933, 9.282737159899909e-05, -0.0016358040367467355, 0.003340595847824366, -0.0002704837002017378, 0.001253741331605154, 0.001636363466376781, -0.001003152467477677, 0.0005012881185307264, -0.000643254227774875, 0.0011068483072799234, 0.0009041288495822144, -0.004821985863413376, 0.0012085108856365015, -0.008258940137341202, -0.001911353785600983, 0.007782367483418009, -0.0016245598226305414, -0.0026638803773237157, -0.010848344129328983, 0.009754661716450147, -0.004005661469701703, -0.00025594188632200427, -0.002503811699811778, -0.004847613303217086, 0.008957307587949912, -0.006816450015711006, -0.013202289882538357]	1432648529661
[0.003171698564325056, 0.0017027008256726931, 0.0017849807476393769, -0.00038336578888954146, 0.004494535503569928, 0.0019308749920182845, 0.0030965858696513637, 0.0016466639839594311, 0.0007607532350393947, 0.002470809222496677, 0.006883353479041821, -0.0013871515332334323, 0.00544073514300703, 0.0009674459173076878, 0.002517830397326111, 0.0013168856570054202, 0.0004802437631858258, 0.003705137904547856, 0.0007229985735405169, -0.001078721038396884, 0.004479568715165575, -0.0020639618265034737, 0.004776510660531641, 0.01193737975926708, 0.004715820831668332, 0.017380197732380476, -0.003926958518592803, 0.0012992451967051176, 0.002965531566618249, 0.0006395293619405558, 0.0025472171092445943, -0.0034843675042417173, 0.0033800055968986778, 0.0025676923034003356, -0.007003146580211455, 0.002507762956367015, -0.0018364469949091289, -0.0043161799778108564, 0.005729878967789616, -0.004266297151895426, -0.006254199054737827, -0.017735115320857683, 0.013479540280412757, -0.0012076840221203848, -0.003622784547453331, -0.0033828145219673327, -0.0013670275518937593, 0.014659565440862396, -0.011011367005843379, -0.02023220046154373]	1432648604660
[0.003942976019215422, 0.0031884887122644334, 0.007756118526099467, -0.0028076219443800587, 0.0060200583270267494, 0.009006680476151663, 0.008785752246751051, 0.0042847789776834615, 0.0007578678781041156, 0.0028229400578774835, 0.018134441327783458, 0.0036116985510249782, 0.011988827070936818, 0.00017527619549275602, 0.007195079418885081, 0.0017864847208317802, 0.0014964683505142358, 0.02800709686931113, 0.0014198488355750263, -0.0002317792553687316, 0.0070701629966243825, -0.000645159891713339, 0.012836737054172969, 0.06904065423670383, 0.06389164522787301, 0.23771814977001926, -0.061645404015473, -0.061101243688250664, -0.006675115485849525, -0.0034452141198944674, -0.020429523685469724, -0.019041018160657754, 0.005963193639917848, -0.009715943242563732, 0.007371024539318625, -0.010519780527685482, 0.01777266428088463, -0.02039987620877509, 0.029846724013432985, 0.018875273641867522, -0.026936268707665675, -0.024338571072133674, 0.010147459285043141, -0.028847991454100167, -0.011567514380020332, -0.0230456568422745, 0.01723269819234943, -0.008291097554900616, -0.022659826192365496, 0.01124897210607523]	1432648668657
[0.007042811570994761, 0.004625605778474908, 0.00656874693668073, -0.0020733515835448793, 0.009849629939042264, 0.01041767490348933, 0.038226220169031155, 0.00019113082933987146, 0.0036653135367280014, 0.0013650983030998513, 0.020331231044920742, -0.0012974060595197928, 0.033892976704523695, -0.004813028273708877, 0.002123278464054479, 0.0017831277979680664, -0.00051466790323238, 0.0035883047645572947, 0.007028228808558637, -0.006022422178605339, 0.007616821782065213, 0.04746391382283734, 0.059436677903929265, 0.13790326800191388, -0.049708963066224146, 0.03730831996797056, 0.17101918646242673, 0.0350119991062229, 0.9159507846576467, -0.07647610913140082, -0.18189953533610562, -0.06066057932311381, -0.046036375590146075, -0.03290617832324232, 0.014612297211005992, -0.07527260734085148, -0.07946540700287218, -0.06110022808767205, -0.07104360560985164, -0.033080695491025415, -0.0021328020555583696, 0.02212888615315318, -0.007588619814738286, -0.019621816397846843, -0.021979528847527564, -0.027692041372385064, 0.0002529921681191037, -0.010379841970380556, 0.0008144061738963468, -0.006352668960245207]	1432648829664
[0.0018297431385377884, 0.0014590392124174114, 0.0036447827447556244, -0.0012970277563713638, 0.003292621945138477, 0.003440319262018367, 0.0018069470111419473, 0.0016964268150444343, 0.0012864783492917112, 0.004466103697359506, 0.011109367259963948, -0.0010449548191711587, 0.011792312241812326, 0.00016485060653780365, 0.0010806728681947454, -0.0023560477250466143, 0.0007732160707595962, 0.0024070218353902492, 0.0022203002466385908, -0.005936389773163741, 0.0036367180252590294, 0.009914467592862705, 0.049795621476505944, 0.03568725334021926, 0.022757351520875872, 0.0014289235221234247, 0.003733405134901669, 0.08169419393076817, 0.004533756775423765, 0.23209688099423115, 0.018600471906523336, -0.0006816012768174825, -0.01889994528584821, -0.08649875360882057, 0.07483962683027705, 0.020594423174001036, 0.0044859764702952784, -0.006490356580544631, -0.004172414110264653, -0.016286521454006796, 0.0006077734535426117, 0.002181713545658068, -0.006477523220596105, -0.005886403684149154, -0.0029104897182334376, 0.007945749360604088, -0.0006019828604058481, -0.0022671348223469445, -0.0011556829003950533, -0.003758395073525213]	1432648891658
[0.0007636766005866901, 0.0009233690284845294, 0.0005509710825354193, -0.00022418198626080832, 0.001693476471941566, 0.0009666626472616313, 0.0002949846016474157, 0.00016980095879681148, 5.970195868356991e-05, 0.0011235173763861667, 0.0010555353260747618, 3.344294010717192e-05, 0.0015075078606227525, -7.978729268920942e-05, 0.0001903735259900184, -4.704873334292525e-05, 1.8262791071696195e-05, 2.745607943216303e-05, -0.00010032893647457659, -1.7848487148370128e-05, 0.00012772794185883038, 0.001052818477402134, 0.0005954120709900858, 0.0013755898126600599, 0.000510479920604374, 0.0004534088773538591, -0.00031531458556619587, 0.00030194119020868275, 0.00031554833136440875, 0.0011791807843938326, 0.0004079387706177637, -0.00012810869852599197, -0.00020205426984811164, 0.0007691730785286302, -0.00013962090968292246, 0.0009615104989034224, 0.0012557754500091278, 0.0003802854622092673, 0.0012675923115658316, 0.0008826726866880811, -0.00010053531484597969, -0.0009728943540849498, 0.00043605066155861887, 0.00020272337488005466, 0.00017266918006186003, 0.00024253829226295354, 0.000634093594440625, -8.38914651918001e-05, -8.77910424785112e-05, 0.00035626029725948136]	1432649254663
[0.004734505252615314, 0.003247801172523776, 0.007208413308195198, -0.0029819912717312497, 0.008866515160490206, 0.012449419875649216, -0.0011352897529063523, 0.002018354777769735, 0.0004320996371353788, 0.003100082735933107, 0.018933892758700437, -0.010318374389120871, 0.01822904809766489, 0.0033626371969616813, 0.013384176198895707, -8.257350526191001e-05, 0.00019024579713486467, 0.011783073648320895, 0.016808514369153243, -0.00846977669457866, 0.035256710276918866, 0.21546760681956487, -0.01356779619420759, -0.013011452088590794, -0.004281452024366633, -0.002430665776504671, 0.0004618064007726901, -0.017118778145216097, -0.012586933233478245, -0.0017432479068274177, -0.004077783618191412, -0.004754061584882116, 0.0014687890600315581, -0.005449341539922752, -0.00434923708640038, -0.004256187755604524, 0.00037021122123928867, 4.248426504855312e-05, 0.0057727265182317316, -0.012330664788996595, 0.004177550683928758, 0.000690332416446637, -0.0018406021148462503, -0.003387330508440841, -0.002858305503237626, -0.0012414091226892415, -0.003986409647395726, 0.0011083293644396609, 0.0013022434344771244, -0.00029716449229699927]	1432649866663
[0.001787291626368861, 0.0005466044240501053, 0.0013272873036516025, 0.0004898350678128688, 0.0012981324320001598, 0.0010584720342720658, 0.001722656647300191, 0.0006594385982048854, 0.0014009154545860136, 0.00038553185717441537, 0.004263151649148885, -7.297694357870352e-05, 0.006731459947147604, -0.0002780935368205078, -0.0014708653232151688, 0.0006195329212017221, -0.000654318626796612, 0.00036867334892542406, 0.0008364973986079195, 0.0011962593490133513, 0.00031926063060992943, 0.0020343649032204102, 0.0037584967120930825, 0.005215196099328545, 0.0015256359682100694, 0.003215524850411126, 0.0022674115490133964, 0.000992130339571829, 0.0003823286207373148, 0.00013127437394982883, -0.00020478871020584557, -0.002258835456449686, 0.0003416283197636134, -0.0009631125992347362, 0.004682403957486953, 0.009049915567048459, 0.004435611532000713, 0.0018350510620114477, -0.004310041924959602, 0.009312407794889486, -0.01022019349136873, 0.010674110890895294, -0.006853029875267925, -0.00494428789661825, 0.005245240337477779, 0.0007535393827360113, 9.74009804830472e-05, -0.0035074263317760477, -0.011344647706983903, 0.01381558403299622]	1432650504666
[0.0008701671566357924, 0.00010721489709948929, 0.0004197626019240816, -0.0001936032547969332, 0.0003668123899428501, 0.00033219268873124205, 0.00014748540982662965, 0.00031455018281073864, 0.00018424279852154418, 0.00027562438801193056, 0.001420382064151206, 0.00031649175685311546, 0.001399483948599771, -7.77197586721408e-06, 0.0003717719267523497, 0.0002701991005907601, 7.349788995126231e-06, 0.0007136705218644642, -5.60760695819168e-05, 0.00015093128894362476, 0.0008284571537798071, 0.000253289062509368, 0.0003380908708035589, 0.0008234205536675879, 0.00017859891762016112, 0.0007440905433620517, -0.00045185099955526707, 0.0005905672811830804, 0.0006532217462446747, 0.00037285052480605206, 0.0006113722761448896, 0.00030318383460988164, 5.7508613021322254e-05, -0.0003721120628090964, -0.00019605334323983617, 0.001571390365295298, 0.0008280138753796459, 0.0004902969864072509, -0.0009997506731165547, 0.0021866880362650795, -0.0008349977747242118, -3.11560473577532e-05, 0.00010320078683499707, 0.00015390311737070744, -0.0005218498961275264, 0.00011067802152743612, 0.0005035183062836648, 0.002187209138675452, -0.0007142620497678369, 0.0004275634152706246]	1432650597664
[0.0014677899544047707, 0.00030896613921845174, 0.0003222980196100725, -7.923253456389818e-05, 0.0011174781551675018, 0.0004977914331537664, 0.0006673646586388581, 0.00013719365271245025, 0.00021793057307668961, 0.0009732558813433075, 0.001881635286566205, 3.654022900944551e-05, 0.001997239701243016, 0.0006098941563072457, -0.0005383548818101477, 0.00207622577273523, 3.630734213669245e-05, -3.0004985764561016e-05, 0.00067052314912554, -0.0002951900339972391, 0.0008022618399782565, 0.0004131401492950086, 0.0014949252380798597, 0.002737030585120027, 0.0005704520870859959, 0.0019954893157510837, -0.0002573572450712802, 0.0017035829447799506, 0.000702711607261349, 0.004882369709083213, 0.0014670709173904481, 0.0003263933738742757, -0.00024296597581898702, -0.0015292266378995883, 0.0008915988862026239, 0.0015686644289420418, 0.0004661735823382105, -0.0010063520205323793, -0.0003363182571700537, 0.001083315175546455, -0.0011345332239053503, -0.0012932779465709718, 0.000321932395828592, -0.0002237177980472193, 0.001267104463794848, 0.00028727311443847465, 0.0020678346228237762, 0.0011099656254758136, -0.0005345436626829057, -0.0011600304232426706]	1432650818662
[0.0027576066208707954, 0.0019722817462993402, 0.0036385477642431226, 4.965416271083982e-05, 0.004799977263835798, 0.00414878256877593, 0.0013642706715850936, 0.001661157993883749, 0.0004043405874194917, 0.0008478122448006331, 0.007860568224044384, 0.0009548438570807315, 0.004979119526722634, 0.006463803026323969, 0.0014958251526450534, -0.00040600931262347646, 0.0033306646629238704, 0.001374928122230667, -0.0002548220776867864, -0.0012787371274801357, 0.007716351423640029, 0.006961303152911501, 0.002651185137232238, 0.020961552830763737, 0.005890584677879162, 0.0007438145641363511, 0.007336150951099878, -0.00010811528875003285, -0.0018578514399485418, -0.0015033584602741346, -0.016838729806309904, -0.0005574812244176858, -0.001630941490684139, -0.012449805979579828, -0.002136236539779543, 0.0034436419153150914, 0.004147739248035236, 0.017652456308754668, 0.022571495117247056, -0.023073232847374527, -0.008074693313249039, -0.024982349363685395, 0.06505133051956617, -0.03748324162515652, 0.08555966591721918, 0.05637026933079848, -0.013621497348945848, -0.001991072621538387, -0.05125486905438831, -0.01669902689682019]	1432650941659
[0.00218913370453705, 0.002429524651304842, 0.004652267222265088, 0.000500430046757753, 0.006334520728297861, 0.0064280496793528066, 0.002948816365113324, 0.01280926569004856, 0.0007905045015623033, 0.0028410573704763767, 0.07613489860497115, 0.024580284694175523, 0.0776787115843029, 0.010910739187357979, 0.09481696087404143, -0.0012954071218268884, 0.017985828508792243, 0.3624883085858642, -0.0029831537630866604, 0.06316214996993622, -0.05050157176025977, -0.033440081100297635, -0.019716136523155944, -0.07762901212850068, -0.07859147247376636, -0.0046070058731634165, -0.0063833137594500435, 0.01214623838820912, 0.00659963868581041, 0.006744532774723362, 0.000297561635041629, 0.021774652641862482, -0.00917818734749227, -0.0007348031514842798, 0.004042655452382544, -0.004265272914727927, -0.00042712154010679645, -0.008602927938700784, 0.007165608959566362, -0.010513090712513204, 0.0029925364819684205, -0.0021484876009790926, -0.0009847494909580575, -0.001045257539986941, 0.0005232158835017678, -0.0024293120656727588, -0.0002673238290349793, -0.0004887606990467704, -0.001072563395104511, -0.00199082127004107]	1432651049660
[0.0025622252149856924, 0.0018809311232029758, 0.00286429116902066, -0.0011424064295666519, 0.003023281748217105, 0.0032478427708288455, 0.0014604318122685936, 0.002067003596259383, 0.0004363057226467946, 0.0004388681772196125, 0.011925704246464698, -0.001023312153210815, 0.019744959268089987, -0.003640795718495251, -0.007586958838171132, -0.006802484639923343, 0.0013233305477224203, 0.0006818165204043147, -0.0007390863870355437, 0.000615382219380093, 0.004437761320873053, 0.009678011612714239, 0.002896465965585884, 0.025279641372818854, 0.0014523751344572143, 0.01244699514085645, -0.007346017275233037, 0.01540791884337188, 0.008835556814421459, -0.0026885183573733293, -0.02175223556203034, -0.006151363538573578, 0.09290448065613581, 0.00057628073711588, -0.1779099512307329, 0.4524237061520799, -0.050703469757553216, -0.3734797181483744, -0.025751399272724945, -0.018207961180394326, -0.00103699300096071, 0.00794696495710543, -0.03692712931455303, 0.007577120152194005, 0.028304354299645597, -0.014145184008157044, -0.041453835326888705, -0.02260913423465492, -0.0272074465131092, -0.02899224122799832]	1432651572665
[0.0026215970286409935, 0.003447962888632215, 0.00784283033824101, -0.002617212128451872, 0.06484121959042644, -0.02352665669369884, -0.0041015338783663485, -0.0020102476460764317, -0.00040470621115001215, 0.0006194102392078145, -0.0005519541397625212, 0.0004027463380964285, -0.0012865367291115877, -0.001867467669478632, -0.0035275692046538194, 0.003307053987773028, -0.0013936954320640012, 0.004165575672615918, 0.0015597555694553261, -0.0009540166295880391, -0.013600173924881876, 0.008127727009142296, 0.0054353081863316895, 0.002681638439390717, 0.006476231429442327, -0.0025539600069205332, 0.00025816382530650673, 0.01024978629322257, 0.0022045280464693786, 0.0013171749986402796, 0.002425260177572295, -0.0041009842143557235, 0.002135121595213079, -0.008358895595520444, -0.006183016930765523, 0.013403094539744101, -0.00932496505784369, 0.01255207118795009, -0.011493623998327634, 0.025635015248965467, -0.005257052093855822, 0.009037781536012653, -0.02226557470532203, 0.03549926588200131, -0.02580034732616768, -0.03600836298498072, 0.01854942595837299, 0.042505848457965775, -0.007610780241816676, 0.03482651542768751]	1432651635664
[0.6483641289538514, -0.11080755364536653, -0.0346029289990573, 0.0026773017908270115, -0.02165459330556275, -0.007756931796660761, -0.020124746588461976, -0.003481543570794705, -0.00514213255177726, -0.003879394583318349, -0.00856918555762667, 0.0052711879163018106, -0.004366762799269161, -0.0007069626075902545, 0.0005739015868652746, -0.0026241726636151348, -0.0003615581594562974, -0.0010903271227678385, -0.0014990496946093923, 0.002186211042393637, -0.0010866850558197238, -0.00853485894535626, -0.005303635088117917, -0.004787327208348511, 0.0014771299743305136, -0.002413295477033769, -0.00295800284404068, 0.00020195157817796047, -0.0030229291792596095, -0.001624951472594557, -0.0003277470256198841, -0.0014480041483031863, -0.0027191961047630946, -0.0026578120315357955, 0.002033025350902124, -0.0021748900879731536, -0.007277306735020218, -0.0025114901137602967, -0.004289730333987201, -0.005359151588486608, -0.000999128435080538, 0.0030302729619207, 0.0004692894215409745, 0.004133663393123116, -0.004059331855021125, -0.0032656072719716707, -0.002204109342751725, 0.002144300177410912, -0.00230719745393998, 0.003278105143346529]	1432651989659
[0.0031900709550436225, 0.0024989688888259736, 0.0031803578838866357, -0.0011768016102652698, 0.004623594594294815, 0.004224867235105661, 0.0019171670466370003, 0.001625024105537146, 0.00013554253021910422, 0.0019397859423372218, 0.009901934726566348, -0.001861438376808596, 0.004779677581735243, -0.001357863540131972, 0.00936465339543498, 0.0008118120270399947, 0.00014178514762984123, 0.003965521846198853, 4.3881867147795696e-05, 0.0010833382027091898, 0.01916140953955994, 0.0064601011332444435, 0.01246101540893842, 0.00316793384424181, 0.010312679063148618, 0.008525741643345278, -0.005226738438210237, 0.023527749240107844, -0.00782233796103664, 0.009783415018046027, 0.03593992301199989, -0.0008003557132293526, -0.020341392882275804, 0.011042279724572394, 0.028875967177245512, 0.035464905328078535, 0.001213258665139668, -0.017774640961063057, -0.02015728189918211, 0.020919856590627336, -0.037576021818928815, 0.0006135889064856302, 0.005128541260474987, 0.01350066863052771, 0.03668274557987329, 0.03443279168034144, 0.05987049492786903, -0.05462100678358955, 0.02849461546848347, -0.12073349067099706]	1432652381657
[0.004054215431521724, 0.01422671115719338, 0.0006538390402717375, -0.0006351832726816362, 0.0029627226724729654, 0.0034609066639083434, 0.001086483265184038, 0.0031733715188742976, 0.003033891282981681, 0.0028484536227294777, 0.01143755385759848, -0.0033462455730316337, 0.007264396480910904, 0.010079873187509239, 0.004844052693652971, -0.0010608357893257673, 0.0027183636071295703, 0.018189435864264015, 0.0018771708057620654, -0.0011736322668429336, 0.006133016670993509, 0.013658304196641087, -0.0014818412154803465, 0.005836154929087264, -0.0013534671174833118, -0.0037891719227850624, -0.0034929078461333174, 0.01072120940913707, 0.003969368767905447, 0.004980731853492524, -0.0005305985431481702, 0.012009633622070874, -0.00990586150742018, -0.0010735895774727003, 0.007502344791490385, -0.0017431351471546234, 0.00391474442610383, -0.0011107889217558805, -0.0036480337324640423, 0.03849804416816736, -0.007152770116951456, 0.013297084333787162, -0.0023233770991918047, 0.02252426320994515, 0.041364640825358116, -0.009823275283113317, 0.023746288143765452, -0.004761022520383294, -0.004401164256129563, 0.0032294477430488263]	1432652431658
[0.0014812502240374253, 0.0011460275848968937, 0.002454855602968824, 3.526120728750326e-06, 0.004830185439891849, 0.00456026808701356, 0.0008156764059923672, 0.0013345755439439248, 0.0003756507836414884, 0.0018804558978395085, 0.0061667675072571435, -0.0004874578765501918, 0.005220849065426817, 0.0005471145671115435, 0.004327370913515036, 0.0003229245845433591, 0.00037639818991907494, 0.0016083171318984418, -0.0004990083230568191, -0.0020315292469721513, 0.0013980480135830048, 0.003710523587048906, 0.005247811708325428, 0.006574127487226097, 0.004193846325030235, 0.0034234130694909886, -0.00011681571626576211, 0.007919634031596151, -0.0008112679308130423, -0.0006307961703442131, 0.0027271319805427584, -5.665274911078877e-05, -0.0020742146515048136, 0.003937224966526534, -0.0014138279880427159, 0.006911548970979323, 0.003983219785876278, -0.0009994243892227582, 0.0028382294788216935, 0.0035655206152129955, -0.00318108777009288, -0.009010545637399706, 0.0024856993638399452, 0.0019041203015089387, 0.0006324587864078438, 0.005877193780551158, 0.0012349177312656156, 0.002618137792246868, -0.01208726748147564, 0.006673136420305934]	1432652606658
[0.0031628553321597854, 0.005703466708479601, 0.003672006489649002, -0.0022660737853508433, 0.005036511377599337, 0.005879806108553319, 0.002814797584648802, 0.0011889204350139018, 0.001608037520256888, 0.007187285632304897, 0.012633738948362842, -0.003282991219169292, 0.015235300609782763, 0.00032453235508375346, -0.0036626527260156753, 0.010568133782747829, 0.00024008926750455317, 0.007217954979299167, 0.006809873228498802, -0.0026980636784725244, 0.011210190592400028, 0.016250378295265887, 0.019375471921341092, 0.044035059812632844, -0.011892383265384835, 0.02005175923217379, 0.012848084310296142, 0.016723715092860414, 0.09909271074769674, -0.07352033664658068, 0.6871139853965613, -0.05456589562654261, -0.06930031943146026, 0.019275083089926964, 0.004401410410696479, -0.03384037178209564, -0.018162437706719648, -0.055500984419175156, 0.0018956799179923203, -0.030511483659462685, 0.0021604750930144857, -0.007699090129478102, 0.0006732651293914323, 0.00900869700506759, -0.006750369168435683, -0.00929329273756248, -0.008142652350217336, -0.020183255059070496, -0.0015954456754435039, -0.004434737102621943]	1432653275662
[0.0007393115812235153, 0.000975747712957531, 0.0009275732837706499, 0.000270608630596891, 0.0006949716540534532, 0.0007010924194910599, 0.0003704958612271046, 0.00038375336402176344, 4.130177599086376e-05, 0.0004125715714644269, 0.001640861190915899, -0.00023317833620152797, 0.001211145314867103, 3.4069887304131566e-06, -9.949357288066887e-05, 0.0014557790700241034, 0.00038457841167250127, 0.0002713912349194685, -5.099588565129616e-05, -0.002171102677411886, 0.00010007203203839085, 0.000995056069611461, 0.0006012079664935446, 0.0015490059033014673, 0.000814360571148437, 0.0016737957018990747, -0.00033721193981733487, 0.004617211736541545, 0.0002511732001510327, -0.0016463393267793388, 0.0005221700362175937, 0.0014681250654234995, 0.00422801234373552, 0.0005810421862722388, -0.0002150417681622637, -0.0005648013934537539, 8.6488595117584e-05, -0.0002477596286326178, 8.029967913722992e-05, 0.0014083359594415487, -0.000983825555479192, -0.0004336688150348367, 1.925728935298136e-05, -0.00013738192976558644, -0.00032514714504435, 0.0006363474441668621, 6.918023533706257e-05, 0.001170486444758994, -0.00012960750894700553, -0.0001564469627523355]	1432653322659
[0.0028469661879108395, 0.0019425553676230935, 0.0026067495346708326, -0.0012796072253030706, 0.0035708738785816224, 0.0027777039133412345, 0.004036584694942125, 0.0011318718862561232, 0.0012321160195436394, 0.002150208234090824, 0.025836509978469778, -0.0368346958357109, -0.005688584519493898, 0.0015643131158509958, -0.003303590855260351, -0.00031124559426966015, 0.0003716080773391776, -0.0015531707427993858, 0.001565663746069546, -0.0005958094345043135, -0.0003764695969729548, -0.0031958340769749015, 0.0038877303500558, 0.014147653447164867, -0.0009459593178602256, -0.005103064026326324, -0.010134673928958494, -0.008101859526507599, 0.0036641742449075813, 5.295052150417998e-05, -0.004934166550551858, -0.00411566501179942, -0.001516754771766511, 0.005986966668629326, 0.00784065327277943, 0.011900558097664072, -0.004457937028845883, -0.015140058184474687, -0.006488022042566288, -0.02380102209605369, 0.009845698116038767, -0.006392839568605894, 0.027849990905359407, -0.04492590897326015, 0.011042308727836118, 0.005017438058314488, -0.0007641251917445083, 0.008215807923464713, 0.010697717631307785, -0.0007766771510975873]	1432653793660
[0.0008752236848169057, 0.0004164857297881441, 0.0006377814886932328, -0.00026247692018456915, 0.0008104609855364432, 0.0010126635609402274, 0.0001036668496403231, 0.0008225435028462168, 0.00016569466796253658, 0.0003189715168416885, 0.00219088246060259, 0.00018387716712784158, 0.0016627267698201378, 7.89901387461237e-05, 0.0008385614880593247, -3.942803366243899e-05, 3.848058979171916e-05, 0.0008490733902407687, 0.0003308125180244075, -0.00013531059516699973, 0.0013819772232483859, 0.00037481174806223825, 0.001055478309351218, 0.0022951695523609835, 0.0007264465978006351, 0.0024898174574615483, -0.0006206649790652514, 0.0012839184750014082, 0.000596634289426558, 0.0001182657289453791, 0.00021475130103577392, 0.0007109813556601664, 0.00019282668358059325, 0.000527815267997525, -0.0007187587570339946, 0.004222050389850235, 0.0006025396343342272, 0.0006574048174640722, -0.0009114181859955334, 0.0010534347450675905, -0.0010708161238481536, 0.00010547872240786394, 0.00018312317773115034, -0.000287009004820153, -0.000954717428212701, 0.00026463299984201056, 0.0007457130508307331, 0.0023035089695277278, -0.0021072977319417864, 0.0003830640254672522]	1432654310661
[0.0005996311657706127, 0.00011244474710018355, 0.0004022029060949116, -6.633127376817282e-05, 0.0006091103539497036, 0.00044530674220004044, 0.00035219919248792147, 0.00078644906605162, 7.882010732427305e-05, 0.00016648089695948611, 0.0029764712931242767, 0.0009060521518898332, 0.0006696679214464996, 0.0017961187745932103, 0.0003537250091600911, 0.0001541779879499046, -5.711683558849528e-09, 0.0006305011224735148, 0.00026342570585912556, 4.2580741338192374e-05, 0.0001668877582294362, 0.0015494140870408847, 0.0011290606069166063, 0.0012870935635042983, 0.0010990310975909781, 0.001721576118622295, -0.0003539525638217783, 0.0011863830660159289, 0.0002537822593555739, 0.0009134071436211423, 0.0004514447235015176, 0.0007445833978461059, -6.685795974559794e-05, 1.1498019820430506e-05, -0.0005281238366178936, 0.0006525523508196443, 0.0010710910699784175, -9.189378245014388e-07, -0.0005505054101904087, 0.0012159601938693263, -0.0011492211895755796, -0.0006919829924952016, 0.0008989887284216939, 0.0002426298839524802, 8.50314337920278e-05, 5.375149980250685e-05, 0.00016350868932115268, 0.0014929785974575629, -0.0007352286915448128, 2.9380467339363294e-05]	1432654719663
[0.0012652475086133682, 0.0008574811908563562, 0.0005921098435704849, -5.917748956494801e-05, 0.0014201777877063402, 0.0013167069719465466, 0.000512416599895765, 0.00036718167820941724, 0.0014117244512637567, 0.0016698354257355733, 0.004151749599758285, 0.00021340063640828068, 0.002353903047013827, -0.0001925164827163184, -0.0011107155334199787, -0.0006177173530570204, 0.0001678192751712747, 0.001078260056230659, -0.00011134757092894044, -4.3164024610039133e-05, 0.001835730598899625, 0.0010461745441236255, 0.005172834727894174, 0.0014685608346862752, 0.0003985204689969057, 0.0012289094934473553, -0.0007435139720013366, 0.0016746622747701272, 0.0016658137167203666, 0.0003806326570760029, 0.003946788904202723, 0.0011815876078414929, -5.510140338334621e-05, 0.00221612427938501, -0.0021160097856634482, 0.005360458818534806, -0.00016994621236226317, 0.006085264596745516, -0.000924447745915408, 0.0011859881776221373, -0.00012144839878625728, -0.0005583853048948817, -2.079888106525426e-05, -0.0009361740603058778, 9.326633922057014e-05, 0.002302214027844383, 0.0001336623626448873, 0.000863742005543073, 2.721843985925754e-05, 0.001476314064403512]	1432655517664
[0.0011356015212582952, 0.0007164430960876527, 0.0018663184823260947, -0.0006121522894365844, 0.002259400665679853, 0.0008099601447906895, 0.0005849130578602531, 0.00038413004487438925, 9.756103039388093e-05, 0.00047666199419987783, 0.0034081950830711846, -6.301310465013916e-05, 0.003681909015505597, -1.7743030168399465e-05, 0.0018028992720584035, 1.6451638899396227e-05, 0.00013366463217880846, 0.0017414383252436108, 0.0005413144812106143, -0.001595532633379573, 0.011090058014728623, -0.002049998843692219, 0.0030996232103224363, 0.006713340416157929, -0.0028714754347552262, -0.0001675849354909845, 0.0019812196163818668, 0.0026710601909886245, -4.8728187328999845e-05, -0.0018014980462290778, -0.0012778175608844735, -0.0009153701426587871, 0.0020255244645638265, 0.00023431247185416954, -0.0010838504094805212, 0.0034857305624574173, 0.00547238301201543, 0.0038217554250583835, 0.0013347759878239865, 0.0008729680004778495, -0.0015940552951257273, 0.001435386478152364, 0.0019200679931903734, -0.003671625895456181, 0.002427595973840947, 0.0005900298247202182, 0.0015898946823342567, 0.003456877626997038, 0.0024226458319551035, 0.0029921498550384393]	1432655574663
[0.0015344406548689535, 0.0020852582971703656, 0.002908724246614638, 0.000485970855398267, 0.00914654641145257, 0.009970778710997717, -0.000632233024901415, 0.0012901561227556806, 0.00019347595899389357, 0.003971543943022531, 0.007108438177749823, -0.000593344452363399, 0.0055849820771868754, 0.001259096686234488, 0.004859210896139777, 0.0003341157877264887, 0.0008476971167371333, 0.0023789929378576304, 0.00022176658691957168, -0.0028007270372698316, 0.001920529172639179, 0.005879618276398536, 0.005337157892796673, 0.008681475001753015, 0.008099860301642373, 0.0017716784251299693, 0.000805740044389252, 0.009045305186001398, -0.00047054481533701187, -0.0002918414338714477, 0.005987091321225361, -0.0015466355092231274, -0.00806533269079616, 0.009522077375225273, -0.003607361793698389, 0.00013350947860067705, 0.0038074867485278618, 0.0011330173181255997, 0.018650777595801075, 0.004308564518559467, 0.007889770968715817, -0.021283787740260074, -0.0015813169344345629, 0.00855357808397421, 0.0021174062590909055, 0.011967639243817399, 0.003835201690605216, 0.00711592452704681, -0.023895739794284058, 0.0026096954730974583]	1432655624663
[4.294375571713816e-05, 3.895877251072577e-05, 5.6147692673592966e-05, -2.033554436296403e-05, 5.3104325510789145e-05, 4.470686536627208e-05, 7.990948163227043e-06, 2.5193638607509383e-05, 1.8912930400855585e-06, 6.807589806617352e-06, 0.00023255642359685833, -1.4007530856166109e-05, 0.00021246338952844946, -2.0727542480653534e-05, 0.0002809854797036716, 1.5104959978850542e-05, -1.23620271397921e-05, -8.930251212702706e-05, -0.0002110596509279349, 1.079813135750426e-05, 7.388981234498342e-05, 4.985180383612078e-05, 9.663212660749908e-05, 0.0002258572766412175, 7.393928040524946e-05, 0.00026565114654288036, -1.3470559235795325e-05, 0.00015629732003695206, 1.7414606833113144e-05, -5.386812146541704e-05, 3.106749511398802e-05, -4.624494131280708e-06, -2.058156714147966e-05, 0.0001027629170988034, -9.647269336343528e-05, 0.00014140241498214104, 0.00019213189801286143, -6.25017653503307e-05, 0.00025841256913712997, 0.0001838869592800931, -0.00013284688198789827, -0.0002799643462535209, 0.00013526870295703635, -9.970726217282186e-05, 9.239676490203338e-05, -5.997156136756157e-05, -0.00012186456037926348, 0.0002118815146853059, -0.00023140359266685264, -2.0836588226979195e-05]	1432655745665
[0.003587550969158617, 0.0016336869543238147, 0.0029401083101673964, -0.0001377851636384159, 0.0036447887641863053, 0.0031117985730132127, 0.0010431049767239383, 0.001217788187995551, 0.00042386830374981717, 0.0008122225243900191, 0.006170620902242225, -0.0002917315337183639, 0.005497544877263524, 0.003938009537384143, 0.0007561300566249295, 0.0008162852919480276, 0.0002652702979994059, 0.0023262238681977495, -0.0005667050295578481, -0.0024731650598694096, 0.002095552129316429, 0.0008621866197195148, 0.0067219317921684936, 0.014450679526653172, 0.009151760834447896, 0.004367103956463939, -0.004858057572979752, 0.003315038631183942, 0.0014217666440366227, 0.0020612641993361463, -0.002621265105241506, 0.0037970967550435236, -0.003874676516028754, -0.0018402541415125644, -0.0029754734310203923, -0.0019044720561211949, 0.014857110416142816, -0.0003031715942845693, 0.016485530845725967, 0.0018776533554552455, -0.005315318717600361, -0.008125596199762712, 0.009395106588966928, -0.004173196520229187, 0.020625861097620782, 0.025130998438274335, -0.01577654965847388, 0.01121584292079465, -0.012110014353180537, -0.01244298672578005]	1432656096657
[0.0011005610388405292, 0.00024386675160122044, 0.00039772311587441293, 9.91823472038085e-06, 0.00029103867749135986, 0.00032136946977461537, -3.1224114191914304e-05, 7.863537441422404e-05, 0.00020258784676825225, 5.662042888380803e-05, 0.0006451733657689974, -4.5113441796158996e-05, 0.0006496995733409101, 4.05621261915233e-05, -7.311104853384089e-05, 0.00027098151560123965, 0.00011846158606391704, 0.0005901559665120688, -1.9661593308023076e-05, -0.0002172870422374783, -2.8482416413700877e-05, -5.554200308882763e-05, 0.000289103460423901, 0.0010556343861675428, 0.00045972431837819583, 7.090633516102894e-05, 0.00017485059648022914, -6.408604956294952e-05, 0.0004578281439692177, 0.00015707338068600462, 1.1230849899754936e-05, -0.00025757336211575045, 4.835791324044021e-06, 0.0006283548530693638, -0.0004167133939965188, 0.0005461686901394068, 0.001134770829924009, 0.0005722636388170878, 0.0006326004813389132, 0.000309994521569001, 0.0003108484298078978, -0.0001533388323583109, 0.0004339994305920343, 0.00011796174062455384, 0.0004626876619287401, -4.8282798159964584e-05, -7.215499173150565e-05, -0.00018069798880666947, -0.0001908489998606181, 0.00016709819361112213]	1432656099660
[0.0018147936052763157, 0.0021071764061331246, 0.0040809005670508205, 0.0003384061400394289, 0.00526940199262256, 0.005353547802972718, 0.002375265977656129, 0.011070022073560708, 0.0006456591093383629, 0.002346082248650907, 0.06613889535657955, 0.021590361834279592, 0.06755510150425767, 0.009502479755541169, 0.08264690793662387, -0.0013234541878452673, 0.01571577311316233, 0.3163363409026431, -0.002578230392147389, 0.05507311810281763, -0.04422724706280892, -0.02949681893234161, -0.017284811864806585, -0.06798422039457666, -0.06875467518214722, -0.004592983075488826, -0.005419596408587369, 0.010354006219794583, 0.005514831375316442, 0.00543317591822414, 0.00025576508969577547, 0.018857738197731982, -0.008270283453873374, -0.0007088780408835152, 0.00380427235549425, -0.0036870642135280306, -0.0007252242820725166, -0.007483066064084897, 0.0066998796397759975, -0.01025003697275501, 0.0031086902619900793, -0.0018936738936946589, -0.0008399944509278925, -0.0013487407390843636, 4.8859989609718696e-05, -0.001961938289739433, -0.0001325440327933021, -0.00037762969604793716, -0.0005258884277590031, -0.0016518998066762532]	1432656180662
[0.00653466277673584, 0.006758646351792612, 0.010916637919064961, 0.00041814062060364487, 0.013962156554306932, 0.0162935997216257, 0.021347862837756255, 0.02424050384023677, 0.0010414879003232548, 0.008379553047523807, 0.12950603356390541, 0.040042400606974, 0.11599200365341263, 0.014929397354244523, 0.13862568328851105, 0.0023227894338540386, 0.0256569907873584, 0.5145017236824954, -0.0014469598741142192, 0.07622062175058848, -0.05967214084923407, -0.05151216671871332, -0.006682968374046609, 0.023206239209167746, 0.039892155567253444, 0.4795172871102091, -0.12053819792692148, -0.11366618558147995, -0.013842466577013062, 0.011337003334909983, -0.015350149126091025, -0.009350393959508279, -0.0049372007981971725, -0.012147397600249972, 0.010198003056549604, -0.025962013576106016, -0.0109834566545795, -0.01110469639738328, 0.007713660568035168, -0.01863748601388508, 0.005120925899877248, 0.0022027737987460397, -0.008021808419810565, 0.0031859978228436533, 0.00028077528814247053, -0.008444148879623647, -0.0030063189224511498, -0.0020831999555997235, -0.0015616654457541723, -0.0004596479450403617]	1432656305659
[0.0011583968490170454, 0.0007917941696517692, 0.001788905335060309, 0.00029129233571248723, 0.002954891985599256, 0.003341213127476266, -6.20381186250801e-05, 0.00047177461007178877, 0.00021458582086082633, 0.00043993233941791167, 0.005113677718289801, 0.0011766050247319002, 0.0035734481375091763, 0.0010593878728482238, 0.0016205447617796609, -4.2834305592049214e-05, 0.000597055893578029, 0.0022043372953523656, 0.00017389460617187413, -0.0028916727209182076, 0.000750798238477312, 0.001171115823178327, 0.005516298741238902, 0.004555578392649561, -0.00023842667966896013, 0.001922592618077265, 0.0011194203100290234, 0.00831502218235274, 0.00298487617968352, -0.003250252946363302, 0.0006751383049947854, -0.0005710056452709114, 0.002621264515501432, 0.00017843508605518295, -0.002616796781090134, 0.0010684544897357165, 0.012577485061407193, 0.0009838532190062062, -0.006392480181135616, 0.001395612903549763, -0.005117251050502278, 0.002531371394935393, 0.0008066627292724553, 0.0007407465235711421, 0.0024111225758705196, 0.0006181823165132104, 0.0026024120884242377, 0.001729468271034437, -0.003988272767154586, 0.004044309639617294]	1432656395663
[0.0013933030638313547, 0.0006436917083097197, 0.0013411282545269794, -0.0006075428444911004, 0.0013275020326279725, 0.00115960402277019, 0.00107113662737437, 0.0002762140761422036, 0.00025239801033649905, 0.00022062810221244882, 0.0025225738121642852, -0.0003044728600160334, 0.0029235309267561993, 0.0002430508088164303, -0.002230533278764282, 0.0004675358461730227, 0.0012124442865886743, 0.001211601192592912, 0.0004080677321570848, 0.0009029030366271999, 0.0015202336733911423, 0.0030365528223556537, 0.001514374530429341, 0.006826478432602505, -0.0005598820151790315, 0.00013382348158343777, -0.0038990923565596354, 0.0012278170240269586, -0.0008786200722172091, 0.001291812809696688, -0.011176423471236286, 0.0019620889191415774, 0.010507604911458461, -0.00864277632091878, -0.0004858642806678462, -0.0018123594363371456, -0.0061132287730417826, -0.0085840895045393, -0.027725155598124687, 0.013240504185596828, -0.005628643130667623, 0.01036265441696778, 0.009650724804946352, -0.004528900479786553, 0.04381306426191675, -0.015047267661148849, -0.00970799989788962, 0.02031608459574127, -0.025870673790053852, 0.012339739844213259]	1432656600662
[0.001537835671781912, 0.0007665592860586256, 0.0014907324665948672, -0.0007111056519666268, 0.0014472510927160773, 0.0015077755193240526, 0.0012369893027269028, 0.0002537185316650671, 0.00042434797913114877, -8.763191369876857e-05, 0.002728542782056805, -3.2651834323454945e-05, 0.0026874144532693612, 0.00042795106658509045, -0.0019263858667517304, 0.00011354061920989987, 0.0013977814092124778, 0.0014649434217816847, 0.0005685192451260173, 0.001202080666127871, 0.0017676404884999918, 0.003448260905075773, 0.001797022723178837, 0.007743117800973205, -0.0006587240739611162, 0.0003032400127808919, -0.004680017787940846, 0.0014810234898619834, -0.001153931136148101, 0.0017225864595851995, -0.013617695174499799, 0.002671354337339034, 0.012515952969381905, -0.010490009632567994, -0.00045149637960982276, -0.0024504128285820393, -0.007484303798680315, -0.01051163649474217, -0.03316135371246352, 0.015363468158179815, -0.006873550014167723, 0.012948209190561938, 0.010969419808304955, -0.005513686247695164, 0.05214888604442324, -0.01809684523547771, -0.012183242001382762, 0.02302134314617702, -0.031003224153057594, 0.014574587682204593]	1432656719666
[0.0028236107443420128, 0.002250086929652644, 0.003347235685177504, -0.0008084417494843867, 0.0035548505115438295, 0.0034364694663377537, 0.004067902550316166, 0.0016904157162661308, 0.0026820022715221895, 0.0028633260891969053, 0.010542602021222971, -0.002550165956150901, 0.012969103862130588, 0.0007396010328557128, -0.00644493105525215, 0.005824644506292611, 0.0027263546620994086, 0.001779029753076931, 0.0013713539575160249, 0.0015814821798518272, -0.00022084038975551048, 0.005362554056614048, 0.00979128730185757, 0.020996999625439577, 0.004016567748940024, 0.01417862181875814, 0.004274840700506452, 0.014421593236814257, 0.00778684490891056, -0.01107905790292553, 0.0023250010570778, 0.01638765891475613, 0.023260358704116888, 0.022061109357798297, -0.008019488143215497, -0.020398611046819868, 0.05625096954187395, 0.008175727285937703, 0.01605423044969119, 0.08359272126209429, -0.06692925422534918, -0.03363624850079616, 0.05227970029116349, 0.01529320036481656, -0.05614631756664156, -0.03011596326689176, 0.06983256884488917, 0.034661308120286734, 0.010509030296221623, -0.054846030235886654]	1432656804664
[0.0024141318758281677, 0.0014305966212181942, 0.003046682815053623, -0.0015762143212760503, 0.0038695438747532803, 0.00146200973631956, 0.0029798483930694782, 0.0009994033059282752, 0.00025602351911525905, 0.00047629317595768774, 0.003637576867787179, -0.002147684351723009, 0.004346319474012283, -0.001780796409401965, 0.0026749762974589645, 0.0003437127638016718, 0.0005750320833217085, 0.000740933153156383, -0.0015284227972211298, 0.0005923365077075006, 0.014530938170922771, -0.00557530785055769, 0.0040618170442239575, 0.002306951934792381, -0.013128300360175645, 0.00580800079420191, 0.004589205138663198, 0.012048907188163517, -0.0022545655408415747, -0.0009475935017998722, 0.0065266813194792585, 0.016546432540257987, 0.01245786869442869, 0.010652396635633169, 0.008380181201996023, 0.011762950044202625, 0.037529949239484744, -0.012071056090039778, 0.02333672745108028, 0.060839208132451916, -0.01291704535108733, -0.007090663087968109, -0.0004062527114743388, 0.015022212540260448, 0.0004299315993861411, 0.05824926882646842, 0.042064420043617864, -0.04766620599356109, -0.01827823797876365, -0.039970216632669045]	1432656962664
[0.005100241210060747, 0.002455932923956644, 0.00398028821131649, 0.0027148156108131724, 0.003264546080008866, 0.0017959503137543252, 0.0018156903265878228, 0.0006314975241115531, 0.0018875085765605597, 0.0018381989648318146, 0.00935320976642128, -0.0001892319444401449, 0.0027787654690277427, 0.00022625709452448904, -0.0006137691226071582, 0.0006933484322415734, -0.0015117962681461352, -0.001447907303340402, 0.0032246542068261087, 0.005226815980137621, 0.0042149031973216155, 0.0025397483852065772, 0.007067637640483959, 0.007321485169916276, 0.0017964964459506877, 0.002011525448718964, 0.0030082355560205566, 0.008479651158805966, 0.0021809506864249994, 0.011012109424869127, 0.005032920680192909, 0.0037493441488047727, 0.0010331161018418428, 0.0015114672746915868, 0.0094300654912463, 0.008530484580172373, 0.013192454729719527, -0.004761217804189247, 0.0019139370685891236, 0.004882608975233619, -0.013625521160145126, -0.004551390064161348, 0.005295178181986159, 0.0037854771565345524, -0.0009649723835388153, 0.009289168290081721, 0.011854979360060322, -0.004846045729147321, 0.0027416095163144472, -0.004017291904496272]	1432657414665
[7.877398665299747e-07, 1.2142644460175886e-06, 2.470578135763092e-06, -1.067021480468355e-07, 2.064706459236312e-05, 5.206078988685603e-05, -1.1894315603474232e-05, 2.438916840718862e-06, -1.24446854586575e-06, -1.2434437469371693e-05, 2.142895327677357e-06, 1.3636465230556518e-06, 5.26811262758151e-06, 2.262787508255799e-07, 4.4592523055008e-06, 7.901234326876021e-07, 9.492691188218971e-07, 1.8847084831574563e-05, -1.902274582586146e-06, 1.9649678297625964e-06, -7.19469818113302e-06, -5.9522304594105865e-06, 8.425685955345092e-06, 5.3167037428749717e-05, 7.263176891017775e-05, -4.408628037395983e-05, 2.1564530809299993e-05, -1.4389412993805538e-05, -8.477947974833208e-06, -9.037815822056936e-07, -1.2800871087441997e-05, -4.3643163927572704e-05, 6.5551093517731936e-06, -2.012438652032871e-05, -5.1901943769853736e-06, -4.929635634422897e-06, -9.579968360694697e-06, 1.5011263277152774e-05, -9.980508844065925e-06, 2.2231559341303598e-05, -1.170879860046117e-05, -1.526327917197609e-07, 2.4473690320133512e-05, -1.5846869043000475e-05, 9.251309264509892e-06, 1.5278954350237346e-06, 9.359611108943702e-06, -2.597271853212043e-05, 5.893596240098012e-06, -5.433240093539217e-07]	1432657664666
[0.0019778577389375097, 0.0022134939431409885, 0.0017950211772349827, -0.000986936627283205, 0.0026457410981627462, 0.0027117882954891003, 0.008297997458040945, 0.0003000942825379764, 0.0004238444645006909, -0.00019996942790852338, 0.003945850023163914, 7.985075320413137e-05, 0.004544198777029262, 0.002634929049898683, -0.001579644149786127, -0.0002964190786952619, 0.0008561038637495839, 0.0034556709539701877, 1.827228701675014e-05, 0.0013564678476562142, 0.002706764443194113, 0.004277933880658648, 0.002960252067871033, 0.012485668835518368, 0.0022449749065648035, -0.005180218195165303, -0.005448225209427993, 0.000919502916433922, -0.0005431028024231563, 0.003055442436549616, -0.01203079070013905, 0.0028532264417949187, 0.01555688719316685, -0.005028126380376206, -0.001312010732048078, 0.0016082091609519677, 0.0002526471213981703, -0.0033928395962085534, -0.014873445789097963, 0.012504108068798394, -0.006824506358988721, 0.015795679361264452, 0.012189630748390435, -0.015895319737742317, 0.05177722615450762, -0.003962809162219268, -0.005442392996479507, 0.021266059257427247, -0.018598943478292, 0.0185288164635451]	1432657988659
[0.00010586756386591656, 6.724784746946582e-05, 3.0147013626245173e-05, -2.472016048699374e-05, 4.760209311075597e-05, 1.7826177884228677e-05, 1.7731250306068455e-05, 1.2220174322715903e-05, 2.4702400207219228e-06, 6.117683139991378e-05, 0.00012180649322474285, -4.051635945218637e-05, 0.00035112859912102637, -4.691833407258064e-05, -0.0002771719454938469, 0.0006736194377499115, 2.8663187194250604e-06, 2.6854788638565006e-05, -1.0976415724094577e-05, 3.189805598473414e-07, 2.9574003632597612e-05, 2.8147522065610557e-05, 0.00018523204951629565, 0.00042623897619984016, -0.00029961971366092153, -3.4990794654801883e-05, -0.00027562017757386107, 6.436292856022566e-06, 0.00017543061902299518, -0.00015683200566011114, 0.0009360532945723156, -0.00012339684837449596, -7.694700964633887e-05, 2.3906682831371616e-05, 2.2629913979842222e-05, -0.00011199437738741263, -0.00011134762168327688, -0.00010919774278582985, -7.692255215434452e-06, -3.836068349123095e-05, -7.530634277379409e-05, -5.629974055889005e-05, -4.309733522852426e-05, -2.138465259084959e-05, -1.1224431389156676e-05, -0.00011114592476463802, 2.118945186200107e-05, 7.997295752284728e-06, 0.00010327023758223933, -4.474881518301096e-05]	1432658105661
[0.001566818840033096, 0.000732148191352114, 0.0012545995693581575, -0.0005326042891482683, 0.0017581761509617095, 0.0009344816848734788, 0.0008761656179783831, 0.0014738901920639128, 0.0005409572515369003, 0.0005269014828763891, 0.0038087354999740202, -0.0008201029537385439, 0.005003204173603854, -0.00019148914791475494, 0.0012180742006060292, 0.00019901074541825347, -4.7686141289791834e-05, 0.00018556167963206706, -0.00026113252599261136, 0.00020446224907972287, 0.0007484824449931561, 0.0017404825128001387, 0.002689507342700311, 0.004272647204199956, 0.002031023439373251, -0.0005572148388781329, -8.752871618955408e-05, 0.0014134690312057289, 0.001187150662825531, 0.001171090544790997, 0.0002631696643744515, -0.0007080726279480425, 0.0009176096823523186, 0.0011554982088509457, -0.001320800943315797, 0.0033056768314219352, 0.003167080041050852, 0.002443795915468576, -0.0007120227972071658, 0.0030716141118958215, -0.0013292804865551312, -0.005265773669949034, 0.0022804165562616747, -0.009882875546852495, 0.002057401419151667, -0.003282864648738688, -0.0028226880757618424, 0.007586606912482946, -0.0018987226279465115, 0.0023877952877900043]	1432658128663
[0.0007614835602930988, 0.00048394702394247765, 0.0003842785009968077, -0.00010067530256728139, 0.0011424640294997739, 0.0012515375609875369, 0.0001441560262252651, 0.00015199227242610285, 0.00017512611728239116, -7.297230747493107e-05, 0.0027682023330225275, -0.00047821215012925717, 0.000996967591432336, -0.00010434349239778258, -0.0005794548571977523, 6.129500260544666e-05, 3.905161336638993e-05, 0.0002870909996845593, -8.131203266744106e-05, -0.00012445447834928954, 0.0022576091633776316, -0.00021503539959975677, 0.0015700831147672386, 0.0020850373527878823, -2.4116036756905094e-05, 0.0006974527171293238, -0.00030429549145702693, 0.0011221665287557397, 0.00048779768637077477, -9.787958125087278e-05, 9.960230712251753e-05, 0.000606174413617069, 1.5152090385757215e-05, 0.0003330823399238238, -3.282192327514975e-06, 0.0020719133471658537, 0.0018212898594032873, 0.000883585605834964, -9.599031438274073e-05, 0.001741790747251533, -0.00048358746683619693, -0.0016379772180060029, -0.00028350546340825695, -0.00030466416355652543, -0.0001476207587096682, 0.0018207488177827953, 0.0007053338966449025, 0.00210474183504704, -0.0008224326594343384, 0.0010262533336588488]	1432658450661
[4.0602011103889904e-05, 1.2070752913491227e-05, 8.536170426351385e-05, -3.24675830929062e-05, 2.7296573428036606e-05, 8.510353211048049e-05, -1.7599037869267738e-05, 2.2353546918180855e-06, 4.129431799955949e-07, -1.29715893282539e-05, 8.2673992783219e-05, -2.245385941649455e-05, 0.00012636945256938405, -1.9255975487797633e-05, -9.405156579191603e-05, -7.125077098819798e-05, 7.558975733020883e-06, -1.0364095478819798e-06, -2.6330669620698324e-06, -3.2675707774227466e-05, -8.494257233388595e-06, -2.3528460315619923e-05, 3.590144217621881e-05, 7.51175132341228e-05, 4.302735996572404e-05, 7.095259855290773e-06, -4.290838759827926e-06, 0.00011838599438375699, 8.887168229935087e-06, 6.566776548696964e-05, -2.118082423681939e-06, 2.9085250150656466e-05, 0.0001436182696951288, 2.1389579707049963e-05, -9.640224841674073e-06, 6.208801399595028e-05, 0.0002898594508338416, -1.4555834976019408e-05, -4.370797568561892e-05, -5.5163573726067584e-05, -0.0001253895302642209, -7.484515164238437e-05, -5.0846933163212386e-05, -3.36568419496304e-05, 7.156741330023006e-05, 1.7965566695454934e-05, 3.012386196163868e-05, -3.159438948864037e-05, -5.7645324503685216e-05, 0.00010354659246741332]	1432658850658
[0.0002200645819767216, 0.0002737238583238476, 0.0001716673211289112, -7.875093099712748e-05, 0.00038748894714217064, 0.0001695656485669854, 9.077815240579215e-05, 0.000163108385826465, 2.2598972569280878e-05, 0.00022107724221968718, 0.0009215188001060882, -0.00017993131330010012, 0.0007444928529409976, 2.4202417081901875e-06, -8.257639741910388e-05, -0.00016052269150756556, 1.9322903489175346e-05, 0.0002499025776972478, 9.463270792884136e-05, 3.5790840378385487e-05, 0.00022975305686300806, 0.000646697300883456, 0.0007772437712747494, 0.0009219554620341247, 8.890590373276082e-05, -9.270786667282742e-05, -0.00029346554215771116, 0.0001767346816558793, 0.0002248533437951058, 4.434819709297319e-05, -3.664181229407656e-05, 0.000783359530459017, -0.00023546419617123768, 0.0005586685152560991, -3.6935011979982996e-05, 0.0006305355028143054, 0.0010898069094313263, -6.5390201562394e-05, -1.3196121748783866e-05, 0.0002830439486099382, 0.0009651339488682177, -7.682140782727517e-05, 0.00015607806018470786, -0.00033612436104132795, -0.00011712953296012213, 5.348921552478733e-05, 0.0010511544694922317, 0.0007899367949810059, 0.00010040656806641754, 0.0001383063602883439]	1432659306660
[0.0031262112690080657, 0.006348888403649061, 0.007887777632402712, -0.0026426231670762398, 0.04631361017871545, 0.004901154587440586, 0.002986010639826726, 0.0011475640586143289, -0.0009114364542334941, -0.0057398867054197986, 0.018723757025476562, 0.0022971840122988445, 0.029723727989122397, -0.0008186063984208982, 0.03455070086366529, -0.0071254693540008926, 0.00043159559082990584, 0.02653683511095211, -0.020932866327763606, -0.020926336728474087, 0.4402693206451339, -0.0837901259326724, -0.011416488365694154, -0.025945484336666033, -0.010825290749492287, -0.012608272248151366, 0.005395489048089538, -0.019224715763734305, -0.004034122506220058, -0.0007064132550136774, -0.005296357885364759, -0.0033181355931606463, 0.004648701643646899, -0.014164580892625652, 0.01761519698467522, -0.038831683847167536, 0.017477730561755344, -0.04877059658149254, 0.0008453953328629269, 0.01275460318171195, -0.00543768635020755, -0.007926509930570284, -0.0025511947209671897, 0.006537967423610035, 0.0006781097012198052, -0.0070583904092905575, -0.001171948901075319, 0.0044650612028008, -0.0022217535690628337, 0.0002701944821475744]	1432659407666
[0.0005284281060335896, 9.78941358450101e-05, 0.0002313054550801485, -3.700119724845717e-06, 0.00013088200927927282, 0.00016833768524370966, 0.00022600096902795344, 0.0001889801426725294, 0.00012010380763678071, 3.546267179815422e-05, 0.0007643102622159751, -0.00021769059164003366, 0.0001511321921983469, 0.00018264661675298528, -3.580129724754101e-05, -1.840213540344818e-05, 7.207755908759274e-05, 0.00014995931160902221, -2.6788504716984757e-05, -0.0002547843043098981, 0.00011948305584108993, 0.0005637933646218534, 0.00020424430342322537, 0.0007792107835494775, 0.0003967592490747793, 0.00013759060586580082, 0.0002818806883273381, 0.0008228080358088268, 0.0003317691740610334, 0.00014933871295239436, 0.00020816301883475557, 0.0005316092648211713, 0.0008170282810429446, 0.00021209031042352682, -0.00033730749286767177, -0.00033881788925507874, -0.00016156742088905388, -0.0002037813866925099, 0.00011530806583424423, 0.00020908652382767984, -0.000962597446150395, -9.887352515768095e-05, 0.0001434920620948297, -0.00026941378335756846, -3.4356176428299014e-05, 0.00022830381989300246, 0.0004087087073453966, 0.0005293258716556872, -0.00026064768337605, 0.0006598076162143993]	1432660551662
[0.00024304409638536035, 0.0002486103174434443, 0.00046703723233576234, 0.0002673997398719697, 0.00045897809344659895, 0.00046102404424954834, 0.0003549226620022992, 0.0004809165612056814, 0.00011848024917188617, 0.00025722834683069597, 0.0034752495106397546, 0.0011753450625579553, 0.0016153996250793789, 0.00036870455398676014, 0.0015252656356874383, -8.913165744735796e-05, 0.00033852860282228964, 0.005688737081598856, 0.00034758534145229035, 0.00032822670691144815, -0.0005772231193896265, 0.0005827141448994389, 0.0006862947663269437, 0.0017312911387601024, -0.0006005966879671335, 0.00013148653619676138, -0.0011855573491251566, 0.0021841963635893177, 0.00012784039547222682, -0.0009144622479273221, -0.00012530828531222114, 0.0014315129565179126, 0.0004017820714081513, 0.0003887135928061907, -0.0016923012943115406, 0.005038007349909659, 0.0003699887714181352, -0.0033846437870309145, 0.0001769429710859899, -3.973090690744187e-05, -0.0008581684058309677, 0.00047898668381749393, -0.0008625916722899425, 0.00018821540590274158, 3.320368489364031e-05, -0.00019840471621943056, -0.00045154893302425147, 0.00011551882027627678, -0.00014753789271055082, -0.00014692825771968508]	1432660955666
[0.00011562751063597926, 0.00029981144356570064, 0.0001763377044972067, -6.528277019433778e-05, 0.0001961516251620263, 0.00013213277438563098, 0.00017434471732249532, 0.00012103239998856654, 0.00011160968555549865, 0.0005727099018212937, 0.0003620121129573875, 0.00011545411140658068, 0.0004372974819326344, 0.0001397798032446396, -0.00012780691067513036, -0.0001870983585658912, 0.0002046607606782127, 0.00032003508692688185, 2.271929896465513e-05, 3.1229219930088066e-05, 0.0004652477365809905, 0.00018057958417274373, 6.3919658713714e-05, 0.0019374824376723631, 0.0011792044265181143, -0.0004489593474953306, 0.0009870391567288084, -0.00036027837584496573, 2.6076760123062284e-05, -0.00017776118268688707, -0.000490781001117748, 0.00179169408132098, -0.0007871634076911576, -0.00075507269532145, 2.8781611190881184e-06, 0.0004746602272797207, -0.0006476391656929163, 0.0014725247519972043, 0.000662682479417165, -0.0015610003729216839, 0.00028380262633286, -0.0010757873033156423, 0.003026783066406934, -0.0016920874905614087, 0.003477565331276178, 0.0018899354055901343, 7.577047366592692e-05, -0.0002408008015053341, -0.001948753833278309, -0.00039671149859950235]	1432660958666
[0.010596833051164316, 0.007281567101923027, 0.00839440578405709, -0.00436203760658689, 0.01632674102113034, 0.012035192552785626, 0.032049021047222015, 0.025044143547460408, 0.8848305964576815, -0.015789752107091097, -0.009833927490643482, 0.0008483053056223849, -0.007020684088884502, -0.0003448130879775772, 0.00198463852963948, -0.00105495001386831, -0.0002998922667515056, -0.0010635953924446032, -0.0011837239434208083, 0.0011184842393220354, -0.0006071467814138372, -0.001160724522008649, -0.003404237516316762, -0.004181995449059038, 0.0018178351898335452, -0.0010315357638061334, -0.0020369371075376354, -0.001653172446140824, -0.005608460821540316, -0.0012540741625235805, -2.5919178928209577e-05, -0.0006242873224520468, -0.00026943559492780954, -0.002562836937980525, 0.0012041393394084667, 0.0011646912744901366, -0.006127243371344374, -0.0016103400612789876, -0.005342009323694671, -0.0006856129326192858, -0.003127947021639276, 0.0045511663003281536, -0.0006814630424949213, 0.003126538931449016, 0.001330410249673192, -0.0023765985673475497, -0.003233744489232558, 0.0024909243540201355, -0.0057216801542126355, 0.004925641153900865]	1432661037664
[0.0003855675936317327, 0.001432223308729021, 0.007023770514573828, 0.014357137303403203, -0.0007377426452016048, -0.00029091821762514906, 2.254139258382986e-05, -4.189248901531609e-05, -2.2367487795426987e-05, 0.00050848249641605, 0.0033473503102237198, 0.0019551180969077635, 0.00733225657798201, 0.0022792567273968722, 0.027303841063782912, 0.009649604699277779, 0.9674748326707217, -0.09154318704253088, 0.032624288432223376, 0.22286006742809214, 0.01555702062803193, 0.0057752853419521764, 0.0001864838238714655, 0.0024986630173783903, 0.008253694402135985, 0.003559973772037026, -0.006632854483282128, 0.020625194645195608, -0.0007588246270676796, -0.006053441953116216, -0.0014347488146196615, -0.001403940947416934, -0.0011505733412847203, 0.00034789330695161863, -0.00017346866339677734, -0.0021395418547003322, 4.830324796302649e-05, -0.0013532229768551608, 0.0004642961569976415, -2.497299823739723e-05, -0.0006714194221909311, 0.0008825975605108356, 0.00025649150616748295, 0.0004816541926559819, 0.001422924854063087, 0.00010265971447710535, -0.00021184412849109568, 0.00034916238381886637, -0.0004172536283180954, -0.0005912201052676858]	1432661153657
[0.0011661271889155907, 0.0017536722346422995, 0.0031286567202894197, 0.004021481285762585, 0.0013699006387220614, 0.0012650619641973548, 0.000746632462036781, 0.0010911265513442805, 0.00044057042034334747, 0.0005079128493375333, 0.005389515546968235, 0.00026410452433392657, 0.0034221938217572326, 0.00025616988648201756, -0.0003732308865694426, -0.0008311718030877751, 4.3017525558036433e-05, 0.0014179207839996912, 0.00018874222749456842, -0.001563613286218743, 0.001250690203864862, 0.0015946428622051973, 0.0025642386960926635, 0.004488416314772808, 0.0024161329470511347, 0.002954582849763788, -0.0005430062661856575, 0.010031667752919277, -0.00012549119719373528, -0.003370270123528335, 0.0005300767888552673, 0.0015077265066411518, -0.0012753876154958468, 0.00019419676396915177, -0.001071892236187551, 0.0013312639468069658, 0.0006223767708417136, -0.001392421635425319, 0.0003131231301577843, 0.0033297736451801934, -0.00088274839329094, 0.00035853487781214614, 0.00030090575432481677, -0.0004970582904080117, 0.003398553969307808, -0.0002776371758600366, 6.585681430013711e-05, 0.005434836307388305, -0.0032110462534647257, 0.0005453317117977187]	1432661895666
[0.0011022689343895542, 0.0009413550967656372, 0.0015870667785836332, -0.0001517783090340592, 0.0040145554094643925, 0.0019249226387684773, 0.0019933512562618745, 0.0008914571792110781, 2.486156924725886e-05, 0.0020386312130729754, 0.005329913165455591, -0.0013196191821251045, 0.0024780157211921547, 0.0010104504375798616, 0.0012989449861355302, 0.00043092200618175143, 0.0003009257049754194, 0.002377647636232187, 0.0007099536049828588, -0.000691074719474344, 0.0008636475822662223, 0.0026337376939927796, 0.010392740286585753, 0.00829592669807769, -0.002301350974071019, -0.0015922434765672474, -0.0034978410315809026, 0.001284330464291756, 0.00010429135640026701, 0.0015726427606520047, -0.0009798020595551508, 0.00042864326375496555, 0.0037425565456850936, -0.00045512469831568246, 0.00032124937259858226, 0.005084855932271696, 0.00747081335912587, 0.006822222387700909, -0.0007847566709730415, -0.004964220410080882, -1.0389490512032025e-05, -0.004345895927908077, 0.0023003689967111694, -0.002033648796685318, 0.0031459853055025746, -0.0011084585428331657, -0.0010635127522574369, 0.0019500204071584918, 0.0015792193975035518, 0.004473400151456082]	1432662410666
[0.0001045297474302797, 2.1609269213235376e-05, 0.00016553714586667963, -7.990834679892222e-05, 0.00018532972844329142, -9.214704124964605e-06, 7.63487819799145e-05, 1.8872111286159407e-05, -2.932374946427642e-06, 2.1988338915047275e-05, 0.00014408949419530487, 6.846797023821234e-06, 0.00026555705084984834, 3.0721413947937274e-05, 9.825577256536862e-06, 0.0001289246859935428, 2.456280390544817e-05, 0.0003199255842267515, -1.548151989773387e-05, 4.1201356818554285e-05, 3.2897701576791684e-05, 6.759520669810925e-05, 0.00014772289784392966, 0.00022275962061205654, -0.0001410489732547852, -3.0428752193179807e-05, -5.394016989129596e-05, 0.00011920326986803538, 0.00016055708681076976, 6.422075435819712e-05, -7.898088561999283e-05, -9.514764648429251e-06, -4.69046118260592e-05, -2.258465855357089e-05, -2.7475329873462537e-05, 2.9633340907523526e-05, 4.76262742902233e-05, 4.581697550496596e-05, 8.066832695470236e-05, 4.717103447802223e-05, -0.00016443614839832638, 3.694458901756877e-05, 0.00013082393275439365, 3.455043282793696e-05, 0.00024903517575511173, -0.00011280957733660041, -6.912081031814731e-05, 0.00022544216755610128, -0.00013895080538393415, 8.788930692598181e-05]	1432662753661
[0.580600355276947, -0.09852452738174193, -0.03074474096309225, 0.0022713807068142243, -0.018739104828938653, -0.006410031866125852, -0.01752063633651779, -0.003078087426598085, -0.004572863107275417, -0.0034604267184123903, -0.00679261522152361, 0.0046876509433208795, -0.0028720221282124525, -0.0005873199434392413, 0.0003922451365055827, -0.0009310740178065539, -0.0003131531308336783, -0.0010747907129702897, -0.0012293997733175677, 0.001990966957745888, -0.0009622369089471405, -0.007605777036724677, -0.004297444947792879, -0.0030125129640587163, 0.0005303858747204365, -0.001696784940352634, -0.002803270668617665, -0.00015158724057537617, -0.0029475347326810637, -0.0014247348351910049, -0.0004461804641960577, -0.0014429251950302299, -0.002274646792184328, -0.0024845661351064518, 0.0017791176439249155, -0.0011850405163325282, -0.005753646026324768, -0.002378653808508125, -0.003970499542840859, -0.003721093489047856, -0.0010240002830441013, 0.001960300147435621, 0.0007806538286968109, 0.0031611200134088373, -0.002833000732534395, -0.0024889359102578863, -0.0018341279744903685, 0.0022541158075777452, -0.0020470344828256515, 0.003080465202159983]	1432663723666
[0.6381283058816872, -0.1090428477726174, -0.033960379582972926, 0.0026737636841918824, -0.021372842835943155, -0.007600827088357669, -0.01980040881106214, -0.0033735469363461853, -0.0050700084737735, -0.003781587441563927, -0.008168602552938747, 0.005261087462983916, -0.004317387513737235, -0.0006455726347613171, 0.0006758676787458369, -0.0027025825906327825, -0.000359658311029401, -0.0010709349206483015, -0.0014871877740187485, 0.0020275711687778647, -0.0010853822335864273, -0.008385907948464293, -0.005208684477791949, -0.004605603610919765, 0.001625680186923685, -0.0023991080802678857, -0.002888764996146723, 0.0003208009140411184, -0.00288897824518301, -0.0018954271528892417, -0.000548462192973931, -0.0011825449006112308, -0.0027882711890036198, -0.0029209064117499744, 0.0017310209869487963, -0.0018226483856208773, -0.007568661232526645, -0.002822232668644386, -0.004112245223692583, -0.005110063123936127, -0.0009726669087970481, 0.002886749218656787, 0.0004505159619842843, 0.004038239453125937, -0.004019675649679197, -0.0031531862370629505, -0.0023637504855482223, 0.0022913661654673885, -0.002373625309961312, 0.0030356224610054183]	1432664591666
[0.0021506778800135734, 0.002610456637801534, 0.003304298204066144, 2.2774445512181453e-05, 0.007723982281671795, 0.0014408355778627168, 0.0006499739006254172, 0.002424362371786996, 1.0011346447800633e-05, 0.003942583550220344, 0.016282525294665944, -0.00305214654196608, 0.01002654555045377, -0.000876862048315558, 0.0095267618279282, 0.0014564993138856564, 0.0015328866913357168, -0.00045523375790634634, 0.0005785723315743537, -0.0028652779045812804, 0.006491090425312575, 0.026003110516906628, 0.0030662907807460127, 0.011432581767672714, 0.00590436047603175, 0.024921209950963506, -0.003908707769752805, 0.024570149959942094, 0.01162506740440455, 0.0016936605375901168, 6.975728544675377e-05, 0.013273165237364978, -0.009228303646985375, -0.007475952720127688, 0.003741063149125307, 0.0169596418588274, 0.017221175554226396, 0.02055918894874939, -0.007868542984228276, -0.003208510335961302, -0.034760912680978064, 0.003989176278806697, 0.007582633477640814, 0.021395232405421814, 0.02143260170455032, -0.03746849725215849, -0.035544907566773344, 0.0618970154940952, -0.007731053795324714, -0.02225555877217777]	1432665060658
[0.0006384948761061781, -5.814107504038126e-05, 0.0001736526477483577, -1.6328643517693407e-05, 0.0001641821016338062, 0.00013756941521546, 6.946317096078783e-05, 0.00010208783484852149, -1.290795134549467e-05, -1.9955246325255503e-06, 0.00047228372416907637, -0.0002811070618467089, 0.0005589771716535446, -1.5230960009133954e-05, -0.00023349583028411578, -0.0002573224641052921, 5.05366358250601e-05, 3.673050921936822e-05, -5.7170977891047445e-05, -0.00019621042212522818, 0.0002303133627226424, 0.00033350788104711073, 0.00024097646090698608, 0.0003598314721916414, -7.749587494414092e-05, 0.0002456375528158366, 0.00020792459281192104, 0.0006963750641635464, -0.00013430944536146916, 6.984863794803386e-05, -0.00010614996689434588, 0.00034044056621059676, 0.0005118215651471927, -5.5931863646051834e-05, 1.9461407014466498e-05, 0.0007263853377783045, 0.00021107850936575692, 0.0002630969892136186, -0.00017731858152453898, 0.0005513736882788648, -0.0002529004874849211, 0.0003404632232254458, 0.0004618285125372664, -0.00027900179849690376, 0.000600788907980713, -2.0682031927794467e-05, 0.0008498199908705166, 0.0006468143634771821, -0.0011515198957428475, -0.0006570801217090033]	1432665206665
[0.0006442206494225453, 9.537314878635242e-05, 0.00039737689128555, -0.00015936493337362579, 0.0003684797419400445, 0.00023010985639236375, 0.00026040673017352155, 0.0002564781118245407, 0.00018497675389287125, 0.0004162152139125605, 0.0014247352646121836, 0.00030395856651467616, 0.0013772035028506322, -3.766877010369844e-05, 0.00047712624513320396, -7.669827788095962e-05, 3.26964801581688e-06, 0.0007319166969330057, 0.00023615294826383797, 6.114877803494042e-05, 0.0006623085179255789, 0.0005685810880168525, 0.00048074515415419926, 0.0008478844814227239, 0.000282350943787086, 0.0011227363997459508, -0.0006118001512518433, 0.0006816943554692272, 0.0005371280294677697, 0.00023323321586934335, 0.0005892031160934344, 0.0003746571037096364, -0.0001641776157799937, -0.0005214819423092381, -0.00029054222212637325, 0.001583850372158137, 0.0010861018057473112, 0.00010005169632551039, -0.0008558166821797896, 0.001730559520565441, -0.0008582538053598652, -0.00015313647796498872, -2.6014359552337616e-05, 0.00034061304653798947, -0.0007582459535994832, 0.00012752646082839827, 0.00035140640757698406, 0.0023891807775217643, -0.0010228446096243566, 0.0005198750923442395]	1432665311663
[0.0018523298262227276, 0.0024655246176867127, 0.0024914687638951253, -0.0011158574540709983, 0.002773249138776028, 0.0024946999634152278, 0.0030892222913108274, 0.0012536524295576246, 0.0008334349751718764, 0.0008850107109810294, 0.005921372978997749, -0.0005599196433226013, 0.003625661775801786, 0.0013606721224131877, 0.000320874820010186, 0.0026080014180451536, -0.0015038473728812335, -7.269442430162676e-05, 2.617568070801204e-05, 0.0008157215343188323, 0.0043788380200627045, 0.0029841544235174843, 0.005518589997210569, 0.010306229813632486, 0.0033008912386319057, 0.0016180550558424589, -0.008417609314713012, 0.006952742119585636, 0.009157047160426847, 0.008555444587346278, 0.006605692897816775, 0.0018247617752605557, 0.01603847054200848, 0.01143216679684105, -0.0007781462312968478, 0.01812069095168281, -0.00092734749088679, -0.006603656932670354, 0.009995682693859698, -0.00837713292725327, 0.0010815143041464214, -0.027245852980035335, -0.006134021809455007, -0.018532539419575954, -0.010228039369530175, -0.014973160837713103, 0.027067241784473648, -0.0009941242572224767, -0.001498501950527026, -0.01794377221379945]	1432666171661
[0.0003578394727361151, 0.0003543257383008681, 0.0002838026844215477, 6.0845334666756504e-05, 0.001148807933496075, 0.0009620863497011264, 0.00032746080073817413, 0.00019344718042244662, 7.999970543023309e-05, 0.0004793395746211763, 0.0015665715840970712, -0.00012081070823549593, 0.0008665666995050275, 1.0635756185546391e-05, -0.00019639976370024921, -0.0001171195550241435, 0.00013703059555972448, 0.0005339422884854264, 0.00016720860202286238, -0.0003726273787498483, 0.0005542498018562792, 0.0008220422478964567, 0.000830764710146159, 0.0012982142206412234, -9.894167439501334e-05, 0.0006928184548036103, -0.0008813567271121445, 0.0017246549498989054, 0.0006701649409699612, -0.000392219731406682, 0.00016072200153709112, 0.0010458476045047066, 0.0003259009716928732, 0.0003554491247155685, -0.0006098994698040122, 0.0021035249647157845, 0.001366912775126357, 0.0007002605030717212, -0.00024517914642182154, 0.0004903754345974663, 0.00013306090994341392, -0.0011058098197676651, 0.002124263850880999, -0.0013045915341227741, 0.0002950248943399397, 0.00024588512798923265, 0.0014898792370173408, 0.002924238458694142, -0.0019289178741374988, -0.0008335826922695452]	1432666531659
[0.0009895856966405771, 0.000747302315631288, 0.001254605610305549, -0.00041124895048393864, 0.001093662346489842, 0.0007457328030649569, 0.0015434030811397818, 0.00047484849407319565, 7.695520605769047e-05, 0.0004076546665301467, 0.001444880668545497, -0.00025863900040032313, 0.0018073386771376993, 0.0014006611959253938, -0.0002749050361501689, 0.0011651392359497538, 4.834626253196907e-05, 0.0010602149882497497, 0.00021066904073406353, 0.00025559813941700615, -2.0455338194690138e-05, 7.861345471786689e-05, 0.0014418037265956586, 0.0023473954810387465, 0.0003755221976943475, 0.0003079610283341215, -0.00014448440771102323, 0.0009137007430916455, 0.0008912763149972601, 0.001732447296038003, 0.0002020581042984612, -0.0004813913762720422, 0.00098285594394397, 0.0016969358132668693, -0.0013820327109113964, 7.60708274863931e-05, 0.0035597002532147125, 0.0005237188650565676, 0.0003090467910756935, 0.002417662191944147, 0.0063987346098254285, -0.0005439301398935562, 0.000965186666887836, -0.0007238264099932292, -0.0010437510318795833, 0.000404197869675781, -0.0001266212457171795, 9.86674593463115e-06, -9.508532715742129e-05, 1.8987645386501416e-05]	1432666660657
[0.0009205613040298386, 0.00044800601182482127, 0.0007647622977825315, -6.203920965914093e-05, 0.0009572581657004695, 0.000816969906919458, 0.0009558929735063831, 0.00021674277741090073, 0.00032275154115643864, 0.00025762649170017364, 0.004355593137923248, 0.0013845448947370123, 0.0012454946754202128, 0.0002457897940097181, 0.0006255555162604316, -1.2752410283042748e-05, -5.3533004386541874e-05, -0.0003753725095455115, -0.00025524732552918125, -0.0001745070319754033, 0.0007386021844555015, 0.0009528423143168468, 0.0052952079967862175, 0.001539790497215726, 8.918630047000503e-05, 0.0006962632415004988, 0.00034620989708354676, 0.0030234208047212855, 0.0016446554230832016, -0.0002233763242771355, -0.0011475686578171608, -0.00013176096068808022, 0.0011473426607696892, 0.00015154275677423804, 0.0005100839665131779, 0.0016691418942638586, 0.0002498921426659691, -9.023014296160827e-05, 0.0009754380782014308, 0.0026362973643494826, -0.0019500277313776741, -0.0007528247080871131, 0.0007649000041007236, -0.002657328704063312, -0.00046057683729599846, 0.0002109650011514913, 0.001262949760823124, 0.000630392356897012, -3.242875091549523e-05, 0.003961863774095359]	1432666798657
[0.0012568264859424705, 0.00045627647936731606, 0.0005760675725672896, -7.838823142540587e-05, 0.0027559956893455743, 1.6676288282159874e-05, 0.0007640635006315168, 0.00023155215824870198, 0.00024573925406015787, 0.0008318205381546365, 0.0019201313803964123, -0.00022463047633931638, 0.001999481743342414, 0.0003849008915310694, -0.00031081160346611153, 0.00234608306586211, -1.8904868161854432e-05, 4.00451607184056e-05, 0.000752437584576894, -0.00013563289823144742, 0.0006205856113637862, 0.0006232740645858772, 0.0012164485521889, 0.0022356303085558403, 0.0005603471261928718, 0.002177094047746444, -0.0003889583094992425, 0.0016727017046838854, 0.0008478227791998578, 0.0038684220219428133, 0.0011574547921945565, 0.0004281382852542778, 0.00019295837894524857, -0.0007974861493127609, -0.0001025437210037638, 0.0010862141959892331, 0.0007837463479312639, -0.0005848327446183343, -0.0008442689878517119, 0.002267059737313402, -0.001387669128950486, -0.000904638671411301, 0.0007113807827323493, 0.0002572691202039849, 0.0015890395032448694, 0.00015002783677832245, 0.0014298786099799106, 0.0011408721800904417, -0.0005415358849232552, -0.0008437813337115998]	1432667792664
[2.4693071566776447e-05, 1.8314788752532727e-05, 7.840518203500966e-05, 0.0001224868906446165, 4.019356386627712e-05, 7.176274228748451e-05, -4.908344582337051e-08, 2.041428329028056e-05, 5.304760606936045e-06, 2.131260233369087e-05, 0.00046427335396864386, 0.00020006080220264001, 0.0003521373706745077, 1.4657691609404133e-05, 0.00012619783190583617, -8.700515906968261e-05, 5.318256999655906e-05, 3.0264731559459078e-05, -0.0002163326669032143, -0.00027725334010199137, -4.383258484146635e-05, 4.142791562102397e-05, 0.00023971169805596368, -1.5749722725424352e-05, 2.8476485416773763e-05, 9.356737810630512e-05, -5.650977968424327e-06, 0.0006646451206936792, -9.058373949855017e-05, -0.000318472732247193, 1.474168322038442e-05, -9.55674143874368e-05, -0.0001043397081097332, 4.3666358314629254e-05, 1.3787766824286112e-05, -2.7945195610443676e-05, -9.186944011995562e-06, 5.241196274426862e-05, 8.802344353983066e-05, -0.00011358120513614369, -4.567889456923378e-06, -7.103358356657299e-05, 0.00019479871697549876, -0.00011205429581457209, 0.0002112274857210642, 0.0002035193081086685, 1.645240288927631e-05, -4.6894511451248556e-05, -0.00010089308118506786, -2.8101117796453565e-05]	1432667840661
[0.0003152386918909034, 0.00020273685460512762, 0.00019325141885843288, -0.00010164440609280251, 0.00022623154348672283, 0.0002168542185452199, -5.908252249938096e-05, 0.00010810784936375636, 9.453931090903524e-05, -7.797256280728595e-06, 0.00039078441065331, 0.00011239497874823614, 0.0002048124991988798, 9.759676763383572e-05, 0.00013994520620379573, 8.12471584216669e-05, 1.7288759490317894e-05, 0.000199713376051915, -7.520215461636424e-05, 2.5339290259065748e-05, 0.0001229166996343562, 0.00013644199960596685, 0.0003972277702531303, 0.0006326838539468351, 0.00027756677774188785, -0.00010007409983740514, -0.0001761128379060632, 0.0001690887462683552, 7.356974535608474e-05, -8.740489515679524e-05, 1.0810032972423397e-05, 4.709043237693759e-05, 0.0003610099435086646, 0.00013145002588806816, -6.867623180124811e-05, 0.0002825693953491455, 0.00043058811636095216, 0.0003417812762573191, 0.00013220111045691545, 0.0006602540551361988, 0.00022618483154329282, -0.0005452103727867512, 0.0005176782238102008, -0.00042619918888682663, 0.0001985603596512727, -7.519356009448759e-05, 0.00046906419073763277, 0.0002555756006403051, -0.0003361120109119322, 0.0005518685062531314]	1432668049660
[0.0014914964345913914, 0.00026770989856990065, 0.0011870241477253262, -0.00028483900824828064, 0.0014414276592185052, 0.0010611100903013407, 0.000636554614115566, 0.0009299001102619567, 0.0002957083096841137, 0.0005429284767023769, 0.006090679400599636, -0.0004884429460444273, 0.004939823894697497, -0.0004687337698126033, 0.005149048987029561, 0.0004667865396092657, -0.00038306858634143176, -0.0013653707520639314, -0.0014340787378791194, 0.0008227602633614587, 0.00039960843463232435, 0.003682746525122175, 0.005627874458173023, 0.0017723884433827914, 0.006439510164553843, 0.004219207747865732, -0.008065758869456884, 0.004568125961126112, 0.005475048665129861, 0.0028200996832326553, 0.006726843715192382, 0.015065132109670677, -0.003761090512234141, 0.002863018361958768, -0.009113588646354429, 0.02218375112451244, 0.009381789588663503, -0.014270029015532613, -0.010302870789295749, -0.0037855438070164725, -0.005567211436750737, 0.006614497365309721, 0.0023907553928063656, -0.00857190092289272, -0.013213112699402464, 0.001314311920389471, -0.003763466711882909, 0.01448340594496558, -0.011155789592427875, -0.012296566947162819]	1432668322665
[0.004678121010326837, 0.007163578693265744, 0.0028327205768319615, 0.0001034068408888058, 0.0061766712566953584, 0.002220891364919885, 0.0009590893975429869, 0.004299705017378716, 0.0006670915054396828, 0.003997984269484477, 0.01749640019316076, -0.0034652165213499148, 0.014120291276720588, 0.00696569161578032, 0.01138233990877568, 0.0010800861928848703, 0.0029966942425203335, 0.024881923906857714, -0.0016256123733684102, -0.0015744405778179706, 0.006400240982118847, 0.04623569698733742, -0.0015564169995537706, 0.01552149494177907, -0.007141555078635995, -0.01177623452879859, -0.01976260473166303, 0.0032235042681041898, 0.028826742196232446, 0.026790601991061504, 0.04004466716993781, 0.010423716262888778, -0.017002410568854043, -0.02956589190741233, -0.020893982759379176, 0.11853967872563223, -0.014103835208397402, 0.13264270228368047, -0.32207206005810907, 0.5291508101406197, -0.13317450915536416, 0.10132771293365454, -0.0878216511731905, 0.21371811405029398, 0.06145227396791092, -0.04711434930365726, -0.08704664297511915, 0.0911379213797543, -0.016493744143179574, -0.00017934786624138914]	1432668459658
[9.778871987435261e-05, 9.57611067810074e-05, 0.00030495249972291815, -8.120359077994947e-05, 0.0003963935543453448, 0.0004347267333971032, 0.000170852274896428, 0.00010739109553760818, 0.0002348878089832588, -2.212440544854269e-05, 0.0009941767489442933, 0.00016032288808320971, 0.00121588069256624, 9.084112049778508e-05, 0.0005385529116448292, 2.671145201974733e-05, -2.3055036517303953e-05, -2.4846843080342517e-05, -9.041987651905293e-05, -1.2661814863685679e-05, 0.0005705307938572306, 0.0002165557463841018, 0.000498887518461426, 0.0005808757847778347, 0.0003260446830346785, 0.0004913445870980192, -0.00017965540422798174, 0.0007676121234288596, 0.00011185640575322013, 0.000305935872869098, 0.00021749415055219657, -1.701858344832722e-05, 0.0005993316881068847, -4.922567514542726e-05, -6.395400830319864e-05, 0.0004950047927226368, -3.8461628892481985e-05, 8.957575154665791e-05, -0.00041538017957773655, 0.0002779580529362435, -0.0005033035835108081, -0.0003811776208451885, 0.0007515091310490953, -0.00023838824113814618, -0.00014922522332469897, -9.19666447848504e-05, 0.00044943637345765434, 0.0014571128349437582, -0.0002969173542166868, 0.0009036037062286044]	1432668940661
[0.0018040802515798375, 0.00216380071699189, 0.0029440233681900974, -0.0009797820959668712, 0.0027738768053589226, 0.0018925385727735704, 0.0001891381666720201, 0.002399982352593289, 6.239907225498801e-07, 0.00047101169212728194, 0.005540088908143859, 7.120803414858281e-06, 0.005068418682886403, 0.0010973882476351198, 0.003955831991651157, 0.00048002309756394173, 0.0007223432251248451, 0.005117438404508069, 0.000614506052847365, -0.002053500515851327, 0.005469183218708361, 0.009361728258474804, 0.005776200324520786, 0.010290762048982612, 0.008559044144186389, 0.0005812277067924691, 0.0009974127927546695, 0.007644427983342045, 0.0002671584918775066, 0.00035718075860149674, -0.004286195623255502, -0.001255401791747318, -0.0023814026291550418, 0.0026408029454759196, -0.003810619269504582, 0.015170087510928075, 0.004693208258391608, 0.011744017846084098, 0.002728417969415558, 0.004085583664036856, -0.007848847259889524, -0.006391241686764573, 0.026866014389038646, -0.0030092396220367137, -0.007580718621748859, 0.004346180784282852, 0.0004274947002899291, -0.0074037722789163565, 0.0073116590341479725, -0.00039691503242763536]	1432669182657
[0.005846447066592407, 0.01138107949435473, 0.01301177005450196, -0.004209994734242739, 0.08626355552323611, 0.008742062973176487, 0.005681045204798828, 0.0016095789800552474, -0.001402708230382276, -0.011276662933032451, 0.03276419119592658, 0.004205699987893687, 0.0552448548708161, -0.0013861160350730978, 0.06474296016950247, -0.013275579453241256, 0.0007761112939404587, 0.049098898411806924, -0.03915352142279335, -0.03896823558856665, 0.8202113338277145, -0.15696580807337038, -0.02334433672692248, -0.04881829186985921, -0.02040131794715807, -0.02295157297518774, 0.010610588224380015, -0.03623711049123776, -0.008017435552607161, -0.0005966829196782131, -0.009929108013104428, -0.007580433062238624, 0.008940963329379638, -0.0261920251671559, 0.03234013376496868, -0.0732625915891006, 0.03415941670869441, -0.09027366729871115, 0.002354708215602478, 0.02414007454301212, -0.006475601573985421, -0.012218598506262902, -0.004671800553013699, 0.013258590974147992, 0.00011436590710409394, -0.010471959587087793, -0.004077863929738357, 0.005264891382505429, -0.0018111275863354267, 0.0005643590747408848]	1432669273660
[0.002375637260254523, 0.002285107119095467, 0.002315546832340293, -0.0008772228919858898, 0.0030306261158836007, 0.003071720955771128, 0.0013710116411684088, 0.002497827077712386, 0.00106827499627094, 0.0014772287496452638, 0.01375197259395286, -0.001241404674802023, 0.025227684969244654, -0.004855174683677695, -0.001936758902850084, -0.007185137945810632, -0.0002528105473417513, -0.002948449954767333, -0.005171905077796774, 0.0005931095096143783, 0.0031883186655748408, 0.007968609565660714, 0.002499029061505377, 0.02304837079851537, 0.0008167097034897988, 0.014324900156050915, -0.0038262544903109423, 0.01686169372017072, 0.01158747167974237, -0.004258597752076383, -0.011240200672578325, -0.00864912135689014, 0.09408593790666005, 0.011844890494162572, -0.20135345824980472, 0.5156267914296947, -0.04968789033862992, -0.41323503496977376, 0.0015256774508524192, -0.03329970844481295, 0.004522760978164476, -0.005653781092337528, -0.050650617765062, 0.014186134848333691, -0.015634957466647666, 0.0011222583081536568, -0.0347553704213504, -0.0429183011089053, -0.0018840493051425387, -0.04714148397577276]	1432669378662
[0.002307411179314574, 0.000898283311530145, 0.002685288910327222, -0.0001572182826911332, 0.009629807730173093, -0.0005331728835927655, 0.0005564387829571644, 0.0029489835881107646, 0.00042394891052551913, 0.0002996551049657047, 0.0069284351841373566, 0.0009613533291777804, 0.007132842206932431, 0.004187239734413077, 0.0008848728235219262, 0.0008661005427982434, -0.00011122630434441148, 0.0018672081850008633, -0.0003548458212042641, 0.0007702090891051815, 0.0008709537229580663, 0.0169714957192465, -0.0012838703199172749, 0.009886918650534916, 0.011387271003849054, 0.014389300154255392, -0.004775004060842231, 0.020553171636268283, 0.00837403862621552, 0.0053750027580123025, 0.003560855849763644, -0.022816795605218224, 0.0023344966409426854, 0.0022563085122312516, -0.002685819266417008, -0.017649339991437887, 0.0177067561162377, 0.001725705456746976, -0.024078576082328468, 0.011454545051404775, -0.06682304070468603, -0.003714644384312765, -0.0007775149134932479, 0.04275462257685969, -0.012204773389040843, -0.02608160808131461, 0.01804020551393923, 0.029159826405066744, -0.03401624975771487, 0.0011955213007496465]	1432670206658
[0.0002634478184347471, 3.8141101238605294e-05, 0.00015334027585308163, -3.500166788906936e-05, 0.00023600671541443503, 0.0001537132269489338, 3.4415684291977006e-05, 9.469389722989355e-05, 1.4366037092233018e-05, 8.354088273652205e-05, 0.0003458554205721566, 5.479838323796873e-05, 0.0004178727910573008, 7.39579802515268e-05, 0.00023544501384960433, 0.00010955317660267239, 3.4348140394372936e-05, 0.0005367252847645197, 8.24518991324915e-05, 2.7043587009649e-05, 3.382569647006898e-05, -7.538735873769344e-05, 0.00021274985790245248, 0.0006278805247788726, 0.0003519948092495619, 0.00013177084844199, 8.766703450437867e-05, 3.440458413104869e-05, 0.00016015381131924828, 0.00011046972862309536, -8.577140863905443e-05, -0.00024010392295970584, 3.0707555783216334e-05, 0.00020212793555115616, -0.0004242086626458824, 0.0005511670645150334, -1.3354693109610599e-05, 0.0005113621668388454, 0.000210008810006144, -5.667541058395489e-05, 5.421482973781157e-06, -0.00016034747700521286, 7.956303073238866e-05, 0.00010866333291391989, 0.0004498607622991163, -5.220896987197034e-05, -2.5417496896841823e-06, 0.00010196086298400403, -0.0001421957058128095, 0.0002694574436724132]	1432671080664
[0.0021979223146583802, 0.0026407883808235236, 0.0048016787473523954, 0.0004980272103870912, 0.0066649990410543565, 0.006955621256984892, 0.0032191006067846216, 0.01414466894237352, 0.0006837624896066781, 0.003140488103703408, 0.08437159072873042, 0.027486515528525813, 0.08581672915993441, 0.012209426152479831, 0.10531878528716447, -0.001838453542536732, 0.020018588912844384, 0.40376422155773894, -0.0033240558413929096, 0.07052597261581035, -0.05654896526450597, -0.03762168478272718, -0.022016284266498765, -0.08691100181136088, -0.08787371554113958, -0.0053813099729503435, -0.007130518118033456, 0.012836248581481385, 0.006997691278052268, 0.007095544676323958, 0.00011541465219486771, 0.024373298020378367, -0.010519724010351391, -0.0008812088734474432, 0.004621688544802722, -0.0042719051753164474, -0.000492670960559952, -0.009913569323291821, 0.008209020315513335, -0.012809016529697086, 0.004166007734134439, -0.0027609160855003767, -0.001355533507953258, -0.001227641217583347, -0.0001510334136667389, -0.0022654309425635274, -0.00048425039944666073, -0.0002390315783812921, -0.0009160484970426812, -0.0022055673784939136]	1432671643661
[0.0016618052171621957, 0.00029731701164985134, 0.0010785340061113791, 0.00017327574456772724, 0.0008937832585253964, 0.0007499674848151797, 0.001171875970267444, 0.0005199343621547798, 0.0010367677376925987, 0.0005035962904419144, 0.003120126323959545, 0.00020600519296431105, 0.004683334639852586, -0.0005039958361951224, -0.0008901947100333715, 0.0003746584823424448, -0.00039531699178228504, 0.0010372922586616208, 0.0008146666773114147, 0.0008952907242909393, 0.0008536512358082007, 0.0009990063470418757, 0.002260528192211975, 0.0031598361108262714, 0.0006922479250453295, 0.0018896766631402108, 0.0012635814812272928, 0.00013262587279854672, 0.0001028453571956949, -1.6672809549872145e-05, 0.00023282914058045167, -0.0007455701999262998, 3.0187776496702228e-05, -0.0012667467091279226, 0.003149794530290232, 0.006829748938335578, 0.002192955889441388, 0.001473745214285574, -0.002623471037176701, 0.007370470084495719, -0.004997762338121789, 0.007536175027904175, -0.003967855516371575, -0.0038094196700695295, 0.002609997122676558, 0.0019376326180310952, -0.0003104232965526781, -0.0024788669039953553, -0.007933429461359854, 0.009696540059205299]	1432671931662
[0.0018739024733198254, 0.0008047056926626999, 0.0029664272098801786, -0.0009573810964321446, 0.0017121834951142533, 0.0018300476188735319, 0.001599342606897222, 0.0010233667711819423, 0.000575898683926598, 0.0011738779129371155, 0.008374957625183276, -0.001272749198833682, 0.007604171347319212, 0.0008712663163654714, -0.00015367772393842533, -0.00030099443898158254, 0.0004964162595963327, 0.0020593362136377574, 0.001526878601097124, -0.0012480250404961369, 0.003343158759931726, 0.003300410581293416, 0.011849021668408285, 0.008452431043594857, -0.002271267474487564, 0.0007321786890280151, 0.005470974158780777, 0.0012365966296897155, -0.0023355647439773624, -0.0007469712694765509, 0.0002709238822532637, 0.010888318651566701, 0.01046185379331906, 0.011394706798279029, 0.01790083173576494, 0.025288731623945147, 0.005374906457281182, 0.016628701668205893, 0.0016500492565617536, 0.01321451677199181, 0.0033803085941259098, 0.006515353159774658, 0.014883025597254686, 0.002128371312460217, -0.002973145874612663, 0.04092708530105438, 0.007941641387737109, 0.015378647094931305, 0.03210904910307723, 0.01048319149736767]	1432672066660
[0.00026375745581253555, 0.0003772390733180168, 0.0007197335897601756, 0.0008567533177581306, 0.0004222429094549364, 0.0005522786263693183, 0.00022121321234203352, 0.0002500813132259001, 1.5448898899690775e-05, 9.945874829143853e-05, 0.0005222373275729984, 2.544567540772624e-05, 0.00043923322630203384, 0.00020634161407733208, 0.0003515378303537943, 5.461108408516288e-06, 0.00033328968983217593, 0.00046501706574964333, -0.00025989392454893527, -0.0014704491181475007, 0.0002084683479535719, 0.0002155551514004893, 0.00033088820349540157, 0.0010314604214236094, 4.21761458041237e-05, -0.00020049919505272447, -0.00020465776460756548, -0.00040598059935929365, 0.0010638702489972616, 0.0001761393631136294, 0.00046840514761920584, 0.0009050776606790263, -0.00038468661330702547, 5.1089464891407026e-05, -2.5997223901379552e-05, 0.0006240083862835993, 0.0005232582083363678, -0.0001677269652375786, 0.00023870756425944435, 0.0002684553338584029, -0.0001544212398707461, -0.00024527710326635506, 0.0007479275003376339, -0.00029202357412365853, 0.0005027732611221908, 0.00015783130462767623, 0.0007810491598942011, 0.0008919384516944986, -2.6191242838089708e-05, 0.00044307710525680235]	1432672176658
[0.00950579434804401, 0.004371499989980036, 0.007898352067530838, -0.0015812533852677666, 0.006802729164278872, 0.003942527339922274, 0.0037692055213512945, 0.013179223692548595, 0.0021391837639018496, 0.0031426728799314714, 0.022423335877957657, 0.001896571157292213, 0.012098637430987965, 0.007680498194292765, 0.006208617974814557, 0.0013235735480281112, 0.0037548747960348657, 0.013213493496553206, -0.0017210997140762244, -0.009159719432438753, 0.00849475718208596, 0.010632277524435362, 0.01423667366648826, 0.127556159833484, 0.12853072035346538, -0.012879773755280174, 0.03425781222870544, -0.00622030393798111, 0.013954039708323138, -0.067132140141163, 0.006579398202066003, 0.45651940668099394, -0.22810144005306332, -0.036024143229165785, 0.004214506338292491, 0.013577616057435888, 0.037808119142631595, -0.027910038101332756, -0.03204816875623715, -0.020297242890092146, 0.0403860917025275, -0.0040791527997106475, 0.04031352735855813, -0.040725400899668585, -0.054953215625352075, 0.024051367037158978, 0.009776924095548704, -0.07371935219453249, 0.04660141200484792, -0.16394101794281155]	1432672970661
[0.0010785975149150084, 0.0004649718704639337, 0.0003822590089643371, -0.00012598365919581702, 0.0016594332330001418, 1.6912849356430213e-05, 0.0007438062088584281, 0.00021630568527927568, 0.0006910097791567956, 0.0005942119628208951, 0.0008596910640891926, -0.00011015495100780516, 0.0014568897777049367, 0.0005023014532020106, -0.0005392362970075108, -0.0005912368319448653, 7.961712218016314e-05, 0.0003757476555542413, 0.00033733228781073567, -0.00010274228492826903, 5.6579406471868976e-05, 0.0008700744541745389, 0.00021129877716566, 0.0006057771102324466, -0.00031930931421492495, 0.0003778235662880042, -0.00011182135237898864, 0.0005005031669070517, 0.0008452817800858102, 0.00040023424441564524, 0.0005006072236362532, 0.0001071195303723069, 0.00027528726942458495, 0.0005098694764417354, -0.0010011109657308043, 0.0005757219923593635, 0.00012523502484819695, 0.0008293583618653787, -0.00030966913496831907, 0.001396039820413901, -0.00036980840631795775, -0.0011519772800970545, 0.000825754039436007, -0.0009082100876459963, 0.0005384545433754008, 0.0003459583253782087, -8.21067796702421e-05, 0.0005515307024355282, -0.000319683438754524, 0.00022501800214707931]	1432674082666
[0.00181893202389977, 0.0006365868711184925, 0.001278167054962822, -0.0004998334925162127, 0.0011272823349582652, 0.00068964812471478, 0.001588474500475809, 0.0005210762163385621, 0.0005899832345692541, 0.0011214802202215203, 0.002738582237443408, -7.867582600602833e-05, 0.003713304488879193, -0.000154520663471862, 0.000255449043782628, 0.0008640044254079028, 2.687166262777835e-05, 0.0008748584147548859, 8.896416488633362e-05, -0.00010929067166579725, 0.0010197421276508475, 0.0008063157112009692, 0.0016096884973034263, 0.003590562078072037, -0.0008902240957235808, 0.0015425388700726975, 0.00037519487232044664, 0.00036622312407459944, 0.0017441750138891994, 0.0007699778612310132, 0.0005175527029619261, 0.0012260495163945082, 0.0001657068393591791, 0.00022524560810588886, 9.174438475480258e-06, 0.004513844756205357, 0.0031413084262968197, 0.0010381331658290847, -0.0007999014150023542, 0.0027787296008220143, 0.0016767281677043282, 0.0003950695894431633, 0.0014479702918192053, -0.004211106835488093, 6.975489322957982e-05, 0.0045002479099280086, -0.0008399023112119703, 0.004586626803375021, -0.0003423296571303888, 0.0023326406473087083]	1432674412662
[0.0018843129037711807, 0.0017671498176734465, 0.0029144349291659135, -0.001336310687774958, 0.006684134491731158, 0.0027955199635429956, 0.0030174554970173943, 0.0027612311552181828, 0.0014400732401923706, 0.003988037876844161, 0.009695495550888632, -0.002631269009805439, 0.020293638578486546, -0.0018697249813060303, -0.007022733437943474, -0.00283731939856524, -0.00012849755211354261, 0.006767277917662906, 0.002714601543700645, -0.0026525021842518028, 0.001913766897132783, -0.001499731759135794, 0.004578709824409573, 0.004446331137115541, -0.016624369801942148, -0.0013758783121094566, -0.00792662402052216, 0.0190610879145802, -0.0010329308133844655, 0.011311372574493458, 0.012618255311759516, 0.01572877370961216, -0.03697681560826546, -0.028886803398945442, -0.0009517725961195073, 0.04110484416718745, 0.025130106658044785, 0.006596972234434814, -0.028478583757120413, -0.009816812510409351, 0.08201445985630083, -0.035926122351508286, -0.00577626498648086, 0.014268036537239204, -0.14256725539817905, 0.09082523530711624, 0.056204201399729994, 0.12946059171836358, -0.11438241442749417, 0.04734328438760275]	1432674445660
[0.0018634989142993334, 0.0020531720502833767, 0.002915039606758642, -7.181124201725082e-05, 0.004480367197769518, 0.003797927959446024, 0.002338716929280784, 0.023673447557551422, -0.0002427255295217017, 0.0035150211069904166, 0.017595417919203358, 0.00285901514720472, 0.020040974727451404, 0.008181501006085966, 0.020271493238623164, -0.0008079193141492856, 0.0032426679488308115, 0.055710860385536916, -0.003080802871853482, 0.004484459285052129, -0.001960040062517636, -0.0027490403019601534, 0.014295427361953465, 0.11265503218223964, 0.16449212884822884, -0.09365004967551743, 0.03962904859647527, -0.041948553161362916, -0.02132970040082595, -0.016054505519272764, -0.0031711093321014953, -0.07048461551003465, 0.02946885211804154, -0.005483747643324819, -0.007987949307760813, -0.007625801969347754, -0.020560164632287322, 0.00025925246843710276, 0.0035174362827500544, 0.006678243458971242, 0.0003115772589017193, -0.002208037672408248, 0.0029643996637106007, 0.000683623476106634, -0.0005645045000298006, -0.0012356017881073734, -0.00017270271029140268, -0.0004262964330380129, -0.002648126272553421, 0.0023830338695983214]	1432674584665
[0.001070886270439173, 0.0010536981241638934, 0.0011894829010576232, 0.0003316690703977156, 0.0020828227005675365, 0.0021645210816024084, -3.797087294647146e-05, 0.0004741976509031259, 1.543275257898232e-05, -4.348980251197171e-05, 0.002359148222326292, 0.00028252165162285603, 0.0016657224791063355, -0.0001459031200967557, 0.0005399115970209735, 0.0005732166063205252, 0.000421762373891111, 0.0008240475625631038, 0.000465892539832828, -0.002536656054763041, 0.00029511764861105393, 0.0005600766492298613, 0.0015099302928086836, 0.0027360756147532896, 0.00035241296068582204, 0.0011791795373257746, -0.0009460186499732997, 0.006500787909509024, 0.00026455859697721443, -0.0011296775500570825, 0.0014914486438405985, 0.0008913782108856833, -0.0012193291892202806, 0.001330975687569483, 0.0004404776536023712, 0.003348824619574301, 0.001320022449030933, -0.00035432023405748984, 0.0003965311062877712, 0.0014240345245298337, -0.0026910441456340093, -0.0032154338729266144, 0.006852554988871685, -0.000486847705711846, -0.0012354598172819799, -0.0005349982211520699, 0.001990996377520251, 0.002242178142592412, 0.0016464025142054898, -0.001038973519962303]	1432674935657
[0.0031266221588630984, 0.0016114505515702096, 0.0032411374290443095, -0.0011394409748910362, 0.0046546360388371, 0.004628393056161911, 0.004216800241782319, 0.0013030780519954763, 0.000890258723460641, 0.0008728088786179033, 0.0024936660843384076, -0.0005675121075145363, 0.005950217940310092, 0.003879294540287823, -0.0007994701683633328, -0.0005392917118027477, 0.00268224425485521, -0.0031790466048811496, -0.00022313379431827883, -0.0003232803913513601, -0.0016067946485828718, -0.005644297596324178, -0.00012087699699124337, 0.014007710049963797, -0.009200066946158079, 0.0005454993391193314, -0.011022875738481623, -0.01992147772483504, 0.0021551666215414884, -0.008665376557188497, -0.005797539988879043, 0.0021972694386335383, 0.026515919764323628, 0.04069400165528794, -0.011035164983088479, -0.017696960590609677, -0.010671384737561533, -0.010716518443875842, 0.02194345303247712, 0.052791969427246725, 0.018806671177875513, -0.004596943355570396, 0.04765167051801836, -0.0030785203521793455, -0.02442559259101868, -0.019632901268696264, -0.000491023651635928, -0.021978898309930214, 0.10152392229613208, 0.0006638296568475728]	1432675040658
[0.0023125072185851627, 0.0025958537328652125, 0.0020786566324565965, -0.0007230454075204934, 0.005127224454498694, 0.0019349434771449177, 0.0023581360430449953, 0.0013180516209730041, 0.0005853199349077889, 0.002681439950208229, 0.006223983421765072, -0.0019291809159693474, 0.006798994302181545, 0.0005619222808820975, 0.0017145309310775082, 0.0033440322771698095, 0.00017317837816910905, 0.00399128830598512, 0.0013360824010525598, -0.00041662093301455644, 0.003497143739665742, 0.0026304507414363215, -5.492561458638237e-05, 0.012273497452176953, -0.00011821232941424897, 0.006072049371494223, 0.0037701444293639728, 0.005968686655955302, 0.0026707358880375055, -0.00931418626884818, -0.00678069681350948, -0.0003773306494418715, 0.009742551692137873, 0.008834121018037726, -0.002464114004654979, -0.0014135526561394655, 0.016997784516397618, 0.010505902052163446, -0.00933684806058542, 0.0050786055816596926, -0.01273246493513686, -0.004957679230680256, 0.020750399619912298, 0.01166879189735107, 0.012512798785012182, -0.033971205606633456, -0.007747282428114368, 0.041795300949422146, 0.009438730617280847, 0.029760698712029736]	1432675254665
[0.0007211990015983847, 3.7658760817910027e-05, 0.00039752391102642866, -0.0001724117535743857, 0.0002894533801626022, 0.00021427921734083088, 0.0002915489909200746, 0.0002464337357428389, 0.00018425710142041334, 0.00032817959808168704, 0.0014027037057110583, 0.00041234752795367435, 0.001387994993119508, -0.0001511172664696606, 0.0002745446767512786, -0.00016744830735075495, 8.420201405354038e-06, 0.0007244119211452351, 9.092958291409672e-06, 0.00014910368737459877, 0.0006502937074351597, 0.0002444043618897576, 0.00022253308415370995, 0.0008140101162486778, 0.00018474730038660185, 0.0006800464741115974, -0.0003002355400827099, 0.0004761257540386041, 0.00036854431265015105, 0.00027614405553082254, 0.0005002192434364463, 0.00018965563058262006, -0.00011577396497637808, -0.0004603975764964389, -6.506124869186264e-05, 0.0011459538399302008, 0.0008061322937616547, 0.0003264483408203652, -0.0008268477007555007, 0.0016750414450181932, -0.0005877666739922967, -0.00021836259059523057, 0.00021093969955355622, -0.0002326095176733969, -0.0007653923007061759, 0.00021379863595745506, 0.00047366199146142734, 0.0018740600449840324, -0.0007658810872497408, 0.0005300071020754065]	1432675806662
[0.0007689425004911001, 0.00015921056503227505, 0.0005306885444348281, -0.00022611451036220044, 0.0015684612523007928, -0.0004273296588025965, 0.0001148430550468059, 0.00022550767996421173, 0.00018980008902233476, 0.00032885970872276453, 0.0013155954041894756, 0.0003712334144682532, 0.0015420861915948596, -0.00021543110186315767, 0.00027067497679246667, 0.0004886073876625918, 2.4856665333609934e-06, 0.0007807463925767435, -8.099617995736794e-05, 0.0001657634156296714, 0.00045448116882130374, 0.00012054822357921861, 0.0002163369148172901, 0.0006815457132293025, 0.0002499949406167899, 0.0008234268906682462, -0.0003999188030174404, 0.0006338156064658947, 0.0004868337208624149, 0.0003124944861457426, 0.0006685201927738496, 0.0001789860769266195, -0.0001743006047155406, -0.0004041801720559983, -0.00016902039092843508, 0.0011826588632834938, 0.0006644380073254396, 0.0002395733775397324, -0.0006686147170719395, 0.0015198968816134463, -0.0005079376663426071, -0.00019950755028138323, 0.00045476788806523107, -0.00021460815427028603, -0.000927410971231737, 0.0002622577049279453, 0.00046054844579430004, 0.001937970185480366, -0.0007553123558358863, 0.0006284881062195311]	1432676167657
[0.00024921202136515147, 5.5258843927736584e-05, 0.00013528540152837646, -2.2100521759752037e-05, 0.00035279581205148924, 0.00020377830825712021, 1.7040525183903913e-05, 0.0001305685829819452, 1.8385266809905327e-05, 3.645704860955247e-05, 0.0006587115152771845, 2.3123065809965752e-05, 0.0008609318383868527, 9.491986560191244e-05, 0.0004393110727566296, -3.164885067788844e-05, 1.4588644782344138e-05, 0.0005256077282244767, 0.00029654939118565, -4.4702532155294765e-06, 9.292603083534136e-05, 0.0003120231728389775, 0.00031853518837709983, 0.0006457965699787434, 0.0003770110263331158, 0.00064211268518445, 1.790346614207677e-05, 0.0003947477839761329, 0.00039442033427072843, -1.745256402415275e-05, 0.00041023636892493793, -0.00011562655152773148, 4.543840719378328e-05, 0.00032270227080139917, -0.0007190317085134716, 0.001307969224248918, 7.925513922192995e-05, -4.697482544737086e-05, -0.0003253982324779104, 0.00031101688940854763, -0.0003214158453564916, -0.00023686834583638605, 7.16233252730499e-05, 0.00014116921700110588, 0.0003936173645151267, 1.7897425667327526e-06, 1.8051347297774466e-05, 0.000576979095383075, -4.934644337277283e-05, 0.0001868664219503426]	1432676207658
[0.010543654522431197, 0.0006888222871588846, 0.004262396980515268, -0.0021464661272330376, 0.005658736107602847, 0.004453652461074626, 0.017913455602666523, 0.00045545042940554545, 0.005992475499164109, -0.002286877826099548, 0.007585852764565738, -0.00021091547631901412, 0.0074825341123949665, -0.00048184614146410537, -0.0037525015077065835, 0.0065879653467117594, -0.002280835280305769, 0.00953088185867095, 0.0024594004143090858, 0.00038153560303883774, 0.0016791833890603166, 0.021371486962390784, 0.004573491979462941, 0.013928443988172027, 0.012241804997270192, 0.01660594970194596, -0.020820590894130533, 0.01299420639968005, 0.023802063297651773, -0.007351446314324291, -0.03568536392672554, 0.01027768565185133, 0.0021150159531727517, 0.0047268491269253435, -0.010941526086635877, -0.01736131835548409, 0.06613289144136283, -0.002228521505390755, -0.054444316587547496, 0.21820813774013784, 0.0641271985187288, -0.46033354093418527, -0.18714527105167203, -0.17414513676214582, 0.2608048344036558, 0.18012604773314478, -0.0342975053002215, -0.32606033615611074, -0.0028371869526818178, -0.015443908623074522]	1432676453660
[4.1777213049729744e-05, 7.404703134474741e-05, 0.00023693438413112774, -5.960415124618889e-05, 0.0002799879476585202, 0.00039709918350835184, 0.0001302410313547108, 4.058887363175158e-05, 0.0002675968024178893, -5.274173184479264e-05, 0.0005348772451269264, 0.00013124918802737633, 0.0006396779113480568, 0.00017711890236302142, -7.014750312314397e-06, -0.00016048414911461325, 3.843026515550829e-05, 0.00028409552046251705, -0.00010372632427580586, -4.118055790455947e-05, 0.0005087530679558042, 0.00013256398106778697, 0.00047331837361415125, 0.0004573792304921958, 0.000327892287277216, 0.00046494494050554054, -0.00023193288330128616, 0.000465408244638538, 4.6725063802344976e-05, 0.0002435761124555859, -5.4952020965758364e-05, 0.00010943030785279816, 0.0006490992367740835, -6.416805905688159e-05, -1.117911595729809e-05, 0.0004774914007955118, -6.193163796527055e-05, -5.197091387319859e-05, -0.0004024249771736348, 0.000431559590278601, -0.0003113022622515642, -0.00019437863821587643, 0.0010264217608919725, -0.0002227157479399728, -0.0003598936217308816, -0.00024066876016486268, 0.00039687648735493126, 0.0013986416347909311, -0.0005186334095222716, 0.0010748113006621995]	1432676529662
[0.0010348540990445358, 0.00023333287495065787, 0.0005406852748530345, -0.0002631975625653763, 0.0006509390043391218, 0.00039097674685545337, 0.00014866726086113665, 0.0003437242737231771, 0.00024168720620398458, 0.00039116034628844815, 0.0018417471051041354, 0.000260232451096039, 0.0017591119632601843, -5.3853160977158e-05, 0.00010149091602551291, 0.0007091302790058512, 0.00018320966881650247, 0.0008158122354781603, 1.87116495380223e-05, 0.00021063235939526226, 0.0007768452096801103, 0.00038316162563259963, 0.0005585207486588829, 0.001199662163932046, 0.00011927173097675886, 0.0010583890364613214, -0.000505672518573512, 0.0007628225361675375, 0.0006321851177853555, 0.0006417798233431664, 0.0006139906088254787, 0.0007988688391191202, 0.0004865836398809906, -0.00014501867948712584, -0.0002951238058719312, 0.001831256945684773, 0.0010563699214442117, 0.0007398523322193044, -0.0007900848821814087, 0.0027999597030246197, -0.0007503891087715028, -0.00034335356257151245, 0.0005823242449594901, -0.0002595963889025954, -0.0005646107411871984, 0.0006054594595751324, 0.0005175249207114832, 0.003105638245529845, -0.0007740381074387201, 0.0001473689159459954]	1432676658662
[0.008566973687065748, 0.008113497210912354, 0.003661415051970618, -0.002307468382234625, 0.019850711982514264, 0.008561672822539727, 0.02134945059492312, 0.0001701734478941145, 0.00247476147259436, 0.011721628319425055, 0.04771122333213822, -0.03798737602965355, 0.17747639967009557, -0.04676982051311531, -0.19805120696725173, 0.6946136647501924, -0.0010820435674617828, 0.004656559887086778, -0.055794312301596684, 0.0036717840678257563, 0.0034787692675532283, -0.009671696823714599, -0.012944440320374366, -0.01602738810673304, 0.002795435638527635, -0.011905729802317834, -0.008106420572440251, -0.004796861709362662, -0.009835492673273617, -0.001495516617589543, -0.013664847073956942, -0.00020402609918680336, -0.0004048342760976893, -0.008989390595391387, 0.0030773944122284695, -0.003060988562777165, -0.004229947303648824, -0.0037194270953139364, -0.003861338173942365, -0.005890173861302288, 0.00044172673302013475, 0.004951740550161262, -0.0013341755402353518, 0.006687146601507657, -0.0030089387571905464, -0.0010907377781090488, -0.004280868361315828, -0.002962225361661537, -0.0016099172707861459, -0.00022567100565896452]	1432676746657
[0.002049073432786127, 0.001567147895269567, 0.0030442861231580053, 0.0019706447107745457, 0.00203003115764079, 0.0021939814732712787, 0.0009731566408525865, 0.0006431307715430938, 0.0003432080830117502, 0.0007490055795004513, 0.00456309132514012, 0.0004567106616454622, 0.0037035238955944226, 0.00021560669963500398, 0.001362366914140662, 0.0012519338065017686, 6.385033883676753e-05, 0.0030191986015160755, -0.000152337337190827, -0.0006707124836628133, 0.0023509738722523, 0.001131346090055741, 0.001594937992290292, 0.0038388865269747743, 0.0014591087053013499, 0.00288808042492189, -0.0010301009077667226, 0.0072216617974940715, 0.0005164722843437327, -0.0016231758290600068, 0.001173315063212953, 0.00013793244094410204, -0.0006624286061657649, 0.0007178640816291715, -0.0009737725789226955, 0.0016526936571157897, 0.001917678030353775, -0.0007525205633300155, -0.0008876159008871444, 0.004936995979789626, -0.0005464511943689547, -0.002519546067014827, 0.0004442397813098782, -0.0020966756539372903, 0.002524883636036795, 0.00018623604851300684, -8.852042250246883e-05, 0.004045217086302806, -0.002294383837800758, 0.0011475777050640157]	1432676858657
[0.0015288610934120115, 0.0005750352825462883, 0.0004119943611486859, -0.00015086966573033054, 0.0012631960443668148, 0.000720688701165845, 0.0007038616131095839, 0.00024247077209985055, 0.0002260951384014439, 0.001071397781649606, 0.002255136140573805, -0.00020842122881188941, 0.0024343323645209464, 0.0006937036488999203, -0.00017000089187367304, 0.002104755730755674, 8.510955945673569e-05, 0.000472780264188982, 0.0010707318962086647, -0.00035194113884686476, 0.001604777860060854, 0.004706940163007184, 0.001110149772170963, 0.002552954465377556, 0.0006135754262861923, 0.001820868450264223, -0.00013764840612536796, 0.0013380573221098305, 0.0005553272773871686, 0.004720017055631111, 0.0013064135006054768, 0.00014922431097008664, -9.813272657078731e-05, -0.0013820118893544983, 0.000768465986878828, 0.0011627945172865972, 0.00024940940546472595, -0.0012706374332112625, 0.0002342526694714503, 0.0012972258000914921, -0.00036162753696302054, -0.0018342195848600044, 0.000807774635459315, 8.018852508221488e-05, 0.0013733814380056876, 0.00021472203082469868, 0.002263171406225841, 0.0013111767403608731, -0.0009167713667405115, -0.0012247782158702428]	1432676895661
[0.000784616903189283, 0.0011884245046507465, 0.0020447258457874074, -0.0006064484749094251, 0.001287102382583485, 0.0010360122069462939, 0.0007540990850106323, 0.0012770884889630955, 0.0001140318490182528, 0.00041392934308460673, 0.011895375313133472, 0.005798234088541457, 0.001586759222521092, -0.0005133037964818295, 0.0020113593499786137, 0.0006593187481051431, -0.00024239137498576496, 0.002578450316584021, 0.0009019425361276064, -0.0012847350396496652, 0.008915025085952126, 0.00012146499790203112, 0.0031521597772788544, 0.004612755640756386, -0.00048641191780817247, 0.000623149634773424, -0.00042388266221992445, 0.008016480712533504, 0.0027149508748658658, 7.846934990235057e-05, 0.0009331598177299572, 0.008130485206308772, 0.009552955155376889, 0.00628212276962704, -0.0013729461801118145, 0.0007222511839451486, 0.003502331364643827, -0.00018725952368047765, 0.003958977792063593, 0.006874705419918949, -0.0008888445372320443, -0.001816136584180211, 0.013660436343088795, 0.0017316794836786816, -0.0006770080142672778, -0.0019467971851339623, -0.0013669631167768743, -0.008874429417081955, 0.008244853806427055, 0.004640254000224611]	1432676913657
[0.0029976591434291732, 0.0022269223767390134, 0.00438843491571887, 0.005015156797785816, 0.0031209385694942735, 0.003213667847251807, 0.000878553026698182, 0.0018896783568469258, 0.0003353656683482672, 0.00030088753243329885, 0.007641252242073741, -0.0014804632766397085, 0.003540771281261714, 0.0012435825385051194, 0.0016409227477616425, 0.00045442273635814103, 0.00038808505933382695, 0.002123520285378042, -0.0003350101986567777, -0.0036620287719057857, 0.0018875206567930138, 0.002167594990459794, 0.00441942207609021, 0.006842515608358882, 0.001682959146991461, 0.0035507488466699545, -0.00065903726331682, 0.01718609452990182, 0.00031014239164725674, -0.004225943405174483, 0.0008454760528063143, 0.002932014616027275, 0.005074372030690992, 0.0016347136579156617, 3.066628290081107e-05, 0.0020214982388669944, 0.0018992804755542255, 0.0010731335703671459, 0.001140405226093178, 0.005517289437442347, -0.0018421204767884467, -0.00015327602308802372, 0.0010414473472388826, -0.00026368052157710905, 0.005215298234878442, 0.0014124160744622821, -0.0001373053701145482, 0.008115820770965702, -0.0011151265551877204, 0.0020661171812247545]	1432677298657
[0.0005117312525702961, 0.0008183520293061831, 0.0005179979796356167, -0.00025582895593548137, 0.0009432260354650665, 0.0008549959248855202, 0.0005260754309379599, 0.0009139423339811171, 0.00023951502159041122, 3.623638682778621e-05, 0.002757846404739944, 0.00015403019261825272, 0.002412228507573649, 0.007165102632646024, 0.0007691411946677754, -4.334343442090043e-05, 3.7853241464635516e-05, 0.001618395011926449, 0.00015585893433553397, 0.0003067179592640261, 0.0009567309555161316, 0.0008103790203939837, 0.0004467977449761185, 0.0012338294825241904, -4.436108622027781e-05, 0.0003048627711983844, -0.00048220428102942875, 0.0007823123065457395, 2.9371043444694535e-05, 0.00010841405979775594, -0.00019302864435739164, 8.037549094461942e-05, 0.0001204333849073263, 0.0003135727909644397, -0.00016517395226004356, 0.0013940564431327638, 0.0012525693427086432, -0.0012441490507074883, -5.029031362719655e-05, 0.0013129457448352458, -0.0006521995476769932, -0.0016300444664240903, 0.0012588094024791328, -0.0007762594469652298, 0.0012286205808190633, 0.00034004181881321083, 0.0012738437726939956, 0.0007631099700031879, -0.0014833719849643057, 0.0008914018609182552]	1432677342660
[0.002552618620719354, 0.0011423361611287495, 0.00497725071119739, -0.0020021213370437626, 0.0025709406363982196, 0.0030175494999813263, 0.0010707947326173137, 0.0030736469890984643, 0.0010072103031007757, 0.00032515310219781847, 0.007675204586387421, -0.0011156573465800012, 0.004655598142801564, 0.0008023340311067805, 0.0007919623812240376, 0.0005991837421562775, 0.00022589567318474107, 0.0012092666662102689, 0.003021464698881548, -0.0003937924052776055, 0.0036593770645748126, 0.0027242867536316742, 0.10768863652141443, -0.019946101402585327, 0.0013067957519060933, -0.000265359570834803, 0.00133552605719415, -0.004448513500271411, -0.004697147453136992, -0.013961282556868735, -0.00706023301390553, 0.005798788263207074, 0.004686065767809137, 0.0016970386199455032, -0.01138153698743287, 0.0046642117393776265, -0.0032400906280265836, -0.0032220415456210827, 0.0002573479025009114, -0.0022072759739398934, -0.01028060622325833, 0.004263563091225338, 0.0028845564379010266, -0.0054684609062435035, 0.00043359667751380245, -0.00037670277401699343, -0.01536477878406762, 0.012612542680146659, 0.00413666363007286, 0.02196546663081811]	1432679438661
[0.0016970528822466094, 0.0013223244412076296, 0.002709033521772278, -0.0006402445475688398, 0.003108586700848443, 0.004349923941967957, 0.0012745787360062492, 0.0021242499654827453, 0.0006365873792868645, 0.0006222796522892496, 0.006727099369364906, 0.00041336000154109477, 0.003337758812659587, 0.0030379900699203147, -0.0001665059783732122, -0.00022704774011691572, 0.0031102440754110857, 0.0004234152114452984, 0.0026049548237448887, 0.00122554178701093, 0.006974827914326851, 0.006495153312481506, 0.06579807697303708, -0.004785862854824484, -0.0011708788951674764, 0.002536952543867195, 0.010409308918973521, -0.009271154585327276, -0.0046984769851464965, -0.012151723682169862, -0.01797265380428157, 1.3681058883859323e-05, 0.005320062095920455, -0.007935405792201972, -0.006052302458297449, 0.003765794927105822, -0.00890066597866781, 0.013866428798456029, 0.009211119979896648, -0.024880868590132027, -0.007492572190028203, -0.013896189134964276, 0.053477891236127804, -0.0357293796150465, 0.06158313742469953, 0.031230008812919118, -0.011431649239445884, -0.002398618045930165, -0.03278360086049695, 0.0034816287035230984]	1432679442665
[0.026714167549465484, 0.01870392898982859, 0.018770792701634585, -0.009442590969562166, 0.06454527096242184, 0.106704589908008, 0.6232831193736543, -0.038950592236692706, -0.02390467479981713, -0.023115357063301357, -0.019689178889286486, 0.005693773352118005, -0.01322082833657935, 0.003888656956403023, 0.005004903493079082, -0.015724044464360605, 0.0020581083563419255, -0.009098807781983206, -0.0009251238918397996, 0.00016857671988100212, -0.013735112024718856, -0.0046118279490495835, -0.00888270110970228, -0.004194300321830234, -0.007976804001622028, -0.0191155276455604, -0.011207317554594516, -0.01549797632270954, -0.020961490906999516, -0.0060505638183299066, -0.001949088781537061, 0.003311779090615399, 0.017656807484348707, 0.031164927073765513, -0.00876116272512569, -0.013603078945282865, -0.017733996369003815, -0.00948667197213202, 0.02135583438565129, 0.039986161438807066, 0.014216663698334199, 0.002857750048491473, 0.03902702163817711, 0.004047151984905764, -0.02573659784005339, -0.01985508303849031, -0.0030551566628594638, -0.01705720313111954, 0.08563654905326229, -0.00026750513114278643]	1432679658661
[0.564450289892455, -0.09568278869734376, -0.028453459695164433, 0.0025779754313059043, -0.013416067083801346, -0.006824387736742987, -0.01676647347682269, -0.0014615057664947512, -0.003740201572459516, -0.003156424097093812, -0.0031025636502936566, 0.0052043605604877715, 0.0017308285126076844, 0.0012856724439632846, 0.00011593010440588809, -0.0017044912382235171, -0.0006888505936724069, 0.00011106732709034413, -0.0008173019943145891, 0.002873454596821813, -0.000641855812147179, 0.0022241261195055373, -0.0044288395802852785, 0.001891466535066258, 0.007420580549108476, 0.006555758010547312, -0.004006713454797236, 0.010977281492631158, 0.0012886151676620664, 0.0011811100970351032, 0.0010714792536862165, -0.014914342105589498, -0.001194195352787771, -0.001977856775303864, 0.00231913118371312, -0.007956042652856182, 0.003871569501310476, -0.0008526996747064731, -0.018033161358918547, 0.005415556844547052, -0.04058604546977375, 0.005076388823198944, -0.0034897698197806594, 0.02531469151691411, -0.009084589760733267, -0.01638117468847583, 0.007240673269502702, 0.014870060481138482, -0.025717300507809467, 0.008955655332415926]	1432679857661
[0.0010496448501861975, 0.0001789056648867146, 0.0009351795485112237, 5.779376978852624e-05, 0.0008624616334221559, 0.00036613844956560004, 0.0006563607479288756, 0.0002872160165332443, 0.000258408232007419, 0.0004236800815522278, 0.002285740013374113, 0.0005750469498722983, 0.0019871844763961295, -1.309379005339818e-06, 0.000493266079104993, -5.638356273929246e-05, 9.583864215681806e-05, 0.0007754570578828473, 0.0003626645685937023, -0.0004907826623327141, 0.0007184227770290926, 0.0009243152009177507, 0.0012698780832492754, 0.0029843504833870463, -0.0001777173836569641, 0.0012937159156741723, 0.0011074838251177211, 0.0008965988589394306, 0.009383935059126302, -0.00022329784228745703, -0.0012618824508484902, 0.00028295064133341885, -0.00047744615725360784, -0.0008895111921051519, -2.2710312171364453e-05, 0.0008899070461667574, 0.00024145246745428849, 9.341654652275973e-05, -0.0016158247091697482, 0.002074481083095739, -0.0008159067533219434, -8.456707753700109e-05, 0.000693451085993582, -0.0004149418332382005, -3.200234505171019e-05, 8.199773760723342e-05, 0.0005508638018888441, 0.0021867479662276658, -0.0012259919550236514, 0.0009222870146888111]	1432679942658
[0.0036955391060279853, 0.0035211659892753415, 0.00429564547121933, -0.00014768659221797774, 0.006541112288401959, 0.0073506009954213206, 0.015729493664646, 0.0069705146091758085, 0.00017417168555645588, 0.0032219089290428595, 0.031654784321600744, 0.004134027359753273, 0.015537011279581155, 0.0010309976583636337, 0.016369715468149186, 0.003686354669197387, 0.0025322377657490147, 0.04654935556463696, 0.0017817299530514925, -0.00329942945616757, 0.004813155307496933, -0.0027657718936688045, 0.015868030920962773, 0.10721375218991078, 0.12043279809655495, 0.4243075060204568, -0.09756208917280208, -0.11148047141497383, -0.018591665593010655, 0.0006822541650542521, -0.013486610288572821, -0.03197787495798707, 0.0056844601511076235, -0.011303848552671048, 0.004654521661077818, -0.017437832361341703, -0.007048832927849059, -0.0011167731303598147, -0.0023741336041676895, -0.0020056438379862703, -9.302391945968003e-05, 0.0016949295263558417, -0.0019434584801153588, 0.003933290029626574, -0.00038952059297683004, -0.00484998981425797, -0.00025508374085152647, 0.0003635763481894768, -0.0031943117604275634, 0.0011428712308247273]	1432682350657
[0.00015499681652154915, 7.537287979163262e-05, 0.00016031319850563715, 0.00011236253261376262, 0.00019131527914947915, 0.00015375827279250285, 2.680082953137152e-05, 0.00041448765370729316, 1.8488528226037126e-05, 3.667017349283377e-05, 0.0006925402858182338, 1.547736597116305e-05, 0.0003913967724600988, 0.0004694165743968182, 0.0001738311002949249, -1.4747240350392473e-05, 7.344427726006843e-05, 0.0004917623731361599, -4.0362639181967084e-05, -0.000294800688162896, 0.00012775320612195952, 0.000330241168301134, 0.00021806568294481605, 0.001134173421067277, 0.0010746656756800178, 3.222927080796162e-05, 0.0001582891912301242, 0.0005225881279021471, 0.00012958046802667575, -0.00028548104049563416, 0.0001303301647745205, 0.0014209798883530313, -3.4149022918252136e-05, -0.00013750144052844632, -0.0002321009238519054, 0.00038381840086008386, -6.093310415442143e-05, 0.0004259182230371492, -0.00022668368204071892, 5.4844761161974086e-05, -0.00039511337433207705, 0.00013251692473133377, 0.0002218494000649846, -6.870896519229101e-05, 0.0002468089191512883, -0.00018912255312735217, 0.0002472949664026166, 0.0001456719166340831, -0.0005183786310969151, 4.927222665498066e-05]	1432683316665
[0.0013328184087435446, 0.0015958098220461546, 0.002286240510233696, 0.0021896419947292425, 0.0017104406405592564, 0.0014539250263467976, 0.0008125726708747185, 0.0008178609931613066, 0.00022909413393742642, 0.00027994035213707883, 0.003635822577674647, 4.938591611971837e-05, 0.0028941749370432162, 0.0004903715467051372, 0.0017062861556459486, 0.000325544373889249, 1.69433071259422e-05, 0.0010279404576179316, 0.0004028603267105442, -0.0010480068204718246, 0.0011945341456219222, 0.0016795896388260498, 0.0020203777940888713, 0.004593053342597729, 0.0005480179496748575, 0.0022421424587468985, -0.0005449304706229857, 0.007150674826795376, 0.000604046884109619, -0.001647629930222753, 0.0004710788875041054, 0.00019390894555601978, -0.0002962142476570136, 0.0005742507495637891, -0.00020932297794837258, 0.0022320555955632243, 0.0017981083861390362, -0.0009694760619117168, 0.0005514599479093115, 0.0026602079922884935, -0.0011028711483908745, -0.0015718862731028441, 0.0015367946521269962, -0.0007373751078812542, 0.0026548839705523974, -0.0002474972771045906, 0.0014766826740025604, 0.005044359527203205, -0.0010389019473793103, 0.0012388770659820985]	1432683472664
[0.0002667620711162416, 4.723353513753405e-05, 0.00014449589925825073, -2.067940727569365e-05, 0.00018846308129031374, 0.00021475257398057462, 5.886890930945076e-05, 0.00011563643036191878, 4.974283515550577e-05, 7.131230348585992e-05, 0.0004212824454160146, 9.87743069620268e-05, 0.0004164415530982376, 8.98735668195225e-05, 0.00038721995407511563, 6.604486438148404e-06, 5.3512393162136025e-05, 0.0009436190373328901, -4.010003609095787e-05, 9.297104774721403e-05, -3.9657325195627496e-05, -0.0001392842112074311, 0.00029979638517561516, 0.0007951187466835802, 0.0005174756582486408, 0.0003136447566161972, 0.00030172052188110545, -8.396357957252671e-05, 2.7947602873972243e-05, 0.00017154417641574931, 7.405695522568408e-05, -0.00031567695276112095, 3.967278025365541e-05, 0.0005149403889750428, -0.0004668823637318981, 0.0006678481732103459, -3.579216705028779e-05, 0.0006604875097762713, 0.00029013962472505605, -9.019515592041493e-05, 0.00026006902010668794, -0.0003023571903883819, 6.926706789811514e-07, 0.00013653703838303134, 0.0002832412159366945, 3.872108068501116e-05, 6.318017382426546e-05, 1.038702509584968e-05, -6.765056363171527e-05, 0.0003426291690406625]	1432683784664
[0.0007106451314580382, 0.000102481160216034, 0.00044054306378896147, -0.0001723065640736239, 0.0003390560112249432, 0.0003030542880255048, 0.00023145216607436037, 0.0002925777967877178, 3.2775445179610597e-06, 8.823146980532015e-05, 0.0008797876472685154, -5.0280996848888963e-05, 0.0008118535938542354, 0.0002363731896371763, -0.00010669865181433905, 0.0014256590745481243, 4.0875680705710505e-05, 0.0004943162972724978, -2.358420090566095e-06, 1.9042187253823692e-05, 0.00012199827034525688, 4.278844043031234e-05, 0.0004942784501596804, 0.000910559604813579, 0.0006488052171356742, 0.0009324075816732788, -0.00015729268049637936, 0.00025446652826720766, 0.00011982107148622342, 0.0004952132548081317, -0.00011265902784849664, -4.31676961880112e-05, 0.00013037313307284382, 0.0005777020661596137, -0.00012181093055721794, 0.0006776747883793352, 0.0003303958218436491, 0.00045186937592765276, -0.00037884697688422234, 0.0007708090085711763, -0.0008865939451607464, -0.000473644326592758, -0.00045488037891659315, 0.00047356084191137844, 0.000981245668634153, 0.00010841864481468524, -0.0001959974451358505, 0.0009087731797297595, -0.00010955162889803411, 0.00037034008424753043]	1432683785658
[0.006292596174228782, 0.004138046372212984, 0.00586811183195938, -0.001852821625208611, 0.008808459128585829, 0.009308610707244029, 0.03414378201114977, 0.00017071003933859046, 0.0032738905971790543, 0.001218363820708614, 0.01816581406606792, -0.0011613190361934957, 0.030280150915663776, -0.004298737901532268, 0.0018995783880903063, 0.0015921978111886486, -0.00046002306458313533, 0.0032086443450423793, 0.006282709417623708, -0.0053825799652207395, 0.006812396608842941, 0.042465940102866875, 0.05309004616729214, 0.12318063268355267, -0.04440690794644531, 0.03332447119929724, 0.15276023662389912, 0.03126873525946587, 0.8181673588414896, -0.06831472196652957, -0.16248448289530112, -0.05418301186092638, -0.041123792183967445, -0.0293950167191959, 0.013050324186767624, -0.06723279746882065, -0.07097437435588538, -0.054574072418993626, -0.06345263069000598, -0.029553957359106257, -0.001895095770048082, 0.019763395429503096, -0.006774024960037371, -0.01753972824559766, -0.019639730552862344, -0.024723204947458704, 0.00022514839490559463, -0.009258138793732234, 0.0007256731873080946, -0.005684824473128665]	1432683969660
[0.004642428492505283, 0.003582787061092503, 0.003729381159723768, -0.0010412690244661835, 0.005896357185143161, 0.005465376493053768, 0.0035578242118274356, 0.008607820558750959, 0.000930679153131829, 0.003057992829013106, 0.01851008358387839, -0.003416216615116381, 0.0258625789710911, -0.0027905099015642816, -0.002055763518094871, -0.006732497132977211, 0.0020107765004834205, 0.0022284429307669906, -0.00019217786316407705, -0.0002725073579299463, 0.011568861833865348, 0.03855597513483656, 0.0010167258991139992, 0.02926936957560188, 0.008434043970580429, 0.012656396180372141, -0.0028354188476860057, 0.0177768971870859, 0.016966432920875445, -0.00603089441608216, -0.007582579720853241, -0.013951268046045134, 0.09833553362996607, 0.019979839578271485, -0.20446541854699918, 0.5018710197003474, -0.06322197536001019, -0.41084993263106856, 0.005421087061367359, -0.010886044562039841, 0.017950250137874803, -0.007496219356514533, -0.03498991003038166, 0.03577580467501023, -0.016445378553879713, -0.008147244100505793, -0.024294662751460642, -0.03141347357741268, -0.02257447675010036, -0.05494626716981752]	1432684295663
[0.0007144826589869044, 0.0006317826590428923, 0.00034644485062092456, -0.00017216753433659814, 0.0008699912575452956, 0.0007997834559142216, 0.0006644354270200309, 0.0002382319696946287, 4.2166427077490915e-05, 7.727297347107896e-05, 0.001153647617896439, -0.00014196429576141155, 0.0014947872692967004, 0.00014411812858235312, 0.0009951934747756204, 0.0003893188947979457, -2.3257399091986087e-06, 0.000233729816555533, 0.0004919686321198893, -3.6697382601532404e-05, 0.00021052974095358548, 0.000640619586453055, 0.0007053618231519756, 0.001514297779461269, -0.0005056563098159087, 0.0006031277666324025, -0.0002965859393948676, 0.000690563238315655, 0.0009213933165187667, 0.00043491546896631453, -8.195691604368944e-05, 0.0001792736315950624, 0.0001558490294739933, 0.00012995838278356746, 0.00019053078490667162, 0.0018483513468163897, 0.0011400821053146877, -0.000516988013287203, -0.00028473428135798436, 0.0007189508296786175, -4.832092097865026e-05, -0.0013662759809291165, 0.0011152534959180467, -0.0007631926404520805, 0.0005026316923111615, 0.00024054305965124617, 0.0006100147302786124, 0.0016297086283546406, -0.0003424567309048096, 0.0004377444909537328]	1432684570666
[0.00022658019083743292, 8.611043400217021e-05, 9.008176904207763e-05, -2.835946576530521e-05, 0.0001563387802419115, 0.0001676734375864231, 8.579612229033949e-05, 0.00010687829632058519, 2.042567427792973e-05, 1.530411810662023e-05, 0.0005876969023274629, -0.00015431421146624015, 0.0002933957456407092, 7.433096312004596e-05, -3.9611798663949724e-05, 0.00023084289877962766, 9.63076424986536e-06, 7.293376591709634e-05, -0.0001164695517552203, -1.1720262067771929e-05, 0.0003362798322846101, 9.292416988715837e-05, 0.00012803328536210778, 0.0002598405068026229, 3.4514073624217923e-05, 0.00020442843325514196, -0.00014665124334005685, 0.00037538101837088185, 0.00021778550509931157, 0.00017852799925574824, 0.00039882843148755835, 0.0002575272847937234, 0.0003371342743144678, -6.328783738642191e-05, -0.00011252470611891766, 0.0006434215177518562, 0.00010355317880966346, 0.0004745950341119224, -0.0006857934816600832, 0.0012753021037790549, -0.0004607023046867144, 0.00012287083094177494, -0.00010733138670867134, 0.00045206674966450587, 0.0003579287779881495, -0.00019818565635191287, 0.00031206813210390283, 0.0006848991578993275, -0.0003170474257179438, -0.0003184624433542961]	1432684888661
[0.0018790131910078678, 0.0005517471895186348, 0.0007721468662787975, -0.0004265304341070567, 0.0011111020364086976, 0.0016760822796235762, 0.000893129795989111, 0.00036998492824856044, 0.0003492830703850242, 0.0008033994481903258, 0.0022995257234283304, 0.00012936848357673162, 0.003196310399724249, -0.00028789619364305216, 7.132804669489068e-06, 0.0002254412906881937, 0.00013702217861936527, 0.0013242851040977221, 0.0001313350028935346, 0.0002959725351913683, 0.0009471180472992117, -0.00023902958969370565, 0.0015985372345041343, 0.003604792017887231, 0.0010511426581285548, 0.007696983675268456, -0.002110718133525402, -0.0008113713169654671, 0.0013827753029416357, 0.0004407407838218024, 0.0004658373969196189, 0.00048342784597532124, 0.0011900565807594697, 0.0008549003859583753, 0.0007233779070580661, 0.001125287399140217, 0.003476381796252897, -0.0008822839926869319, -0.0006549057212460553, 0.0022772167270753243, -0.002345902146462527, -0.0009862334133087403, 0.0018928634226685272, -0.0014791016913481946, 6.210836722988825e-06, 0.0015025233403044595, -0.0018317950728786191, 0.0026467887980381813, -0.0008336991555749237, -0.001756401429206005]	1432685364664
[0.0021807479660742204, 0.002206794634275368, 0.002441788053364329, -0.0008872176309514102, 0.0031251991473182587, 0.003453049819044434, 0.0008207898494504336, 0.002545247339401552, 0.0003450555062703594, 0.0006398772660128922, 0.013850783232361654, -0.001369239167770496, 0.024367589719283635, -0.005097205157681902, -0.006939853372235321, -0.009006259122572875, 0.0002020222125803627, -0.0005221152361531596, -0.0011931085554946776, -0.00047662864609985986, 0.0041390371088802285, 0.009456842528582478, 0.0023842482603725406, 0.025804684407018136, 0.0025776870116151545, 0.016625336289895227, -0.004950768170477709, 0.019492990687054904, 0.013166845571698066, -0.005119106967237504, -0.014140383294772983, -0.010825736679883017, 0.10967636749851545, 0.012093491877000095, -0.2353947591018911, 0.6030637309072779, -0.05797423550077204, -0.48399593727242013, 0.0017456824573542158, -0.04047807434958066, 0.005845741328661355, -0.004333928462567065, -0.06034036780031936, 0.01506150292155062, -0.018579226647783206, 0.0011996512316942802, -0.041193096813636886, -0.05423844129292735, -0.002330883452256186, -0.05419245944986608]	1432686168659
[0.0009995812770192392, 0.0021952008677917226, 0.0016631592047271554, 0.00048705739455458724, 0.0015033447085977681, 0.002097443127393824, 0.0022245714241817373, 0.00029840405452295993, 0.0003791915912426472, 0.0015178779237919814, 0.0036590456365412937, -0.0004637010043731295, 0.00463168691398631, -0.00023054634101120054, 0.002018824627099257, 0.0001859651782224823, 0.00029856047742102867, 0.0013969367547833858, -0.0014207556967978255, -0.0026086843939414103, 0.00037660600789530657, 0.0021738700013347605, 0.0059942793826988855, 0.004220864396089651, 0.0003856260096407859, -0.0009134297706415847, 0.0008725433907736512, 0.008251475764538135, 0.002503139628059751, 0.011945117834231253, -0.0008641761396766271, 0.0016570332398662864, -0.006216812195058909, -0.007086386018085342, 0.002888356603041552, 0.007619812411308286, 0.016408553323118732, -0.006352738612515698, 0.005761686332455732, 0.015116819106830695, 0.0011975508955828153, -0.004477684218312733, -0.014416897888201077, -0.012929742959972183, 0.0012068555686224089, -0.004799949566893624, 0.0102214002890047, 0.014939879341608581, -0.033148589118833414, -0.0028128830726955336]	1432686338660
[0.004239274980335678, 0.0018033987167248055, 0.004714532504099855, 0.0003180752197290595, 0.012264878548716716, 0.0005133135697369888, -2.8517656851364602e-05, 0.003705759686835288, 0.0005297234315601165, 0.00021134716286751743, 0.010256067190552266, 0.001068561434475905, 0.0093346056475043, 0.009102235285477092, 0.001617329121832847, 0.0007822636404643921, 2.6942726704103137e-05, 0.0037296572942767045, -0.0007209675009396582, -0.0023933867842385994, 0.00237693474919365, 0.018017554999581017, 0.0037162048583871134, 0.0210504041395537, 0.020495486106510565, 0.00925148731218681, -0.007952452661694464, 0.025601506795203573, 0.007161115742999336, 0.007614221116504077, -5.300393106497415e-05, -0.02007196841245919, -0.0044252189222338785, -0.0017432952166168063, -0.007698064590219074, -0.02014737245666373, 0.03085591665329375, 0.001835390604712623, -0.003301482740287007, 0.011260217013130706, -0.07063869020100517, -0.013192580223361804, 0.006948519324758853, 0.041367638275622585, 0.010026999973836801, 0.0017886318073759215, 0.001659250028967094, 0.040124238088092144, -0.04856944184997609, -0.011784603324961552]	1432687205659
[0.0012591338873505595, 0.0010176594668378429, 0.001869697881699865, 0.0018688216432500547, 0.0015469125175631164, 0.000980148835066633, 0.000454494629322558, 0.0007810338295862201, 0.0005702594395465994, 0.0002868505503612375, 0.003634263111188186, 0.0004041070973673221, 0.0032907115886344276, 0.0008348041191559007, 0.002047849858557718, -9.413141250450127e-05, 0.00016541340603969825, 0.0019115680805882095, -0.0004854527542741538, -0.0021613029115541437, 0.010358167864341837, -0.001064016425586902, 0.0013560021997988615, 0.003036437278687198, 0.0009276796679492418, 0.0024113232434125635, 0.0001719536171216223, 0.008546736935565668, -6.312388295078157e-05, -0.0027333531073266784, 0.00032316541495450857, -0.0013681327855264592, 0.0019377916836416816, -0.0003792816336247528, -0.0001646706304215478, -0.0009821395732912128, 0.0011295757689840573, -0.002163217014249256, 0.0003385354995002505, 0.003362885267165168, -0.002440685502863625, -0.00013383700612510562, 0.0019942931260791526, -0.0017098951728552526, 0.0019792672382647146, -0.0022733956996363863, 0.0022250733364404347, 0.005573888695431155, -0.0016561627713594157, 0.00347482864690011]	1432688155658
[0.0002365569214052477, 3.370696978818248e-05, 8.537579641377301e-05, -6.084528083826937e-06, 0.0001251310717318749, 0.00014695712388567399, 3.835728288690318e-05, 0.0001332840159629836, 1.983217920801874e-05, 5.777720359060242e-05, 0.000299605732014072, 6.019364839863552e-05, 0.00034357546782674245, 4.478011181732731e-05, 0.00019070296077638603, -3.322395904903034e-05, 3.305190416825087e-05, 0.0005057710982112565, -3.660122630035721e-05, 4.086780823768242e-05, 1.2119723734167618e-05, -3.5551168348961506e-05, 0.0001799476902547243, 0.0005567732328886933, 0.0003084614840820218, 0.00012756283294317085, 0.00022295944919446974, 1.3405306211271745e-05, 7.142669725513326e-06, 0.00011977177670996092, -1.498546054026064e-05, -0.00016631952506916898, 3.0522639400993866e-05, 0.0003533467740822836, -0.0003873533536229209, 0.0004415869061437223, 0.00010435882928204445, 0.0006204060912504063, 9.688606527856503e-05, -6.72911652761146e-05, 1.9848824376403506e-05, -0.00040833488990402595, 3.904648513398915e-05, -0.00010710462880100783, 0.0003791438979195751, 8.760997693797272e-06, 8.409732940459677e-05, 8.29175215035912e-05, -0.00013033000263695511, 0.0001851318100976555]	1432688614659
[0.0007418517536129898, 4.485070865034567e-05, 0.00041791398691580945, -0.00018544310458781853, 0.0003586764620008638, 0.00022843342383264975, 0.00012215464456081433, 0.0002551903138529312, 0.00019610493912876133, 0.0003318311514532702, 0.0012877031727957168, 0.0003116004817952943, 0.0013633304476774173, -1.851615802182149e-05, 0.00036066310379604245, 8.40554022875363e-05, 1.192938986925129e-05, 0.0007923016665453092, -1.9000214491785296e-05, 0.0001547040805942934, 0.0006725085279237619, 0.00018736080523214086, 0.00020238141207416045, 0.0007007606091515644, 0.00021689733055307568, 0.0007862219354033126, -0.0003646796016080051, 0.0004730767301381532, 0.0005968199169281394, 0.00028202482237363514, 0.0005438255310669205, 0.00021722040449777594, -6.190784809078484e-05, -0.0004023516811006695, -0.00015212990975293564, 0.0013646272732282154, 0.0007025505240454375, 0.00024192283791297253, -0.0007906688669072593, 0.0017027763244059765, -0.0006058363835568899, -0.00014158282409215063, 0.00016597016708097106, 3.060730498936012e-05, -0.0007857697078681102, 0.0002527375710952509, 0.0003643211484944214, 0.001886452611504276, -0.0007805626840594634, 0.000636791515117279]	1432689578662
[0.00040868423185697983, 0.0010596180133004562, 0.000502087029671591, -0.00026250851426996223, 0.0009698639873062636, 0.0011223351584033585, 0.0004518962671950198, 6.941570451266751e-05, 0.00010733159798208947, 0.0007601980729533058, 0.0018552179612499559, 0.00024238684167947737, 0.0029984609254588524, -0.00021183270298523468, 0.0036637908787125707, 0.0004454897691643646, -0.00029306273727582586, -0.0012060922118533447, -0.0005420905137005657, 0.00015044470329290017, 0.0004356388389395059, 0.00022102633826347426, 0.0010136031251743785, 0.0016705806322021963, 0.000157990568213232, 0.0018786892929042846, -0.0003858902745609884, 0.0008329362607885018, 0.00010813067427217756, -0.00011876933977529383, 0.0004292897010981245, 0.0007612652801364744, 0.0002456442213443967, -0.0003573274112012077, -0.0003732041885640979, 0.0016938651497512783, 0.0017443056702941403, 0.00023617578394853807, 0.0006139232402870057, 0.0009184799633670703, -0.0003394921335641243, -0.0007078390558509073, 0.0013555405022970452, -0.0005387907695119204, 2.7184508079060963e-05, 0.0009208013800065532, 0.0013382639754481339, 0.002079750208152508, 0.0015363803970042003, 0.0011018626931980026]	1432689869666
[0.00879658268227167, 0.012685151313721284, 0.018775075662460956, -0.0017437011776974044, 0.1595541924156092, 0.3639795726020713, -0.08355230729935274, -0.01596941074868442, -0.0064868374437923445, -0.06452322168817072, -0.018246523938893297, 0.004869052625454705, -0.012879207705209198, -0.0014735907695709973, -0.008438651313792645, -0.0042510346685143705, -0.0008631186511726979, -0.007830153919752312, -0.0012526140483958993, 0.005163072735846343, -0.026304707871441273, -0.01918704605014452, -0.008384081258927702, -0.0058356699356547186, -0.0015581995042495576, -0.002011806727590074, -0.0006777754616411578, -0.00246369237407415, -0.0016617600510219377, -0.0012167363386647403, -0.0013158233312197485, 0.0005760026782960362, 0.0005574982976983502, -0.0063594239517458994, 0.005506129788715282, -0.009126078186903796, -0.007858605298938988, -0.009965870032510017, 0.0018275273964496882, 0.005027340192288706, 0.0009984699615383041, -8.128944916470075e-05, -0.0009066123930171808, 0.0012290884944032227, 0.00041003664867918113, -0.0008837646955114487, -0.0026350758074974614, 0.002051481484361667, 0.00030356941138346864, -0.0024410737907765256]	1432689977664
[0.002425306334286455, 0.0029254076400117793, 0.005378406599791997, 0.0005732593670893714, 0.0073878312523626135, 0.007764222192441239, 0.0034689709989763344, 0.01610081734849932, 0.0007632511722408011, 0.0034416559891338166, 0.0955618591682518, 0.03136337196574739, 0.09745741829361709, 0.013781984493263883, 0.11982228256817955, -0.002071189200455578, 0.022799496157950905, 0.459876165927147, -0.004051653706916359, 0.08047490654243776, -0.06452230217163905, -0.04350481370314355, -0.02552534600639239, -0.09938870174210723, -0.1001835372129778, -0.006762129173826136, -0.007781222095599442, 0.014050603277380789, 0.007845414854545135, 0.008168170205704827, -3.403931093860561e-06, 0.02735906936511961, -0.011920048821066686, -0.0009050767481414035, 0.005573270749843283, -0.0055583113858061195, -0.001200765451968307, -0.011039458845189996, 0.009606502380344491, -0.01506524959183965, 0.005296438247358604, -0.0030225946073090377, -0.0013516675700905052, -0.0019456347455881176, -0.00023079027956916491, -0.0024248718614288405, -0.00047227238863968194, -0.0012212302020763676, -0.0007221993018974945, -0.0025788437669287422]	1432694717660
[0.0009457246430664574, 5.4195886662985795e-05, 0.00043789571385220754, -0.00011440610892974729, 0.00039286879992741504, 0.00018332140771721767, 0.0001826781110345759, 0.000410513013481216, 0.00024255629331184055, 0.0002976840373600302, 0.0013688838899582345, 0.00020077317305237992, 0.0012364718260946125, -0.00012006172428947403, 0.0006722168170674096, -4.6219809924880526e-05, 1.6936676289290924e-05, 0.0005592006678860586, -3.069522795407183e-05, 1.5313983473792812e-05, 0.0005038700480038253, 0.0005660192876497092, 0.0007133710044604376, 0.0007104648590824101, 0.00017115181535157497, 0.0007174585882693526, -0.000436068792931978, 0.000561881285274503, 0.0006512196165574818, 0.0005294419040204101, 0.0003330956108221217, 0.0002928989424706231, 0.0001627736785759878, 0.0001649637907673046, -9.270642656190452e-05, 0.0012445731482078905, 0.000514885555768364, -4.4568579014394095e-06, -0.0008252266227016397, 0.0016742858066649184, -0.0006893189475574752, -0.00023233312290001922, 0.00026310236297015147, 2.1076586718950774e-05, -0.0003838839320171236, -3.8114850606143526e-05, 0.00020646279345390203, 0.0019315588262021097, -0.0006505227888449828, 0.0006514480202105144]	1432694720664
[0.00023525087435898498, 0.00034019943763200297, 0.00065896352239246, 1.4491563933776212e-06, 0.0014580184747111308, 0.0007371331792046578, 0.00030740157077145257, 0.00012085248034331897, 5.4752792725113234e-05, 0.00010301244621462692, 0.001492604485534359, 6.554483601724344e-05, 0.0013563146888102846, 1.1553171591965848e-06, 0.001012380503924881, 0.0001230854400716822, 0.00021801771680046302, 0.00044291109978827366, 0.0003244866712480984, -0.0006099190478336275, 0.00048631937258311625, 0.0037678499244751243, 0.0006839128244405044, 0.0017708680094174127, -0.00044711798403964645, 0.0018209368602095622, 0.0008872497327851596, 0.0013703086960083716, -0.0004321626099139141, -0.0006574279288983773, -0.00026823992183969093, 0.0006219869073361083, -0.00016496699806499402, 0.0004329430522307911, -0.0005794091738168262, 0.0012171090461057445, 0.0027189290559972426, -0.0004404417415425923, 1.0194791658272695e-05, 0.0012889070095013393, -0.0010319113918530387, -0.0021043558096434595, 0.0021025920617155983, -0.00045720012837119865, -0.0006301149902090091, 0.00043614137333674696, 0.0015440102650518099, 0.0006316437449418291, -0.0007084841648029122, 0.0009037725245201456]	1432696162658
[0.002607308540588391, 0.0008340421270317996, 0.001743204253609743, -0.0009093467153312823, 0.0015143444023186926, 0.0014250109329855328, 0.0030486121981109127, 0.0005221000751360273, 0.0008260927235857772, 0.00044454913042805093, 0.0038943440260507736, -0.00022369003495298508, 0.005058241204496309, 0.00028161198027153677, -0.0008453498357138631, 0.0004169173588066089, 5.5627787158984094e-05, 0.0008279344786657026, 0.00018668610234176536, 0.00016836859732693673, 0.0011078930027874963, 0.0008966094819589057, 0.002077271638503066, 0.0037037021113460193, 0.0005026346149175925, 0.002074461884610209, -0.00029529756783807797, 0.001571518031840603, 0.0007428556283408982, 0.0017543783400840306, 0.002463913288000072, 0.0011823718897203913, 0.001467334380391378, 0.0006803753004992026, -0.00105406817122041, 0.005237944121133616, 0.004652724848281696, 0.001276055610354986, -0.004169344454937336, 0.0035225395110745506, -0.0011169332853687877, -0.0002607944210280578, 0.002090643676748205, -0.0035683833589896683, 0.002071886000841862, 0.004066436548213711, -4.481429918453888e-05, 0.00877819781855401, -0.0009709807645637429, 0.003350318396700377]	1432696538663
[0.0004292841997927842, 7.663334355620993e-05, 0.0003771863743540169, -0.0001635413678709177, 0.0006455406222900115, 0.00015710017010511928, 7.262236692971087e-05, 0.0001279593075479446, 6.120354933424605e-05, 0.00045263264811782743, 0.0010753237514327012, -0.0007457947774727758, 0.0011977478635204488, -9.664964635461255e-05, 0.0007219427086539847, 0.00022278321395861295, -3.6215136068312547e-05, 9.340228607327423e-05, -0.0004953654023465223, 0.0001645041921107092, 0.0007582271974147098, 0.0015310490185795422, 2.846921557614372e-05, 0.0005676382981136089, 0.000224429815009349, 4.095037763080778e-05, -6.701056369875358e-05, 0.0004570619527009359, 0.0006501093719699361, 0.00048479802469929907, 9.787370352831781e-05, 0.00013950885246645893, -0.0002453940891818244, 0.00034494950154271404, -0.00043748339671721405, 0.0006706709441219408, 0.001465633874146599, 0.000414876316489161, -0.0008531700916068585, 0.0006392795029187612, -0.0011373226017236274, -0.00022764779309688296, 0.0002793028972067171, 0.0002994835971822805, 0.0008788156827332959, -0.00019136078570789025, -0.0004854380795612786, 0.0002452838365906879, -1.836560455230267e-05, -0.00028628208327193666]	1432696915662
[0.000864555640264516, 0.0001554658270285125, 0.0011142697502365727, -0.0005294704921223828, 0.0004918240925289773, 0.0007245730644682313, 0.00028070531505567997, 0.0002901992236724663, 0.0001513841462032772, 0.00016721395378454536, 0.0015702079271239548, 0.00022848290515213286, 0.001999691488472022, -0.0002028358898880434, 0.0007881326167138431, -0.0001286402309208609, -3.457981798422896e-05, 0.00035700135636712837, 0.000556633635001093, 0.0001565920302935244, 0.00045184736847220084, 0.00016009358901519706, 0.0010240305620257595, 0.0018251123713613122, -0.0007089461465943785, 0.0007083328255653066, -0.0005162648419517967, 0.0004640568344608318, 0.000220889571638653, 0.0006430206490190226, 0.0006223612227746569, 0.00024332654997671015, -2.8418169188875974e-05, -0.000651072418885022, 0.0002788806433311659, 0.0009710482477042087, 0.0010674280808358162, 0.0001720922996928906, -0.0002819847955586801, 0.0015092942919462428, -0.0004942741926458595, -0.0003941716900560904, 0.0006391771798363223, 0.0002439403440142976, -0.0006360157014000715, 0.0004875709934166328, 0.000550126950898739, 0.0019051991172717156, -0.0002863616354317697, 0.0008341990797089973]	1432697214657
[5.8055758937807834e-05, 6.734899674731151e-05, 0.00022214272973960917, -5.5628863740719535e-05, 0.00027375512114081215, 0.0003924670201999787, 0.00013256634494754633, 4.154112153807449e-05, 0.0002470110672217005, -5.0090358714896786e-05, 0.0005178366608191863, 0.0001199086489752833, 0.0006159563694610152, 0.000164250687683288, 7.280115947306539e-06, -0.0001480085487773427, 3.684105111668092e-05, 0.0002843523611271973, -8.722462327355673e-05, -4.5080796454648566e-05, 0.0005277584915392978, 0.00013505043001274552, 0.00046655344692921, 0.0005049438320173588, 0.00036284852663050996, 0.0004508193830098907, -0.00020073888785740904, 0.000443056285604421, 3.650169533866193e-05, 0.0002486453568722661, -7.854998883759352e-05, 0.00019601189484510972, 0.0005692723608541634, 1.4337518941003746e-06, -9.379907034985133e-05, 0.0005261976586003269, 4.8728261167187484e-05, -0.00010164522819818503, -0.00040703366827904544, 0.0004115450057681292, -0.00033308788203743206, -0.0001765778315574473, 0.0010095308247886593, -0.00023294425405802842, -0.0003388768374970129, -0.00018794384807201893, 0.0004032516671740789, 0.0013473360172268872, -0.0004985258015705394, 0.0009489556389253866]	1432702059665
[0.0034147995212384587, 0.0022173801883060332, 0.0016068184226336623, -0.0006655454437992891, 0.004279795617922842, 0.002018053344337252, 0.0026485569722038663, 0.004527143856690747, 0.0006824971176530172, 0.0010835748960154172, 0.009734961786785706, 0.002099244928945376, 0.005409684453555789, -0.0033424172181610603, -0.0025577187463068723, -0.001925149395451349, -0.0031127170942500896, -3.0136649083568795e-05, 0.0009842971161669468, -0.003943775596527427, -0.0018230720475803067, 0.005604237398685191, 0.013339218830099812, 0.011902449406545085, -0.007854424773063752, -0.009549915448058055, -0.008410486936600348, 0.01696451163634194, 0.009522041995041891, -0.002569277919933392, 0.025888862659629044, 0.04320162568492671, 0.1394489341146005, 0.0019215407775444151, -0.022066488911899336, 0.025663336035093194, -0.01793793724964573, 0.13715333403767577, -0.05114089502693493, -0.02855733752303585, -0.007943832225779856, 0.0014116735631563614, 0.0778490707098609, 0.05080325997539623, 0.13925787208253992, -0.13992222608075075, 0.39393399909745136, -0.10161600584729004, -0.36614614759415187, -0.2223385927745646]	1432702348661
[0.001486023565036025, 0.0014929521271639812, 0.0011739214537285106, -0.000588215907015054, 0.0017577676775341756, 0.001059632117368875, 0.0013601330221118975, 0.0006106163132032505, 0.0012977135373976496, 0.0016913766294055972, 0.004427045507878176, -0.00043828285923933974, 0.008253256826247527, -0.00045092974880358986, 0.006998599000013614, 0.0009138668498515483, -0.0005892770663864148, -0.003583294459637488, -0.00593904244166623, 0.0015997471606368349, -0.0001163269260812619, 0.00025484154851826895, 0.001971021844321582, 0.0029903325985988377, -0.002189367474675889, 0.0012936890117684339, -2.6791147815574193e-06, 0.0010542628214573184, 0.0008074368046201934, 0.0002592568923767061, 0.000884431499599466, 0.0004688891138978797, 0.0012303301117087854, 0.0022206978071013872, -0.0011566495956088513, 0.002201995058470134, 0.0019392274673249866, -0.0006177693277496005, -0.00020801079217623786, 0.0017716184873744006, -0.0018199141886711175, -0.006017327320490597, 0.0003082799706950081, -0.0011650775456204284, 0.0016426900296695292, -0.0008559810654605187, 0.004853231558372347, 0.008282843467145475, 0.002944981979897705, -0.002321414531419348]	1432702412662
[0.002726147232225044, 0.0017452547546720576, 0.00223214674286568, 0.00045054179002644736, 0.004901569469361992, 0.00533901337465855, 0.002082295923560091, 0.0013009887317282, 0.0015528051712568128, -0.00017792096092186907, 0.01030873385522056, 0.0025693739168696065, 0.0015754894185741417, 0.00011472839140007913, 0.00021953629182137297, 0.0005293151440371763, 0.00045931603852214574, 0.0011119727461378402, 0.0002198604199916372, -0.0012277457510268953, 0.004459041839332331, 0.004889121956588092, 0.0008818941604528909, 0.00526034094683101, -0.0011540589084555978, -0.0007350120244584839, -0.0025926620609846847, -0.00041427518816425016, 0.004825863753772996, 0.0001963625701985667, 0.0023342460561280834, 0.0001979831159090424, -0.0012876065463735646, -2.4035702969295868e-05, 0.00016321878972198433, 0.00509265066166719, 0.00609653788516157, 0.00021416832210732913, 0.005445501356590404, -0.00434218474047509, 0.005897512478209424, -0.003286197621979189, 0.012024476692537076, -0.010407127955763878, -0.002212895019956786, 0.0022604686808730718, 0.007102605081128702, -0.009314721095728359, 0.003012365967652238, 0.0013120701707065962]	1432704726660
[0.0026161777752845895, 0.002451713758921505, 0.002711671066973106, -0.0010163570180829883, 0.003300954022867774, 0.0033403587245221062, 0.0014500195188144422, 0.002678001997291989, 0.0011629933595947864, 0.0016134886292092894, 0.01495554680569953, -0.0014245865886964926, 0.027458091896454154, -0.005302761757812186, -0.0021932822942878354, -0.007827264960849518, -0.00025925170147067923, -0.003157609276064081, -0.005635036087527671, 0.0006007902762149647, 0.0034679798373476373, 0.008618478598176752, 0.002748634375903321, 0.02508717897993655, 0.0010041019305970348, 0.015768757568947155, -0.004193868313256341, 0.01823594485858196, 0.012499144027515986, -0.004789842017273317, -0.012208369778905678, -0.009427059793905195, 0.10229776892053813, 0.012770724270073839, -0.21901198320564802, 0.5600880487114599, -0.05397941955976345, -0.4488682826894663, 0.0016982236330505903, -0.036217496040754193, 0.0049251513353274524, -0.006005929917697336, -0.05504553543714347, 0.015489783441348054, -0.017092827932994565, 0.0012063252186688253, -0.03762145334083676, -0.04664507034431366, -0.0020160075424848706, -0.05110839284317582]	1432707729660
[0.0026161777752845895, 0.002451713758921505, 0.002711671066973106, -0.0010163570180829883, 0.003300954022867774, 0.0033403587245221062, 0.0014500195188144422, 0.002678001997291989, 0.0011629933595947864, 0.0016134886292092894, 0.01495554680569953, -0.0014245865886964926, 0.027458091896454154, -0.005302761757812186, -0.0021932822942878354, -0.007827264960849518, -0.00025925170147067923, -0.003157609276064081, -0.005635036087527671, 0.0006007902762149647, 0.0034679798373476373, 0.008618478598176752, 0.002748634375903321, 0.02508717897993655, 0.0010041019305970348, 0.015768757568947155, -0.004193868313256341, 0.01823594485858196, 0.012499144027515986, -0.004789842017273317, -0.012208369778905678, -0.009427059793905195, 0.10229776892053813, 0.012770724270073839, -0.21901198320564802, 0.5600880487114599, -0.05397941955976345, -0.4488682826894663, 0.0016982236330505903, -0.036217496040754193, 0.0049251513353274524, -0.006005929917697336, -0.05504553543714347, 0.015489783441348054, -0.017092827932994565, 0.0012063252186688253, -0.03762145334083676, -0.04664507034431366, -0.0020160075424848706, -0.05110839284317582]	1432707732663
[0.001392398814190606, 0.0016121203641033049, 0.002574405625211195, 0.0005067671624608237, 0.003045609343518868, 0.002042017083745394, 0.0007971167016755365, 0.0014421469514892932, 0.00019636757434253615, 0.0010283070773539334, 0.007260809526813327, 0.0009838784894885381, 0.006071305835180478, 0.00219721609361729, 0.005330277557492543, 7.776192051644287e-05, 0.001459596540198899, 0.0113886406720432, 0.0002881502290156002, -0.0037979950118059384, 0.0035308109909758328, 5.688807975905334e-05, 0.0009581888920654915, 0.0021772345482942786, -0.0012346366160267783, 0.0015100196637696656, -0.0008966090302703844, 0.014509372263856587, -0.00037271661155800426, -0.0029749042100650804, -0.002202712692545636, 0.0011712492672741252, -0.001148304490795935, 0.0021406268747337256, 0.0009291015286373524, 0.002200729266583053, 0.0004363898451008375, 0.0019924493419503585, 0.0018917850857248031, 0.0010671701612620244, 0.0003163023204255795, -0.0005385318323087552, 0.00280077921382089, -0.0026422794592721338, 0.0008766089428111763, 9.518239475874954e-05, 0.0011667811512465938, 0.00032831805087665854, -0.00032259763273459555, -0.0018184326885896946]	1432707908665
[0.0003442219700855997, 0.0011083382464930024, 0.0004255102313136154, 0.00019522882435437118, 0.0008812005229920245, 0.0008562137036667464, 0.002156601684761644, 0.0004280873157113891, -4.636193457674269e-05, 0.0019004070757134533, 0.0008308748889192664, -7.876371723539402e-05, 0.0014707949990136224, -2.642013984813074e-05, 0.0001767003617685627, -0.00032786805131072047, 0.00016576259916190134, 0.0005760850512090563, -9.741691286394769e-05, -0.0005435903581628113, 0.0009434543719358552, -0.00012558803344229504, 0.0008166391582148606, 0.002692014832146465, -0.001263197292699229, 0.0004648799999711095, -0.0005928548217232948, -0.00037901411906340605, 0.0007303755312247642, -9.390770521506865e-05, -0.00029815553943730486, 0.0006700682124630509, -0.00025590251316832393, 0.0008566448698527741, 0.00039041972369010115, 0.0011940286773300128, 0.0012651245164312433, -0.0009592902600965062, 2.1265306338102292e-05, 0.0003926872373237902, -0.000655971377561365, -0.0008462547993559788, 0.00012562733618632372, -0.00045502821853964944, 0.00033092488656041267, 0.001726705859337221, 0.00041710831489806527, 0.0020912655837563225, -0.00041036652538017985, 0.0021182757494747615]	1432709379665
[0.0031739294030496954, 0.002446000490045314, 0.003474726642217111, -0.0007948478323627799, 0.008640151015216311, 0.0026781521781811335, 0.0007825831029121625, 0.003996225010259799, 0.0005172915431334455, 0.0006849061292908455, 0.016289039248046745, -0.0005038367221153144, 0.026604228498999054, -0.002246145232837787, -0.0060027544564707, -0.007998806706378012, 8.990378164573553e-05, 0.0005891390571249942, -0.0012091101733292065, 0.00014346609724083257, 0.0041236700582161665, 0.019097529838837106, 0.0009403374945756787, 0.029323054752469973, 0.009224061896299075, 0.024575456598339457, -0.007512027381279501, 0.03057052653381651, 0.016976202442544577, -0.0014387314693084846, -0.011303897131129618, -0.024803962862772633, 0.10376304907599522, 0.012562108457950489, -0.22179393293514596, 0.5528490318419873, -0.04351315121402698, -0.45198398419512037, -0.013208771125807584, -0.031158647918152677, -0.036118136787709976, -0.0070215633159953226, -0.05769759462532397, 0.041461124932300336, -0.026200101661220485, -0.01552296743899499, -0.027426222734081844, -0.03298815103880311, -0.0235275655960259, -0.05051961590776809]	1432718926659
[0.0019752393295302964, 0.0007715668346809314, 0.00146301334393408, 0.0006201911966192232, 0.0028638024558140717, 0.0011247874895161367, 0.004240654113795847, 0.00022014503249649924, 0.00044597854167192615, 0.00018967601924495953, 0.002923079643807947, 6.757573710003147e-05, 0.0007126911284917989, 0.0007764643778443598, 0.00019295803945888602, 2.4075446556423677e-05, 0.0009231627330106029, 0.0006391539456740404, -0.0002581918672420184, -0.001401896705753663, -3.1103995885568236e-05, 0.0005660825456919258, 0.0015103541582842657, 0.0036169116536040407, 0.0002386863730974362, 0.000541220693441364, -0.0004950864996404726, 0.0012109823488920517, 0.006492602605735383, 0.0012306939684962714, -0.00031569019922492793, 0.00026504694780172476, -0.00040930588771541447, 0.001037811066391896, -0.000967120187166385, 0.0018432449751044277, -0.00043575515390201555, -0.004326471921760314, -0.0008267467675509472, 0.0025338574720562166, -0.0007372156400652523, -0.0009236334655024949, 0.0011453184552305156, -0.0036582770719132654, 0.001235959805606679, 0.00034753219496702907, 0.0002650058669655002, -0.0022827572818195007, 0.001091180898722187, -0.0025999480651812345]	1432719755659
[0.002113453076344254, 0.0009413719477478145, 0.001228191476598575, -0.0006506633414448143, 0.0015645435132331058, 0.0017231531203549676, 0.0035041842965136323, 0.00043342609468758014, 0.0005487044336979799, 0.0005673243256987325, 0.0032879034098821456, -0.00013001388957824318, 0.004390643203516724, 0.0003424891930818558, -0.0007086585540412893, -0.0005358475771471882, 0.00010545024347997585, 0.0008492958399040795, 0.0001714465522735127, 0.0001931346261977466, 0.001188950010186896, 0.0006679772878152245, 0.001742687210191729, 0.0022706610433946145, 0.0006949196641823826, 0.0020906629587575196, -0.0015618107315901306, 0.0020341216652688763, -0.00040292907901740243, 0.0015895117921057521, 0.0030076893213631874, 0.0008981025472847948, 0.0012682105393760105, 0.0012220827818509297, -0.000778222546100041, 0.0036025342879485263, 0.0035035084418497528, 0.0007087491110753402, -0.005182670625245987, 0.002753441586335879, -0.003828411016152865, -0.0026950294760593866, 0.0009756128049419044, -0.00023712715627264064, 0.0012966369621546377, 0.0009009875575528657, 0.0017463599730673403, 0.007954256731717823, -0.0019502777157827606, 0.0022365892035512325]	1432721737666
[0.0029784773315630806, 0.002183791610260833, 0.004034865298831609, -0.00035130816125787266, 0.010920321492214521, 0.0026860081784728165, 0.006081370130987833, 0.0027767895057783337, 0.0006378498493797949, 0.00244617918513671, 0.008412099647608133, 0.0007139503343636109, 0.008557280775767095, 0.003843424869221079, 0.0008478715948496738, 0.00170526135455377, 9.790624272154499e-05, 0.0034875917665593914, 0.0006675484283888087, -0.0001249315890187805, 0.001692388632040636, 0.014796968089793576, 0.0015243493314960172, 0.012399386625987798, 0.011947700693231563, 0.015470292052579531, -0.0034644199058635203, 0.018659059669685025, 0.007437432029568444, 0.006367274388414733, 0.004261230690844899, -0.013433044008214127, 0.0014006099841394858, 0.004610921062020713, -0.0028064793846790297, -0.014656155220015638, 0.02259896815727146, 0.00025176796433265514, -0.019848538078403997, 0.007414261359369146, -0.057479929199041456, -0.0052495487065124585, -0.0017572429337895552, 0.03587789477941532, -0.011885065510542988, -0.021320072795878577, 0.01571530790864435, 0.02592637094735874, -0.028080871698185766, 2.3679366869569932e-05]	1432722247660
[0.0019542369166958675, 0.0023458493658088378, 0.0038355822464701183, 0.00012074755760843793, 0.00527951109015718, 0.005552409784065416, 0.002304275257428388, 0.010257714284442257, 0.0006006437218263906, 0.002036790706686764, 0.06135781272346893, 0.01955995852859637, 0.06273393524058565, 0.00887851076467525, 0.07655128578448714, -0.0011573463248403402, 0.014378715596887375, 0.2909124492412953, -0.002018789457038945, 0.05092846842586439, -0.04038690885366763, -0.02739400954623127, -0.015564006580020162, -0.061599354409119345, -0.06403257555590497, -0.003682172111660122, -0.004974877112273571, 0.009488184656892145, 0.005057182378517485, 0.0055481368469951905, 0.00014538167695017615, 0.017171081439087927, -0.007271317129169714, -0.0005828484674929474, 0.0034467235158278054, -0.002196627520224118, 2.3295607987961042e-05, -0.007422717147381267, 0.006309611849089237, -0.00972482780622541, 0.003033464902618125, -0.00349581437705032, -5.023660379522098e-05, -0.002038104227870273, 0.0008685211053855684, -0.0016568286683130405, 0.0006498569793168355, 0.000900505042216749, 0.0009896153640441205, -0.001538710373743643]	1432722714661
[0.00019457349608608548, 0.00030648637841831656, 0.000600737728551036, 5.458765198665575e-06, 0.0014016659289252174, 0.0006004940443002365, 2.7415246027703104e-05, 0.00012354552853427824, 3.052952511937681e-05, 9.60580733965751e-05, 0.0013145137133990551, 1.7414420394467e-05, 0.0011300632045675636, 3.3567745129591395e-06, 0.0008148491475927359, -8.26791472731119e-05, 0.0001888328285829655, 0.0005278222630164764, 0.00013974210151503826, -0.0005593071271692493, 0.000564233775016619, 0.0040314153123706545, 0.0007002202449980788, 0.0015966544558624095, -0.0006062517416763588, 0.0015380239396043222, 0.0010956848093642163, 0.0011411559431672648, -0.00045726860392492275, -0.0006409634530490676, -0.00026935600914043597, 0.0005371588586710453, -0.00015449081180505516, 0.0003855334933488185, -0.0002494456876543153, 0.0009110825694845767, 0.0025367457640134354, -0.0003582952324343535, 6.609909073635934e-05, 0.0013367839369648677, -0.0011338517476961482, -0.0019955565382183842, 0.002219234530919893, -0.0005329411460438327, -0.0007496876407489616, 0.0005783868515150057, 0.0015378447114804974, 0.0005113655864097888, -0.0007501561983621087, 0.0007059209354742052]	1432723466662
[6.729665296746413e-05, 3.855601774935481e-05, 0.00012786183634900896, -3.9258042657228406e-05, 0.0001841463189612081, 0.00017411910019906308, 0.00016647405079498617, 2.5965354987374026e-05, 7.70924880819224e-06, -2.0391784924530807e-05, 0.00029277605485888796, 1.9147385666449993e-05, 0.0003827626259911461, -9.839441988035423e-06, 0.0001583253914398326, 4.8393127019705825e-05, 2.0571217141946785e-05, 0.00016636754475592795, -6.124591955887024e-05, -8.263892133648855e-05, 0.0001450738104198418, 0.0001635506218490361, 0.00018603408244223437, 0.0003058004604357919, 1.8667032558254527e-05, 9.082239410033646e-05, -8.171086068217035e-05, 0.0005825132871641197, 5.721258027990092e-05, 9.617022159785558e-05, -7.756649790107624e-06, 0.00018678348079711367, 0.0005627858359781662, -5.724619949909582e-05, -2.7848819231915963e-06, -3.5107377266463595e-05, 5.0261873837390514e-05, -0.00015271302106162118, 0.00011071927312271541, 0.0003178023208193689, -0.00019348296340525905, -8.031117359255187e-05, -8.390618112196735e-05, -5.208975483029516e-05, 0.00017611584316239704, 6.628633937027229e-05, -0.00015517681050774445, 0.00019289436428418202, -7.724265194513e-05, 0.0001226509641666025]	1432724121659
[0.00046392028073395907, 0.00028868936555118363, 0.0005021702991876786, -6.208522451912123e-05, 0.0009549208910986346, 0.0009017912798774903, 0.00019482908832927197, 0.0006224972797871106, 5.622886585842059e-05, 0.00017663739512439948, 0.00209649121084368, 0.0002769575298067684, 0.0008769671788524813, 5.795367190739269e-05, 0.0006449586164035051, 0.000386504740280494, 5.146612534516416e-05, 0.0007671563348270408, 0.0009364597577184387, -0.00041497841261216545, 0.0011805357377474989, 0.00043752957403456324, 0.0010602002106091086, 0.0020689471892173677, 0.000529015722816878, 0.0026836117553130164, -0.0011411485801467811, 0.0009023589903374628, 0.000515263584029765, 0.0001365815231710086, 6.953791948537957e-05, 4.9692244689699266e-05, 0.0005562396811894639, 4.086826816516211e-05, 0.00021867504780068278, 0.0010134656142978793, 0.0005312004367447045, 0.0005004631778807457, -0.0006401994756970106, 0.0019490914210391014, -0.0012981079387857884, -0.0005437040370083726, 0.0023809948834777575, 0.00010195118179920977, -0.000276255739980536, -8.61916717936662e-05, 0.0002895883056803718, 0.0009688555277659572, 0.00012753891193888688, 4.785882795743604e-05]	1432724886664
[0.0011357007646821047, 0.0004692317730518666, 0.001424034274837252, -6.099466876627158e-05, 0.0011584251627287147, 0.001207327517350513, 0.0007894556115031521, 0.001045291511854833, 0.0004710632886877388, 0.000156065972241947, 0.004317500666014328, 0.0011545552742544562, 0.005005904233763308, 0.0022075696562449663, 0.002022032607045894, 0.0006899376572283517, 0.0001445227930545, -0.0007503568315109148, -0.0008072531451541466, 0.0010266974834638146, 0.0019368035669881081, 0.0017617920247364474, 0.0031201658467647636, 0.008594466921875895, 0.00572823579844669, 0.0018858367688774445, 0.0009734027031276752, 0.002856432116255237, -0.0006840383790762091, -0.0016817541946683827, 0.001760912610853514, -0.002115286586865471, 0.007645367251645353, 0.0011105044933130013, -0.003947316900819054, 0.0012090827272236524, 0.002298911104339871, -0.0026249819077415392, -0.010645807649253537, 0.011541199348411732, -0.018332386651961238, 0.00865858041236508, -0.0016540128683137075, -0.0005775381160243355, 0.0051668906766341866, 0.014214845047811286, -0.01508196358518228, 0.003326325226657691, 0.004107469124625094, 0.012073806604678324]	1432725551658
[0.002921398709012973, 0.001239921189090873, 0.002334570919028061, -0.0009899405964409397, 0.0038132940946745066, 0.0015060062560100149, 0.0022600136741142735, 0.0012531500351311193, 0.0008711134353769823, 0.0020948532490827235, 0.007971535698494247, -2.0296944727242105e-05, 0.005752846785671041, -1.0628398277692826e-05, 0.0052933008361777, 0.001147556122531958, -0.00024653583362681253, -0.0013452120932795977, -0.0005522839616896552, -0.0005150080384878048, 0.0005053737718817126, 0.0006792221200694948, 0.00896892290662598, 0.008130661118465962, 0.005635368560129375, 0.0022912751142017142, 0.0011130081214120256, 0.008337802358164257, 0.006268556983930729, 0.0070535661559173145, 0.007992548532952403, 0.00735782249682486, -0.0017769702065163998, 0.009263831391625994, -0.011611332444443482, 0.02838314643789072, 0.031273115519798285, -0.007009772138897183, -0.01728008190136886, 0.016016957252632344, 0.0025734759166842723, -0.010681437850736183, -0.014543864619689564, -0.02116358350101719, 0.01940698225810674, 0.040204100007863605, 0.03404660480490251, -0.010059853143965068, 0.027138569989723964, 0.013187732512753942]	1432725679657
[0.0007105750550436923, 0.0001145509383981404, 0.0006612682135504733, -0.0001759824033519233, 0.00045081424264068083, 0.00015624046996035843, 0.00020974771048134336, 0.0002480171939784273, 0.00023588462701143621, 0.0003333665735955727, 0.001486819143094764, 0.00022737055251445225, 0.001739619669301093, -0.00015378315246788456, 0.0005878360517544787, -0.0001265872226265355, 4.039754260976329e-05, 0.000676642967438292, -9.316937018810966e-05, -8.521582268352013e-05, 0.0005523470784710808, 0.0005920067888504005, 0.0003980280890442939, 0.0010419789324659298, 0.000593690793431269, 0.0007006011103271189, -0.0004301733402306772, 0.0010380183199420077, 0.0005415846392874973, 0.00017201857048433676, 0.0008070950418525855, 0.00026552117365783253, 0.00012404254334513762, -0.00023850195895264801, -0.0002557161470868613, 0.0009649059081400543, 0.0008736107195952591, 0.0002465704741021304, -0.0007540342127023706, 0.00177451060362421, -0.0008004150184545821, 4.685973274917446e-06, 0.00028667258046252193, 2.8781079382628256e-05, -0.0006529587097724553, -0.00014311600494704445, 0.0005395013571557062, 0.0017515614932612227, -0.0007250540981573861, 0.00048801062368508593]	1432730931660
[0.04666723905960718, 0.06981613681336496, 0.605991216410077, -0.30827118211347415, 0.07822457023388582, 0.3499119251774427, -0.09873090699277849, -0.023744718838525754, -0.012536523681325148, -0.06908292591701264, -0.037647696818147745, 0.008642634075391082, -0.024789493149866653, -0.002842068881599003, -0.01518976176761935, -0.005189470852499584, -0.0017386186731350474, -0.011514857216192442, -0.002884309183727505, 0.011308942215984918, -0.0329637244844924, -0.03773441307761203, -0.01725363832788853, -0.015596260632547279, -0.003010094890629217, -0.005130906974285348, -4.149127460833349e-06, -0.011474957391544804, -0.004236579614032994, -0.0024645597032551896, -0.0036600108948691614, -0.0034041604777260925, 0.00013749940953438461, -0.006492444462036647, 0.00656665058160765, -0.01222707351973629, -0.011907754467522154, -0.011272295977198503, -0.000865529177211885, 0.00028136563914639667, 0.002075403542399562, 0.0015406390474648887, -0.0037160818231158597, 0.005288212942090555, 0.0005306414400417529, -0.0019958408415261405, -0.004619033586872862, 0.0021861083871520357, -0.00020923265885831795, -0.0020393310770588946]	1432731903666
[0.0005142971811910083, 0.0003967612416726531, 0.0005856582027872264, 1.2380685992345024e-05, 0.0012736402879517062, 0.0006137169202182056, 0.0001628024888389398, 0.00014661241398383925, 0.0001142702009966237, 9.780738175145165e-05, 0.0016809007281337412, 8.797561250204863e-05, 0.0014120242010654993, -3.0683934691311184e-05, 0.0006558302997273854, -0.00014861834262835358, 0.00022511295688518515, 0.0007782646709993913, 0.00020701988831189587, -0.0005661154927751372, 0.0006141181948737491, 0.0034505219090759797, 0.0009494643808785343, 0.0020980926311303574, -0.0005470038358310428, 0.0016616863835391827, 0.0005093572317238864, 0.0014389569800339359, 1.7857662797806858e-05, -0.0004952212254120243, 6.659616380587187e-05, 0.0003672567746463102, 2.332450273343089e-05, 0.00048795591973093766, -0.0005821427055852052, 0.0007130505011607899, 0.0023298180323834054, -0.0002306254414809188, -0.0001587173068998093, 0.001676092415777463, -0.0014276159277506412, -0.00179825012215173, 0.0019876088242431634, -0.00033455661504434956, -0.00034253015863640784, 0.001347054594634717, 0.0014422245910663128, 0.0005528676351770955, -0.0007745888618630797, 0.0010302986875428762]	1432732110657
[0.0005092238861106453, 0.0004669007542116143, 0.0010911066549299043, -0.0001786709983042162, 0.0015134061691326893, 0.0008679607976358514, 1.6639481589976564e-05, 0.0005008193577537535, 2.7392728377135832e-05, 0.00011898466990517892, 0.0025083705934015434, -0.00044543469012806155, 0.0015408316048611116, 0.0004085871873241522, 0.0012195363199261015, -6.6624848517282505e-06, 0.00018524017095795475, 0.0007122420091458088, 0.0008378239287703433, -0.0007652256645548903, 0.0008190333838314196, 0.005000809706173271, 0.0012923548861592368, 0.002415470220943767, 0.0001993687146617843, 0.0026107335061813226, 0.0007125945824914009, 0.001783615903302246, -5.529967315178752e-05, -0.00011960762494559661, 0.00035686356331935575, 0.0023696246369838193, -0.00042363213385686045, 0.0015591075800361137, -0.0017028640775467387, 0.0018079400677801572, 0.002498371054036646, 9.623034870609135e-05, -0.0018762826828266049, 0.00419882000279406, -0.0025253042920251887, -0.0013910607093875315, 0.002287522693889955, 0.0007501298033508007, 5.819014282467213e-05, -0.0007269162280081022, 0.0026339625821839804, 0.0015802617957916202, -0.0018253990624592493, -0.00024250759219203222]	1432733718662
[0.002550042726977433, 0.0014527150414189805, 0.001240956216600985, -0.0006374041124808097, 0.002144825416409296, 0.001726294025053618, 7.753013148175586e-05, 0.00036938916974592193, 0.0027967045046408652, -6.0653632134598976e-05, 0.0038253764068288047, 0.0004785395454822466, 0.0023012270941862104, 0.007182019549874205, -0.00012868317074228063, 0.0006827814447819634, 0.0005999343011572381, -2.368297297261142e-05, 2.2658616115521566e-05, 0.0001858897346905332, 0.002820151159189086, -2.7038150273127645e-05, 0.00433491983534949, 0.010520210938881582, -0.003786198575870555, 0.0008875213296118944, -0.004401498677522758, 0.004663837396025868, 0.004544676587089876, 0.003273389329240948, 0.0048658340733329425, 0.0019827913877077594, -0.00678962509831734, -5.687007856011754e-05, 0.004403820812678957, 0.010315017532383985, 0.02036659958236917, -0.002015541317554412, 0.014558695275097252, 0.01665598727950946, 0.004869737576516417, 0.010467571631025565, -0.01940528671861742, -0.009949042215222916, 0.004756669307247778, 0.005266384305047048, 0.02046321161383493, 0.0015012471135384593, 0.005146176313160319, 0.0035891273281740232]	1432733880661
[0.0007588256126785006, 0.00019242506229587752, 0.0005007650958623863, -0.0001861768289239522, 0.000608956536211312, 0.00044561358955978785, 0.00018090300110656094, 0.000321465312472191, 0.0002875216532020874, 0.00032306123407722, 0.00148468083486047, 0.0003984455014906848, 0.0015921153102504504, -0.00011364625782266804, 0.0006552683501395815, -6.909337363993465e-05, 4.084970147378077e-05, 0.0012407054165346453, 1.8291824954901775e-05, 0.0001198871576091071, 0.0007443166568196626, 0.0004548449857778376, 0.000372839438865542, 0.0011423545608225192, 0.0006658135036717831, 0.0007223347916092901, -0.00032444773423236073, 0.0004470714835474306, 0.0004525212173474698, 0.00045742048724840427, 0.0006810064858103789, 0.00019779984725268744, -0.00018026090549758174, -0.0003265358909642617, -6.58263703219163e-05, 0.001401276404995756, 0.000994230066460473, 0.0003781644359534183, -0.000785351972074749, 0.0015914328896483097, -0.0002628516621523593, 2.8452727629148076e-06, 0.0003312960777858619, -0.00027374768140472016, -0.0006796391495627535, 0.00042609901963098096, 0.0005492424637502139, 0.002221051124478385, -0.0008162728909136372, 0.0006595888630969959]	1432734824658
[0.0003347647171318261, 0.0005605282216532189, 0.00045295249469302353, -5.847181255154177e-05, 0.0013574264415964741, 0.0011469208641597256, 0.00011183176440489961, 0.00021249046323403974, 0.000299767085483072, 2.6789093847553952e-05, 0.0008222876302210364, -8.048859998296398e-05, 0.000846929149422604, 0.00011448561169189597, 0.0005704594487903445, 7.921623051630922e-06, 9.555684877556489e-05, 0.0007200507417518781, 5.5369390968528265e-06, -0.00034334551689612947, 0.00037196137571959375, 0.001467149956817847, 0.0006303084286182984, 0.002128777295086825, 0.0018177560359097632, -0.0005121866455532438, 0.00039538664847713805, 0.00011167147349603795, -0.00018512837011469506, 0.0006284700063113815, 0.0003443522366526051, 6.431640535497051e-05, -0.000271917537273614, 0.0006516236054115018, -0.0002037790694450643, 0.0006154755310333691, 0.001150419195876726, 0.0003215700340161809, -0.0004097483127963067, 0.0001943945707334467, 0.000735628333729105, 0.0004872101184903664, 0.0005289504447082839, -0.0007860242906322226, 0.000989609801216309, 0.0007997477738296653, 0.0005448305009473971, 0.0010684033148102548, -2.0291447947183777e-05, 0.0004756121664157801]	1432734831658
[0.002209321896112618, 0.0023695028600622023, 0.0029036346827991423, -0.0010097949739268338, 0.0028587165349628525, 0.002390359187064306, 0.0037729124980621213, 0.0014610900291531469, 0.0010148610728551288, 0.001335368155400004, 0.007479743877036867, -0.0017389435503571736, 0.003225460728535112, 0.0014179431684073296, -0.000710757816092154, 0.0030023754592289433, -0.0016165630048445383, 0.00015464491893240866, -0.00030104912796813664, 0.0007724938462218921, 0.004903067730460663, 0.003756432956934089, 0.006064656588134286, 0.011547848332974656, 0.004301589837493346, 0.002097601198082271, -0.009353908975167611, 0.008074099392754828, 0.010776989746171731, 0.009326465449958219, 0.007953248511045811, 0.00251795050624309, 0.018195506056520098, 0.013575085347570268, -0.00157495976427848, 0.02028775184114961, -0.002396311910953163, -0.005916341550580531, 0.01121937118186446, -0.009139349139060882, 0.0008902670834932954, -0.030424162348875843, -0.007701451716254338, -0.019730903747455987, -0.012122233215851238, -0.016937580628462193, 0.030581305402377038, -0.0013985401969324014, -0.0015749621576663885, -0.020501156397896604]	1432735015665
[0.0007834729866811601, 0.0001898013427563492, 0.000559594026497589, -0.00020422046331827268, 0.0006054905640390696, 0.0005967073912524116, 0.00027282595714486286, 0.0003293697358925341, 0.00024302685869485247, 0.000364522982860454, 0.001865861705435749, 0.00027853370398654915, 0.0017002286423173324, -0.0001158461736988656, 0.0004269954574346326, -0.00015796441261879525, 9.216973400286113e-05, 0.0009474625471268173, 8.952812807564778e-05, -3.2483959434369416e-05, 0.0010687670971452987, 0.0004800545345007465, 0.0007520973458200829, 0.0014680202332205163, 0.0002944329659407805, 0.0010536885672956674, -0.00047552379869516946, 0.001145084197487744, 0.000664119926672011, 0.0003435267408467953, 0.0016202937830540277, 0.0006872938015342918, -0.00040097451882462466, -0.00019070956484470948, 0.00024395100416889313, 0.0016070916621629605, 0.001145624518830085, 0.0003718789182572892, -0.0005661122640195377, 0.002059156971513422, -0.0010626311691729114, -0.0003414404552011489, 0.0013645838684630434, -0.00028365103901586714, -0.0012220493889205874, 0.0004360613716237536, 0.0007249855295604281, 0.001774083092460268, -0.0003829918157575418, 0.0004224959731440339]	1432735060657
[0.002039965540160365, 0.0019926708656007193, 0.005584532871984921, -0.0002713593099060712, 0.003697535129273986, 0.002146590694296582, 0.0009416767739467531, 0.010404574411111981, 8.604034176768163e-05, 0.001574090398304715, 0.016002007162032306, 0.00434181935516593, 0.006843054111467195, 0.004209726114825225, 0.0058619727400454555, 5.4559031405358807e-05, 0.0009447796517269666, 0.01112910896528463, 0.0007636047272758063, -0.006719216494412591, 0.006889291752824899, 0.008374683822917775, 0.008157034640743861, 0.09170140085791292, 0.10344515009465713, -0.023291526149983623, 0.013091576753721789, -0.0019343906596516586, 0.0015207008359121898, -0.06161754703428837, 0.00022577885458222236, 0.3689058688449796, -0.16045493884300516, -0.046188223895169224, -0.0010895335174550109, 0.007391962566659117, 0.011017945106380683, -0.021901264431094962, -0.00541134719757753, -0.013732391635604321, 0.018236807752974156, -0.0046833151581026685, -0.0056261610930458785, 0.0038365961006793944, -0.0028305210861279176, 0.002622788057109631, -0.003938892285006083, 0.00010819859332389239, -0.00035567739910650126, -0.010596753693272273]	1432735951659
[2.8883114879833173e-05, 8.686185659023325e-05, 0.00028955108678610915, 0.00012696666789425821, 5.0132336936469604e-05, 5.558306274483964e-05, -1.8031782154857124e-06, 1.0459203634275875e-05, 3.577882240306721e-05, 1.3148541815331835e-05, 0.00025155559977545796, -1.3787031306752121e-05, 0.00020568623491340184, 0.00010550327216285743, 0.00012070639798023416, -2.059402257951382e-05, 0.0001857216530144711, 0.00017776362902747732, -7.546837582939227e-05, -0.0007255556823357717, 1.0771282742586062e-05, 0.00018233116194753442, 0.0002171891413470598, 0.00032042467891167507, 0.00012334819611733378, 0.0004624020123679149, -4.538765509094101e-05, 0.0013655627953682364, 6.43511677092717e-05, -0.0006033913893906106, -0.00012843829702353528, -0.00012745651876472304, -0.00010269556650496755, 0.00021150721622750836, -0.0002178608077244529, 0.00014016061243726956, 0.00020337441430076859, 0.0003778955921038016, 0.0002981495803874573, 0.00015467897703233497, 5.176929594128618e-05, -0.00014681341778962874, 0.0005157753564536855, -1.5164223701802414e-05, -0.00014064071882231217, -5.101561838756555e-06, -7.723890199235951e-05, -0.00011710213333766937, 0.00020590453140827375, 4.397199407813387e-05]	1432737260657
[0.0019507286471637513, 0.002934031938539249, 0.0025675410422515465, -0.0010436433688592473, 0.0036520357586773537, 0.003904229607465825, 0.01021833815023438, 0.0011537187882926989, 0.0004193323635303782, 0.00019462417324748874, 0.005617317089938731, -0.00039786045456227534, 0.006137435410758395, 0.0029404620521847327, 0.001606123590926051, -9.530941668732305e-05, -0.00018776550688808544, 0.0036215333292041146, 0.00025251219329437924, 2.720641111559098e-05, 0.0025724723235023284, 0.0030148804875614233, 0.004542831744344177, 0.01245221975214244, 0.0046203287732568795, -0.0063537173818035, -0.002325465475722877, 0.0016337678576068392, 0.001539810422394153, 0.0028189595603414345, -0.0007366982567766584, 0.0029496186147816173, 0.01013132585627007, 0.007027973730483546, -0.0006488346948889925, 0.01009207080611253, 0.010414682697086003, 0.007773308398588258, 0.0126270553257956, 0.003453430018426944, -0.002577188602923735, 0.006341696357051242, 0.007910531776658517, -0.01707407011075812, 0.018078310280263087, 0.015805490041293148, 0.004957732504395976, 0.01273041892385668, 0.004641975796036122, 0.011745670329323539]	1432737557661
[0.002316131449709254, 0.0028126306640108654, 0.005115403414836519, 0.0004887623948007932, 0.007128738949531316, 0.007194185089246713, 0.00326396567236213, 0.01497302686532144, 0.0007098667172489615, 0.003203838206095406, 0.08885577714572622, 0.029010925716071705, 0.09050078975082702, 0.012797509857592367, 0.11105296439107376, -0.0018870784358335578, 0.021124109216241513, 0.4259966250118079, -0.0036628074664935427, 0.07444124910509542, -0.05929320588065539, -0.03997564396328566, -0.02328844602560901, -0.0917170589788247, -0.09259462953481103, -0.006152239808043776, -0.007142312848599591, 0.01332186552389553, 0.0076097961595897375, 0.007489513913715937, -6.594656284494969e-06, 0.026047942719579636, -0.011334862244011494, -0.0008944746128735981, 0.004993381265717975, -0.0044880261700464335, -0.000765428575494303, -0.010289785738574897, 0.008978160564424697, -0.01359258239439632, 0.004819575659760043, -0.0029690014860944934, -0.0010953204036538624, -0.001320269651786365, -0.00011164242585472781, -0.002315800881582073, -0.0005650333351737481, -0.0005937919875066783, -0.0005818317495886445, -0.002392327590056006]	1432738866660
[0.001816741410772925, 0.0029646234592217925, 0.0015227686785999701, 3.485343885004834e-05, 0.005348081116734619, 0.007025821811064606, 0.0020458489556475007, 0.0007627509263079239, 0.0006501712127161692, 0.005367264268794419, 0.0050065474548367985, 0.0002151832602308237, 0.003969704872104662, 0.0007977099044968973, 0.002520485626439382, 0.0012785494425839416, 0.0006383003298049352, 0.0005371306422488969, 0.0004782015191302601, -0.0014243499732339451, 0.004904494023402116, 0.007046590887656476, 0.006874221665117045, 0.015997390951389932, -0.000516414929478086, 0.004440343229112153, -0.006777848998436794, 0.00316431080456559, 0.002318436777323285, -0.0022359141628633967, 0.005708836923311696, 0.0074170863931862395, -0.002961143329329051, 0.02747755858523569, -0.00908356155788512, 0.0505764314115772, 0.03919468658703967, -0.04270451134164203, -0.0018648605161330593, 0.053674727812565645, 0.0243085343332855, 0.00397458105030494, 0.016538609657530942, -0.016671771232976293, -0.008173998202225792, 0.02388478897280044, 0.1349162743531095, 0.06680713532380965, -0.06940211835785658, 0.12311543490043482]	1432738997657
[0.0018268844566754357, 0.0006076775695341199, 0.0011359751806017, -0.00040953141013328273, 0.0009679171346876986, 0.0013435220438771682, 0.000550748593402783, 0.00045212570178112524, 0.0010825737417653435, 0.0004293998152791813, 0.0039426409674659735, -0.0008259849531680908, 0.003805893828054075, 4.955628405382121e-05, 0.0005704686594249333, 0.0007024931075054488, 0.00020600882006448256, 0.0012598533313591294, -0.00047633639636432976, -1.182272098330782e-05, 0.0009007582311730407, 0.0005459872611795107, 0.003443233579355186, 0.0036151434008168093, 0.000217959719829971, 0.0012666951063051832, -0.0017427677354555006, 0.003032363056409847, 0.0006128894717242138, 0.0032675645820301772, 0.0016905344970165157, 0.003978962836098645, 0.002179684809705463, 0.0025615820435547004, -0.003283874021796377, 0.0052214374157683804, 0.00394719152244993, 0.0032157122947720834, -0.0036091347434622175, 0.003566374933562783, 0.0011873390854904773, -0.003626816158082118, 0.00060868758303671, -0.0027578233394644973, 0.0036385214028350115, -0.0009864682007925995, -0.0005632252631427316, 0.009491244420105308, -0.004555894004560694, -0.0002686683454747791]	1432739341658
[0.0063245290191032135, 0.009534590530206699, 0.013770331194214471, -0.001229704463017953, 0.11333670093868026, 0.25794145183216355, -0.05804420914991401, -0.011084945827466573, -0.004319029261112026, -0.04493615148530015, -0.011451532295734958, 0.0045503226826391525, -0.008217915480174837, 0.0011472455523465848, -0.006486327365320959, -0.0037371376231392192, 0.001953158634045675, -0.005784097336207635, -0.0005925314160065955, 0.005080990034550692, -0.013810851350696481, -0.009979998467656095, -0.009332363564556417, 0.0035836815988574285, -0.0024993242312042413, 0.0011942327111072418, 0.007519075330289405, -0.007402832885466611, -0.002337599183985042, -0.0030062120932163087, -0.013047305031366313, -0.0023959366500263487, 0.0024455480882472026, -0.012385876539762862, 0.005578654272514402, -0.00639718730094948, -0.012080751565671712, 0.0074693018467545825, 0.009522221302877415, -0.01665911273929901, -0.0008851124876182257, -0.014893691775942741, 0.045326876356445486, -0.02710535477752088, 0.054152067496891325, 0.026655655417737963, -0.0029328853854416175, -0.006244179090559676, -0.03113544217032046, -0.009896644049746241]	1432740135660
[0.0007440653191734681, 0.0015886333041360801, 0.0006206877845967377, -0.0003217431706940607, 0.001332757063138992, 0.0010044652345543726, 0.00038468895443462107, 0.00019246972222497133, 0.0001371340009499424, -0.00018747840854056437, 0.0015488667366701746, -4.1811973056713265e-05, 0.0015068607973806301, 0.0001803230441096214, 0.0010223211580989715, 0.00016515727506713205, 6.380694365071693e-05, 0.00022265053420091147, 0.0005245017690697865, -0.0002123031689754193, 0.0004583551718779406, 0.0024336708768088956, 0.0009474406130463092, 0.0021391243963671323, -0.0003039791298747335, 0.0008076390299589101, 0.00010029633108960387, 0.0010068860919060874, -0.00012676181960005205, 3.089622194709525e-05, -0.0002316336786369231, 0.00019506289644466562, 0.0003905162120107788, 0.00044027922452050014, -0.000167383348825835, 0.001468094331347478, 0.002817066696272455, -0.0001926284799165926, 0.0007951132677987158, 0.0013342621658326815, -0.00037345559793848347, -0.002164920535913087, 0.002023594949533894, -0.001146177538031935, 9.52598433753245e-05, 0.00036014387170093566, 0.0016090330483813147, 0.0009450178157707286, -0.0005469004826593872, 0.0008337397172087056]	1432740533661
[0.00038299113930475307, 0.0003281892669337938, 0.0006938160255411162, 0.00020262172314135894, 0.000815680509722505, 0.0011719817676456108, -3.8196628485552804e-05, 0.00026296024988294763, 4.6575414681677946e-05, 0.0005296807859979829, 0.0014715116034402685, 0.00037951653376388844, 0.000661348296371659, 5.147697277734993e-05, 0.0005580306767786019, 0.00011102694584027782, 0.00024600001362873173, 0.0004928982422464483, 0.0006300107012005304, -0.0012506230268844285, 0.0008458028452378493, 0.0010216922271522886, 0.0002834921722556209, 0.0011417197810956884, 0.0007499691107606212, 0.002130898711172944, -0.0006469614693728837, 0.002051711700572834, -1.3051223476053896e-05, -0.0008349310853653921, 0.0007819001152376111, -0.00021085523937222622, 5.1481972117463266e-05, -0.00014398830494794038, -4.547050927256001e-05, 0.000506774394659785, 0.0001297912453793198, 0.0003739250144757468, -0.0007621433384191559, 0.0016319002894788803, -0.0006612618054017854, 7.85075665088931e-05, 0.0007129499734646318, -1.0308464826585946e-05, 6.745097382265339e-05, -0.0004804923071774893, 0.0007021221938672864, 0.00032487808218269296, -0.0011609607566155798, -0.0001151664095373635]	1432740845664
[0.00024606641138058257, 5.487903942018145e-05, 0.0001355330879601626, -2.176262795776845e-05, 0.00034840374980081953, 0.00020159293669719448, 1.7433267213671817e-05, 0.00013477901821810418, 1.8055719141224762e-05, 3.639251326357743e-05, 0.0006617985555151451, 3.0399795515287167e-05, 0.0008487139513231043, 9.293312892469819e-05, 0.00043414826273721553, -3.1134899070761305e-05, 1.4894978335628183e-05, 0.0005219257395534033, 0.0002924027185976161, -7.1464452795054164e-06, 9.173601326150037e-05, 0.00030805224187592116, 0.000315528431907757, 0.0006438198791521668, 0.0003763458911921399, 0.00063905756142704, 1.743095020338062e-05, 0.00040402881802267983, 0.0003880918842752491, -2.3614629358944396e-05, 0.0004025678685527973, -0.00011871539167076232, 4.707528519984661e-05, 0.00032341523597305264, -0.0007108629187072409, 0.0013038652314465468, 7.963733074464155e-05, -5.7831637704348816e-05, -0.0003116698569512917, 0.00030681854356258333, -0.00031829809799304473, -0.00023596050420134537, 6.726763369077019e-05, 0.0001458275591988662, 0.00039127826374769963, 7.200204780921059e-07, 1.3394487105168435e-05, 0.0005719126004660002, -5.426407448150045e-05, 0.0001829338140554042]	1432743543659
[0.0011995961706975638, 0.0010551616536061948, 0.0021447397425498602, -0.00034061781685124776, 0.003186042267211025, 0.0023006921928439457, 0.000994040047592146, 0.0013360955647987714, 0.00048692692465535846, 0.0007318266789954707, 0.006820517120750727, 0.0001906707390823933, 0.0037498712028328756, 0.00044694348819939513, 0.001191835063154621, -0.00041247271409655694, 0.0003654425073769671, 0.003573292613034687, 0.0005648415048871962, -0.0007915018895325058, 0.000524109480703559, 0.0029121927474234314, 0.004715166881131333, 0.0071626520689512824, 0.006654591662074523, 5.02056798979891e-05, 0.0013416936658623298, 0.003447229294039238, 0.0015711011015156447, -0.0007447036469544351, 0.0004971997561274079, 0.009490305396126114, -0.004041975518761778, -0.000393839256523546, -0.0011111150940896943, 0.003511406287356084, 0.001903737720973688, -0.0007162631207759803, -0.001910574887284457, 0.0014097868401468938, 0.0015880703051474212, -0.002478135059379113, 0.0025426692169711, -0.0014802714543630342, 0.0010872704466614275, 0.0016077773564459295, -0.0015468047765053597, -0.00038848525662843204, 0.0016296477961944239, -0.0018388854169882653]	1432744108658
[0.0008978599152086392, 0.00022631910465885732, 0.0006287983310945623, -0.00018977721771458382, 0.00061878439763414, 0.000248727488579451, 0.0002739175263239536, 0.0005602609773453868, 0.00031929846781085774, 0.0004923830366445207, 0.0021910390131272654, 0.00040493500661246804, 0.0022170313058880045, 0.00024181116589329797, 0.0007291341394266648, 5.293940250166875e-05, 1.0271776670695326e-05, 0.0007714793362605834, -0.00020417472945274327, 6.454453859027917e-05, 0.0008005312129016909, 0.0006396204826607723, 0.0007046654203557105, 0.001979995853589382, 0.0010141413153156268, 0.0021330677369625337, -0.0006325152427154625, 0.0013392548962626086, 0.0011587529817171276, 0.0005228386281167108, 0.00047498187473298675, 0.00017687305130095938, -1.2915469385953053e-05, -0.0002480902961020097, -0.000353233399374419, 0.0014590737081617575, 0.0021544325636611216, 0.0006625325747383159, -0.0014763232017465312, 0.001766286180269138, -0.0025768675905619505, -0.0012002912918928103, 0.00016131468107262437, -1.1062967515674455e-05, -0.0007684628401621987, -0.0006577718081353238, 0.0012843484625266123, 0.003833995268733865, -0.0011762779308609663, 0.0001314378217518598]	1432744387659
[0.0027750173019157167, 0.0019036790242554457, 0.0038616241053129794, -0.0014213091567169304, 0.0037160682170746776, 0.004002084852189505, 0.0014910358319417175, 0.0032791008362997656, 0.0010083017531452626, 0.0007362020906466949, 0.014329554664528578, -0.0010971916486295055, 0.020495899233739096, -0.0033823931590166957, -0.005239649641894531, -0.006353685788469944, 0.0003854206256257852, 0.00027616725318269737, 0.0005625800331912968, -0.0007705736796621103, 0.00588569440291035, 0.011142923059526357, 0.049864317812796155, 0.010415624173692104, 0.0022417601127054047, 0.012332912953947457, -0.002927805476049156, 0.012746098198321591, 0.008041608468125868, -0.010570078446120438, -0.012658257138370474, -0.00502305819393676, 0.08088208449495099, 0.009525894660529177, -0.17493612865372163, 0.43508304153308236, -0.043833323456698395, -0.3502878192854918, 0.0014002616850262474, -0.030230117144844682, -0.00019425020195160605, -0.0019927010433764174, -0.0413203329820569, 0.009366895876945535, -0.013820097118151561, -0.0005411215163801174, -0.03500258437671838, -0.032387865716815914, -0.001219487500729182, -0.029105106404208988]	1432745163658
[0.013002235759978048, 0.03570816732781008, 0.1324108860463137, 0.26265498851701663, -0.00803172183952516, -0.002644143959821272, -0.0003407877928199197, -0.00015490012293252383, 7.622178363966102e-05, 0.00045122564379369975, 0.0023568521659139883, -5.2307243556468206e-05, 0.006689468629377901, 0.002095217815442811, 0.01045660207772598, 0.0008356947195087723, 0.029262506530160538, 0.009517449871130942, -0.013509560191842603, -0.133825261419223, -0.013124653029244343, -0.0071389084681107995, -0.004431460002852633, -0.013138876277675194, -0.01017950982977034, -0.0099988813667996, 0.0032840427322809, -0.06079419035491573, 0.009001227328278143, 0.023130214022072892, 0.004937354669508439, 0.011591157729467857, 0.0025725307238061075, 0.0023390596899637056, -0.0010487980655175164, 0.011749993617452395, 0.0011243472224109104, 0.0007074786053809581, -0.00021840984491267756, -8.202327634333642e-05, 0.0009057742155876426, -0.007753039780794429, 0.0026714600195268706, -0.0001361604791324785, -0.005185933785633608, -0.0028080042789965765, 0.001794905797174392, -0.00020044021108752953, 0.001349270995144991, 3.066875053065868e-05]	1432745396657
[0.00024919469372751353, 6.418235210092484e-05, 0.00017343373322018855, -3.2610847077590696e-05, 0.00041519947639191023, 0.0002427302596036167, 2.3938797200321358e-05, 0.0001067971531881727, 3.579780714652183e-05, 3.72776061970119e-05, 0.0007640915352734805, 3.825201186182767e-05, 0.0009513131946854639, 0.00012715267900614512, 0.0005861362608029544, -2.6218102233427256e-06, 2.2281170804458057e-05, 0.000766287294201455, 0.00034565083307829686, 1.734445404226133e-05, 7.056452245134918e-05, 0.00029702517936933316, 0.00040180665401279146, 0.0007633553289935673, 0.0004948559603746134, 0.0008297291771175178, 1.986008713601751e-05, 0.0003873768920995817, 0.00045947096081183923, -1.4769376088840101e-05, 0.0005321372230270402, -0.00018783132248210985, 5.286556468947299e-05, 0.0003946120670296479, -0.0007805251630735077, 0.001543104406536693, -2.0415247494724466e-05, -0.00017408132138092586, -0.00026934686656256536, 0.00035826804399560395, -0.00021847421371165644, -0.00010305372080437111, 4.8244446635933764e-05, 0.000352484210716125, 0.0003158457746590307, 3.650027129617106e-05, -1.781012030196456e-05, 0.0006056210179075164, 1.5974777383307086e-05, 0.00028382621171549533]	1432745427658
[0.003230156840671748, 0.0004780965381334759, 0.0020934178505947094, -0.0009928645370598796, 0.0028824263413378104, 0.0020014039701469564, 0.007400202417875419, 0.0007410628193431557, 0.0012405940172603215, 0.0010463090613849076, 0.0041242939670675105, 0.00036637012303359425, 0.006509329947294152, 0.0003115528370721149, 0.0043094528881315874, -0.0022365568932624282, 0.0007333024170805075, -0.002263900734214337, -0.0014223197907967044, 0.0011515989616645494, -0.0011182698262903374, 0.002210825410844207, 0.0073226890110440175, 0.005336519191466814, -0.0032905026047716137, 0.003773086871242443, 0.0023136294701642957, -0.004437444198950981, -0.0032495070235111006, 0.0014936881283390971, -0.0038726366076897913, -0.004349112874582143, 0.005466518455105478, 0.015955878574800235, -0.004172063242946728, -0.006823824865877286, 0.008374683439681238, -0.0035619350983452313, 0.0024427125967223665, 0.014398272647988927, -0.006604119763804678, -0.025496481986318827, 0.010846966960693188, 0.01847040151407673, 0.014887428209416778, -0.02215561507700822, 0.012171714743197467, 0.0166882301388046, -0.0019520701797913816, 0.005205131814107448]	1432747368660
[0.000430560450048832, 0.0003905714716244168, 0.0013378953626546001, 0.000727619003040772, 0.0012199389558176347, 0.0009518360192101118, 0.0006023508673772799, 0.0004229778175631846, 0.00025115382960896936, 0.0016976384421631635, 0.002887568824259159, 0.000552047826925251, 0.0013029031536961094, 0.0002904725819325672, 0.0006702112754226084, -0.00020933034600122022, 0.00037383236150213877, 0.0004647416332107149, 0.0001929236227390937, -0.0025262764475660554, 0.0005593750071982261, 0.001581426727073801, 0.0036886418293602553, 0.002831358736741173, 0.0004849430623913485, 0.0009937654387585525, -9.152789607893403e-05, 0.004807621085222172, 0.0006637691051135269, 0.002299622677484426, -0.0009665488289417436, 0.00047867873829903125, 0.0004748367762852019, -0.00133516130639742, 0.0012537155595685931, 0.0011606563732620635, 0.002137309633491498, 0.001056400074361673, 0.0014702429940431298, 0.0017395340229418308, -0.0015096250704791808, -0.0008955507101221208, 0.0005830111120261444, -0.001895591168682607, 0.0001509569414830671, 0.00013463817461088605, -0.00038994019746524036, 0.002668832162502881, 0.0004905595546500148, 0.0021832170241379363]	1432752354660
[0.00023425190509489898, 2.697981603267396e-05, 7.672827985189764e-05, -6.868253121769595e-06, 0.00011885261956266958, 0.00013327600488591984, 3.7023577115983374e-05, 0.0001308841218842428, 1.945060897960586e-05, 4.399861237631609e-05, 0.0002609913174778264, 4.0306188845878385e-05, 0.0003323603414045421, 4.3028826234120315e-05, 0.00018005133529515712, -3.8413243200051826e-05, 3.279388237674964e-05, 0.0005054318761140423, -2.701091560185818e-05, 4.2008356545338855e-05, 7.653151724315418e-06, -4.013425608723159e-05, 0.0001628338190935978, 0.0004922614846345495, 0.0003657703335049473, 9.523177376430957e-05, 0.00012258952707324628, 6.3118682976878375e-06, 1.8600583321019025e-05, 0.00010246852960882432, -7.740309508657416e-06, -0.0001674359927652365, 3.641090296491607e-05, 0.0003554594469997694, -0.0003923608341431963, 0.0004469885722720875, 0.00011485208397932037, 0.0006375064687013527, 0.0001138748669447269, -8.19978266495398e-05, 3.413550643729841e-05, -0.0004123485993005484, 3.786781396633739e-05, -0.00010282516988534739, 0.00038989534955248404, 1.3143389977471895e-05, 7.761241553052179e-05, 6.82472591944382e-05, -0.00011411371779837542, 0.0001753057148083941]	1432753063661
[0.003423319608949109, 0.0017745974834800077, 0.004160443979957705, -0.001567217965020466, 0.004828369091836113, 0.0041715765331210575, 0.0022646427706963772, 0.00197254857211956, 0.0007782136826611716, 0.00010109218098565362, 0.007879437079123074, -0.0007448350829635564, 0.0059721299039599204, 0.0012446388349699243, -0.00036532457453652587, 0.0009556295903666804, 0.0014680515912578157, 0.002279368961236077, 0.001865210665437754, 0.00018433216732746736, 0.00372813137814964, 0.007127101478889647, 0.05682893279473839, -5.7532733857098215e-05, -0.000482454014023501, 0.0009453043099614162, -0.0028159523842040467, -0.000704370760329384, -0.0036949178317616863, -0.007672221516529354, -0.017182478803632682, 0.004105540929468184, 0.01722709501986607, -0.007984903411513145, -0.007937885880316499, 0.002104402001444403, -0.00888204272727276, -0.009850701376859864, -0.028480939449491052, 0.012512155902840692, -0.014537170862547777, 0.014150228487060367, 0.020238438859995145, -0.016154688862044735, 0.04463810112838313, -0.017391454440666494, -0.02190647628350701, 0.023869826926638797, -0.022898435177674745, 0.02850888286890642]	1432754064657
[4.342604728998893e-05, 6.439636117872233e-05, 0.0002097656010045406, -5.1807574660383895e-05, 0.00025321119128571474, 0.0003398742202997848, 0.00012412128365967248, 6.875747351934708e-05, 0.0002243202908923493, -4.083791836071459e-05, 0.0005041280748885963, 0.00012559214929538465, 0.0005541949408544624, 0.0001549674871254187, 6.628539018322212e-06, -0.00013530682051559063, 3.665006297707351e-05, 0.00025624327783486375, -9.230180731504958e-05, -5.387804704293819e-05, 0.0005266574112355311, 0.00012952333565357724, 0.0004110146892938444, 0.0004366102958213495, 0.00030308984183369714, 0.0004179773624688366, -0.00019389439711729677, 0.0004596499804841217, 4.733904542947976e-05, 0.00016204296601035327, 4.888189592988142e-05, 0.00013655041298453466, 0.0005146699545856345, -4.9988287795117886e-05, -1.3375772136367456e-05, 0.00042122889756339237, -1.8265759174947942e-05, -7.261088060742147e-05, -0.0003567044147583179, 0.0003696083353515849, -0.00028746288610319483, -0.00018261575539690989, 0.0008768789681156361, -0.0001948499999532173, -0.00025006567353039194, -0.00020280466812087598, 0.0003406740017438223, 0.0011780092561954698, -0.0004423120637630377, 0.0008985087669785791]	1432754747666
[0.00037473534234940496, 0.0002064187315041207, 0.0005585332811168888, -0.00011657268475859216, 0.0006974572198488398, 0.0007577350572435435, 0.0004926976536426444, 0.0002627106693685554, 0.00029278081696544123, 2.7242540076730368e-05, 0.0021770636990163807, 6.682408955591227e-05, 0.001171129264784221, 0.0002332206614621241, 0.00014988142659449108, 0.0001304629250298431, 3.209074552893304e-05, 0.00045067410335456127, 0.00017185859925832498, -0.0001659475141886839, 0.0006016333899971599, 0.001130707652999545, 0.0019163281262517468, 0.0009565383027388534, 0.000513309523978626, 0.0007254133242711792, -0.0003227384501221158, 0.0012006990108008654, 0.00053508615133991, -9.437865131916356e-05, 0.0017123424395102582, 0.0006888256269900286, 0.00012752856568072502, 0.00014417056582672849, -0.0007795051755226134, 0.0013534873834099108, 0.0006178967170351547, 0.0002670135679915948, -0.0005289506800695902, 0.0009457841616807551, -0.0007655976300675145, -0.000683676038127486, 0.0013541869534554679, 0.0001547794699845128, -0.0001569191568855769, 0.00021638633344244726, 0.0005928146918745944, 0.0015376426398902362, -0.000266203647406518, 0.0007763707800148773]	1432755180662
[0.002353405077230627, 0.0028203122731782345, 0.005125958550322184, 0.00045195186618180334, 0.007112770939584545, 0.007331582571247061, 0.0032230444038866507, 0.014869390857288445, 0.0007331783520167894, 0.003139673941032371, 0.08889202168105519, 0.028885113461169922, 0.09064582952723443, 0.012796030519168713, 0.11104897399366138, -0.0018707153473062745, 0.02107883397874001, 0.4250411372278095, -0.0033303994855515317, 0.07437293914709793, -0.05954616587695849, -0.03988807080927619, -0.02330600593782408, -0.09144271314082056, -0.09237907630002684, -0.005618445437283848, -0.007240941355849336, 0.013380461921975034, 0.007839127282586875, 0.007486088489717333, 0.00038960052748486523, 0.025202684115181073, -0.010919614808349395, -0.0006876399656057435, 0.004767707441387596, -0.004208961872278265, -0.0010528310771683927, -0.010761793126841196, 0.008564929582211857, -0.013264725696892707, 0.004313686714781147, -0.0027416967319152624, -0.0010918676011031333, -0.0014486028492870454, -0.00027796071787002287, -0.0023973826335557382, -0.00044491646946351207, -0.00045075592422020417, -0.0005545776341656842, -0.002472499356960711]	1432755895663
[0.0002647828358699491, 3.830272288187545e-05, 0.00013368296821229982, -2.195725349185949e-05, 0.00018108239963727268, 0.00019736157050305865, 5.7429657611938843e-05, 0.00011257635836425247, 4.966369139979059e-05, 5.2803753055346314e-05, 0.0003709312451108949, 7.222138834029614e-05, 0.00040315542157453937, 8.819351909326081e-05, 0.0003757471706296559, -1.1429067491737892e-07, 5.352807130733734e-05, 0.0009503736406365514, -2.7130774188397895e-05, 9.532729462331753e-05, -4.638672973139948e-05, -0.00014698823769326806, 0.0002784699472252818, 0.0007116299536680004, 0.0005996493272241271, 0.00027213124119820377, 0.00016597802136691166, -9.486102149401563e-05, 4.3928668575267675e-05, 0.0001488981471834183, 8.505203461797137e-05, -0.00031964796479346273, 4.7956657271140156e-05, 0.0005210608489169222, -0.0004760494280567253, 0.0006795857922567391, -2.283141567951442e-05, 0.0006865086264790265, 0.00031617106374594295, -0.0001108556298185252, 0.00028273070911176385, -0.000307897803044975, -1.2731406937607513e-06, 0.00014510580132923832, 0.0002980395731054494, 4.51308734968342e-05, 5.4317402705316876e-05, -1.0341905234581032e-05, -4.5087849951961864e-05, 0.00033177705766531513]	1432756807659
[0.00047435348447810754, 0.00023642878342331925, 0.0004534708743793154, -6.626028911757034e-05, 0.0008221625142905977, 0.0003893896303378336, 0.0007231299241855924, 0.0002893755287158961, 9.70322217440271e-05, 0.0003012131921386683, 0.0018900058573452293, -0.00021443492649495633, 0.001393135792256181, -5.7193167505320974e-05, 0.0002248709379118609, 8.840806807088428e-05, 3.390254543033848e-05, 0.00037083716703233176, 5.0359711295781955e-05, -0.00012758306488197028, 0.00020510149375896987, 0.0010801665609752739, 0.0008610564151591661, 0.0018085227306889862, 0.00010551273632845217, 0.0008216584998379656, -0.0002601064174442517, 0.0014056195210716664, 0.0016177113781432647, 0.001040302285723753, 0.0003237143254243055, 0.0005194235881344459, 0.000267176200991882, 0.0006306998868571576, -0.00041334704179742603, 0.0019177908642310506, 0.0013340449053485875, 0.00021479406649173476, -0.0007402558008790736, 0.00013096409228701005, -0.0007565713130536309, -0.0004757035106197412, 0.0008807456085305522, -0.00034779835179778244, -0.0003444720305366179, 9.252726114422737e-05, 0.0007633467920528975, 0.0014212177067829488, 5.573393358802542e-05, 0.0009090290986842534]	1432757112662
[6.092387132479003e-05, 4.786901561715752e-05, 0.0001010894377834522, -9.466310229303264e-06, 0.0001456492018247728, 0.00019616727794700804, 0.00025034492958435665, 3.172465749475644e-05, 5.681444262584122e-05, 5.125981682024839e-05, 0.00034929870775689996, 6.0046819328577715e-05, 0.0004095725941794909, 4.083166988099225e-06, 0.000423735997534359, 0.00020271322702909158, 3.359538465673696e-06, 0.00017501133947289902, 6.493381346898371e-05, -2.1326367197056858e-05, -1.938583470779025e-05, -5.692826525206174e-06, 0.00010274420850879636, 0.00035220331928656267, 6.864671833291783e-05, 0.00036277482513980306, -0.00011305564590541618, 0.000257800857699533, 3.93338895108045e-05, -0.00011234344028808184, -4.0063457686638506e-05, 0.00025132082242132394, -4.820873753802756e-05, 0.0002082413684203195, -0.0001818400792774974, 0.0003464859762800234, 0.0004718228789330338, -8.741257556005674e-05, 0.00019479008252881554, 0.0001543602245843319, 9.054302249522014e-05, -0.00022472194467213342, 0.0001432500271915056, 0.00010246940401623966, 0.0002508071280884198, -1.7925098416992412e-05, 3.862915520006811e-06, 0.0002720605773774335, 5.8542825169409e-05, 0.00021754819210279043]	1432757113662
[0.00025068215007948997, 6.360115006521036e-05, 0.00017766791291806713, -3.251396892785196e-05, 0.0004176402690043415, 0.00023681041507758895, 2.7351503703445347e-05, 0.00010509986498909832, 3.508128855704216e-05, 3.65445876070571e-05, 0.0007565657071834385, 3.736881595182537e-05, 0.0009537308400309506, 0.00012374144672327417, 0.000576058270294412, -6.962731051748353e-06, 2.2583045122847513e-05, 0.000755840694216909, 0.00033747531877550735, 1.5721232232031745e-05, 6.629715445963815e-05, 0.00029413357615675005, 0.00039613803064560696, 0.0007565934675503624, 0.0004911324099272888, 0.0008164158799336017, 1.9981424644787538e-05, 0.00038166827263617215, 0.0004595040999284778, -1.1074339359193647e-05, 0.0005217085910263611, -0.00019210014987956498, 4.7250454784822394e-05, 0.00038267167740070737, -0.0007756897356107707, 0.0015223984255244045, -2.0790774495176054e-05, -0.00016253866247413576, -0.0002588789817273031, 0.0003657989557936526, -0.00022872388483837346, -9.220903055839106e-05, 4.986924902556647e-05, 0.0003321630042335915, 0.0002882114993106584, 1.5656241593991846e-05, -7.223436240399679e-06, 0.0005800737801031698, 1.5661217116200897e-05, 0.0002680679444419648]	1432757122658
[0.0030001493763083292, 0.0019661743900914676, 0.0015434622766774186, -0.0006294399275618079, 0.003400102424566786, 0.0015657776253877266, 0.0024182521993980424, 0.0010628915858105163, 0.0017753243326663144, 0.0027094971672769696, 0.006779511714776099, -0.0011760921505166652, 0.009756493339134803, -0.00029738323338090176, 0.0072420563616175425, 0.0005520490500001535, -0.00040128137669500464, -0.00281036710727201, -0.005582854115038311, 0.000895141989220685, 0.003016570823377956, -0.0019263460840160313, 0.002844528334573468, 0.005192351538657076, -0.003134019842652771, 0.0029087091703266913, -0.0007252209492290237, 0.0038231721970185106, 0.0016030897727230301, -0.001166349377456457, 0.0029905878171435853, -0.00043451215194622726, 0.0033924361063233867, 0.0039054981519117656, -0.006467851084712905, 0.002568862997008667, -0.0004860048226142861, -0.001711429711690259, 0.004171906857282085, -0.0007654192149000992, -0.004937604252232967, -0.015993474302649795, 0.011784638473746003, -0.000489042151673865, -0.003837498944329847, -0.0028531477530629873, -0.0010730191759488691, 0.017400313112804083, -0.009209924498606026, -0.014077844275725258]	1432757767663
[0.0008473731452834137, 0.0005998504880732872, 0.001553382632902866, -0.0004492923723603219, 0.0016883404897977343, 0.0014883917142465945, 0.00020788691821056242, 0.000743057464634951, 0.00028507598468852514, 0.00027497127271747924, 0.004850659562615614, -0.0003351712129046208, 0.0028908393509026937, 0.0005861892174292671, -0.0008159140638271672, -0.001027435940336088, 0.00023003824298027735, 0.00019073067384672295, 0.000985985047523959, -0.0005980341824198379, 0.0014899628178472709, 0.0024485611894475455, 0.0019283262456850755, 0.0027257324832150845, 0.0014905289972671832, 0.0035040380392887364, -0.001046888183133697, 0.002795814244565865, 0.00045331787697839123, -0.0001853577496684899, 0.0006918180274770857, 0.003325664617604622, 0.00018711843534627791, 0.0006491913574713582, -0.0028864924220828956, 0.0065270462970773435, 0.0005346863661999424, -0.0033747469067956786, -0.0032073283542250106, 0.0032214316121811862, -0.0016941854425027165, -0.0013119306071332213, 0.0017089685175307287, 0.0014282782159019585, 0.0013313271641384012, -0.0005339005310026095, 0.002334393920844681, 0.004147719442670613, -0.0033103896859961175, 0.0012169154276605537]	1432758145660
[0.0008424763768952721, 0.0011620737392407771, 0.0029615581637644304, -0.0004392281658359839, 0.0019798935153327573, 0.001326062423776215, 0.0009652267880938295, 0.005179256166586151, 7.163037140950081e-05, 0.0006598363711828047, 0.008363431086434878, 0.0023097474585339656, 0.004199796965227305, 0.0017678450124787263, 0.003457761755400198, 5.1918364657153655e-05, 0.0003368704389771234, 0.005290922726369258, 7.65079160110083e-05, -0.0027537509142973498, 0.003136113801050499, 0.004406925726879138, 0.004110829979318419, 0.0462317600054843, 0.05289669555680361, -0.012236899415103678, 0.006339585645843586, -0.001310570809186334, 0.0006269701301125075, -0.03222025322977086, 0.00016990809144556027, 0.1861680457056937, -0.08171116250371431, -0.024089463267867803, 0.0007181045434001286, 0.0010810670084595588, 0.0058665532853215616, -0.009122924002871412, -0.004419282277201403, -0.0070664576042913495, 0.00872874163593545, -0.0014263465531512154, -0.004117134133239059, 0.0013988278664822374, -0.0013203758489599127, 0.0008252940062657475, -0.001504775074022017, 0.001288895195470458, 3.560569469363602e-05, -0.005858691487039671]	1432758611658
[0.0008147466714318094, 0.00044068480073957436, 0.0007343673126906266, -0.00016588260793104625, 0.0013075551440341017, 0.0007604016616311348, 0.0003430395296823505, 0.00029734709478881053, 0.00020150065184858863, 0.0004549924018098457, 0.00221479624742354, 0.00013059443425492772, 0.002497839191231079, -0.0002257868840937317, 0.0004393218041576339, 0.00011865409341042289, 0.00016913724628463402, 0.0008082471924808107, 0.00012724842437528245, -0.0002320464535479104, 0.0008884340738051773, 0.002863749641356582, 0.0006977011805739189, 0.0018634830470384348, -0.00014539508686946807, 0.0018659584095068102, 0.0001436567428832693, 0.001429738588784903, 0.00042483949206346586, -0.00019962284017453072, 0.0003016398350312211, 0.0008532245347554985, 0.0002359965458770701, 0.0007501766426516525, -3.832940123515197e-05, 0.0019718364119127568, 0.0023938886849540235, -0.0004070951946803067, -0.0010747752036766752, 0.0024796067598702306, -0.0010449148711101275, -0.0020563926853958575, 0.0020197367094219715, -0.0006820862759220515, -0.00026344106814941493, 0.0010070470928399112, 0.002124687190176026, 0.0026859454405113153, -0.0017119922253867378, 0.0015734947714894792]	1432759107664
[0.00058748300885476, 0.0009752387947229063, 0.002042318091745138, 0.002634364182166952, 0.0014586300549573115, 0.0011119523151065945, 0.00028965552903768523, 0.00016430294144732351, 4.102694227257377e-05, 4.0928556172839844e-05, 0.0024003365320105293, 0.0003318624621966367, 0.0031766934447778725, 0.000608307122509471, 0.006648939369681658, 0.002019434943869831, 0.18515383975921718, -0.017263242187925493, 0.006811019961292627, 0.04214926411760099, 0.003564542412929971, 0.004252175775249317, 0.000877826717726114, 0.0024344915204890954, 0.0009898061476446268, 0.002362571973251793, -0.0008827237351253874, 0.005206781787871331, -0.0004575696672303375, -0.0013952165296778785, -0.0007694107977186081, 0.00021973870943395877, -5.1865197044787576e-05, 0.00027365073799277476, -0.0004110162963060895, 0.001304270727698847, 0.0030010929127458107, -0.001098205321827321, -8.210044796894176e-05, 0.0011363129754464324, -0.0010391068197172166, -0.002205514001657282, 0.002372505073970178, -0.0012738139408434348, 0.00024864393535466124, 0.000616457835039517, 0.0015185921538664329, 0.0011269083258877268, -0.0008984120614304222, 0.0006414324012979278]	1432759716661
[0.00023941450023893103, 2.7029303793453082e-05, 7.718738771918219e-05, -7.714799435395557e-06, 0.00011598680554809123, 0.00013144708724743614, 3.848284785210644e-05, 0.0001306152638551639, 1.6871443991449283e-05, 4.5530473288475176e-05, 0.0002594231434436099, 3.6863432575506315e-05, 0.0003325896977212303, 4.278365543939752e-05, 0.00017723246010549246, -3.935479110048159e-05, 3.1936789740467365e-05, 0.000488327647256835, -2.8138741994551593e-05, 3.918461671621006e-05, 1.235465052083377e-05, -4.1727289361744366e-05, 0.00014337467694684785, 0.0005072874097189449, 0.0003784505902980398, 0.00010595339662642786, 0.00012725237817383812, -1.1010452698968401e-05, 1.5883110847612265e-05, 8.750300841562687e-05, -1.1722636008564457e-05, -0.000176974497049096, 4.219950601673732e-05, 0.0003676428279548154, -0.0004055255258085252, 0.0004689743626353773, 0.00011663475198749047, 0.0006524106970368105, 0.00010893419636842095, -8.649276085662923e-05, 4.639669833257712e-05, -0.00041839885754234703, 3.6667065902842414e-05, -0.0001005074715910675, 0.00039840773439296927, -2.542012601280489e-06, 8.224026025348666e-05, 5.4720103422652906e-05, -0.00010485817347470123, 0.00017261794588470063]	1432759823665
[0.0025582363526925954, 0.00030470757076395913, 0.0009353591248727483, -0.0004793593056579026, 0.001458767241849885, 0.002045702216256715, 0.00972984999828138, -0.00013740524010549915, 0.0001660665074622292, 0.0007108697256448304, 0.002449296640725993, -0.0005249494431194362, 0.001594295462926347, -8.819063883933082e-05, -0.0006876388538562621, 0.00031602493597237413, 3.828256041108191e-05, 6.552209776261743e-05, -0.00030800356595437966, 0.00010590582070480634, -5.8576262299037175e-05, 0.00013450506961769614, 0.000892307801273867, 0.002865007759030223, -0.00010439987872165013, 0.001282159777588874, 0.0006631321956637262, 0.0014356812086225327, -0.00048423796933888086, 0.0009122323920568462, 0.0006339394570038682, 0.0008176889474924155, 0.0002863473979124414, -5.3091649095091645e-05, -0.0004920203297316718, 0.0023422836719295065, 0.001761773479350168, -0.00027964197125902445, -0.0017105698035595298, 0.0018211607798114117, -0.00032460793639612793, -0.0004181886677458552, 0.0019440392337525974, 0.00045316686921395707, -0.0005965593442606034, 0.001524836984303192, 0.0002821361367518267, 0.0030842123270363184, -0.0005533065582506478, 0.00015544777367167004]	1432760457659
[0.0011046509568424451, 0.0009422736898869803, 0.0007842800015945643, -0.000250691281243536, 0.0012443970404241184, 0.0008054022046830887, 0.000815613306922521, 0.0005009318081458455, 0.0008875816997069055, 0.0010094747341714706, 0.0036460642287269025, -0.0002645060866890268, 0.005693088160439834, -0.0003515111133318237, 0.0046530507050074445, 0.0006398286155199445, -0.0004107937725196188, -0.002499773053691022, -0.004136481137556382, 0.0008331231351602728, 5.000220745542706e-05, 0.0006534478767238323, 0.001248593664470404, 0.0024796948848437544, -0.0011420226790336595, 0.0008942853579788294, -0.00020851798267776487, 0.0010726313848740791, 0.000612079907698353, 0.00024256629755167278, 0.0010148952280121502, 0.0009273791848715571, 0.001044623027716673, 0.0017052290090336499, -0.0008343093515078897, 0.0018107730318256015, 0.0008224033244749498, 0.0006068824901813261, -0.0001498758578335317, 0.0019311355173935454, -0.000637252721094287, -0.0029838753626092174, 0.002008019154054747, 1.6671341254482855e-06, 0.0005779756524618418, 0.0002534486802638063, 0.0015066951823224633, 0.0043973895829771915, -0.00014503356576094195, 0.00044773132537141865]	1432760505658
[0.006971779275303322, 0.0024452095821432375, 0.007171454427075863, -0.0029609228135059036, 0.014088301761654319, 0.004978494263171643, 0.006514138247962174, 0.003989115698163654, 0.0017520649403772559, 0.00625000521283939, 0.2087288380493339, -0.3258210736593499, -0.07241889537190603, -0.0035466841122808184, -0.018129770197163834, -0.020822092272849174, 0.0011015860901301018, -0.005654517264293993, -0.01919134011016082, 0.0019605127046208436, -0.008159491249838918, -0.02357375828896214, -0.010972169078280084, -0.0026896370677666004, -0.002028190703764858, -0.0016589142619283291, 0.004114687846246446, -0.0010146497229714913, -0.0038617303686669918, -0.00382624063713209, -0.0022892133182117348, 0.0028939965499038657, 0.0009837566711507898, 0.002393843221962464, 0.010566988251515945, 0.009151171630106949, 0.006797845002085352, 0.002596753919919313, -6.85804145696117e-06, 0.00787960992013941, -0.0006380724684788652, 0.0054619659963636435, 0.0061149302869561405, 0.003971942763356999, -0.001045749236009594, 0.01995728503508239, 0.005760647232447399, 0.0070153787015403025, 0.012548561469912884, 0.007049557222036155]	1432761368658
[9.065529666931293e-05, 6.61496000368312e-05, 0.00017731679358058447, -2.6239372284971735e-05, 0.00018990341288855885, 0.00026699510732828543, 0.0004094089528533808, 9.383733531628256e-06, 7.897596277891934e-05, 7.57950136989582e-05, 0.00040163493049993453, 8.178642387665432e-05, 0.0004036324895378561, 6.150066050170195e-05, 0.0003642746007272526, 0.0003153476226134798, 6.97636942482363e-06, -5.163826512719418e-05, 0.0002632190177762263, -0.0001302490468185451, 4.356214298993645e-05, 5.188410557789478e-05, 5.952227333496014e-05, 0.00046573565033324824, 0.00013455540890398192, 0.0004897339920386306, -0.00017612038201006075, 0.0003948186037407144, -9.128939893715957e-06, -0.00011208527591553702, -8.48827124054107e-05, 0.0003386218618144466, -4.857037801855026e-06, 7.650648890995208e-05, -0.00049796476446859, 0.0004282681224446754, 0.0006224852523674003, -7.115937167488475e-05, -1.281383364378916e-05, 0.00014870097766046236, 5.434944307747778e-05, -0.0003972214610879581, 0.00011883124886579391, 0.000150773973138785, 0.00012560653955730853, -0.0001998236261551305, 9.03340410805392e-05, 0.00021716758072086627, 1.2874290587892125e-05, 0.0003816854710216541]	1432761493664
[0.006535351804431141, 0.0023677207805383603, 0.0063825584905083926, -0.002541652816877061, 0.014350145903083372, 0.0045815537254916845, 0.006006797305241252, 0.003796156377011711, 0.001627412395403603, 0.006117691139440828, 0.21745651149008696, -0.3434619172163841, -0.07999671988409951, -0.004159133167148682, -0.018473664069264005, -0.021452236710160333, 0.0009441571154731712, -0.0069344237733774084, -0.021322871753172983, 0.0023192974644902654, -0.010184905899174269, -0.0265238799284287, -0.015228961257290763, -0.00668905655513943, -0.0011268887765113565, -0.002098290385902094, 0.001680963799755014, 0.0002322792889032799, -0.0029231141389572824, -0.003915305760222807, -0.0031054834726245034, -0.002893594430342774, -0.004031324007666555, -0.003857516215430666, 0.0019262937714774038, -0.0027282931514287733, 0.004405978085080711, -0.005784400421664195, -0.00040721495356770026, 0.0024051498244493466, -0.0031849148055489275, 0.002381838938460082, -0.0010538069470206648, 0.0018922505392025668, 0.00033565705463767237, -0.0008246795400328364, 0.0029385989372145782, -0.0003039770058637436, -0.0040251482173926595, 0.003497939181877737]	1432762372662
[0.003871571571125859, 0.0025720802163036113, 0.0019941858392199916, -0.000918302424168177, 0.004430701415402482, 0.002610554804026331, 0.002864642038107666, 0.004974994471066965, 0.0007396308134013525, 0.0009699237661031025, 0.010893115451658102, 0.0018534417941659166, 0.005996949993349769, -0.0035460595388647083, -0.002240939100772098, -0.0019991314953159245, -0.00359527616272186, 0.00022178865943871246, 0.0015336480458512903, -0.004451750221041345, -0.0017184824111972049, 0.007428657762026573, 0.013122047336613207, 0.012856470249065262, -0.007807864671082493, -0.010285696341926394, -0.009738063835431536, 0.01855085438030111, 0.010902650015823282, -0.00537863854552021, 0.03004875006627816, 0.050546594126750666, 0.15933656785910177, 0.004070492013970524, -0.027495723639097712, 0.028898733701020887, -0.021173964780042444, 0.15764946164874274, -0.06065558573449027, -0.032295833386219414, -0.00982916489068818, 0.002252332498898306, 0.08790966992184669, 0.059895994034358836, 0.16187879372486513, -0.16204969163869534, 0.4545541628499788, -0.1156995202689876, -0.4228809635668009, -0.2581189869170251]	1432763012664
[0.0002006015479802267, 9.12880321556926e-05, 7.876107778241176e-05, -2.2172389934952648e-05, 0.00011941175385147242, 0.00011111403593130434, 5.748290476625333e-05, 0.00013904364866015761, 1.3375550399875812e-05, 6.154616222530388e-05, 0.00029971498689393335, 5.9712411211610336e-05, 0.0003328121800672045, 3.0011512399862254e-05, 0.0001822340160731979, -2.5448990484063455e-05, 3.127761315006473e-05, 0.0005528079974234666, -1.2855302756158735e-05, 4.217764975280249e-05, 6.640337139093899e-05, -2.5026454540149484e-05, 0.0001849917346865402, 0.0007624995228722077, 0.0006960473709374373, -0.00012031147790551947, 0.00012765679678315012, -6.660955571239145e-05, 2.6483155342833773e-06, -1.687333931393774e-05, 4.695234196225243e-05, -0.00021131134905272284, 0.00012931982481496915, 0.0003272795800413652, -0.0004158126159133718, 0.00042501356529992066, 0.0001782380727072432, 0.0005051419319885949, 0.00014210423873581266, 9.578920635838704e-05, 0.00012107185752795311, -0.00042735482306847846, 0.00013712541764864978, -9.414697626760398e-05, 0.00019320412143522623, 0.0002949971398027433, 0.000247561898876357, 0.0002989875270214594, 9.27061863060834e-05, 0.00029292353809423025]	1432763416659
[0.00023425190509489898, 2.697981603267396e-05, 7.672827985189764e-05, -6.868253121769595e-06, 0.00011885261956266958, 0.00013327600488591984, 3.7023577115983374e-05, 0.0001308841218842428, 1.945060897960586e-05, 4.399861237631609e-05, 0.0002609913174778264, 4.0306188845878385e-05, 0.0003323603414045421, 4.3028826234120315e-05, 0.00018005133529515712, -3.8413243200051826e-05, 3.279388237674964e-05, 0.0005054318761140423, -2.701091560185818e-05, 4.2008356545338855e-05, 7.653151724315418e-06, -4.013425608723159e-05, 0.0001628338190935978, 0.0004922614846345495, 0.0003657703335049473, 9.523177376430957e-05, 0.00012258952707324628, 6.3118682976878375e-06, 1.8600583321019025e-05, 0.00010246852960882432, -7.740309508657416e-06, -0.0001674359927652365, 3.641090296491607e-05, 0.0003554594469997694, -0.0003923608341431963, 0.0004469885722720875, 0.00011485208397932037, 0.0006375064687013527, 0.0001138748669447269, -8.19978266495398e-05, 3.413550643729841e-05, -0.0004123485993005484, 3.786781396633739e-05, -0.00010282516988534739, 0.00038989534955248404, 1.3143389977471895e-05, 7.761241553052179e-05, 6.82472591944382e-05, -0.00011411371779837542, 0.0001753057148083941]	1432764254664
[0.0006341229614636864, 0.0002729342319460906, 0.0006468640756087634, -0.00016607365605710543, 0.0007647651349398407, 0.00046626542589482526, 0.00046925416146914947, 0.00030820099915410126, 0.00011654280538719416, 0.00024870615756672574, 0.0018706295932195203, -6.87911237325347e-05, 0.0012615102288955652, 3.6236308160804034e-05, 0.0002604944346790009, 0.00010725138356593941, 5.4539691760512134e-05, 0.00047332124350658427, 1.3196947589170215e-05, -0.00012365106599075768, 0.00029597689235955776, 0.0009379579439872554, 0.0009270642925752335, 0.001729155986328977, 0.0002724345977728161, 0.0008304713669677989, -0.00040687278698929395, 0.0013196532261186334, 0.0009247226917080641, 0.0006223266837765038, 0.00016169905485396643, 0.00034983786671236836, 0.00032775100618168335, 0.0005101053736253909, -0.00021158345936448606, 0.001453614057121544, 0.0013025075625170545, 0.000619011278340776, -0.0005139096591313747, 0.000361146420855014, -0.0004911937006773195, -0.0006443003838612301, 0.0008128331190956219, -0.000597313425993427, -4.5046061600025227e-05, -0.0001168689566527571, 0.0009150802283754038, 0.001379289226286651, -0.00038199996771120707, 0.0012173280424063993]	1432764435663
[0.005722936018008747, -0.00028416694580390766, 0.0005918149762025737, -0.00017990192336013618, 0.0012303365977076176, 0.0007267164717189627, 0.0007569727984903525, 0.0014324549340259977, 0.0006854055868733127, 0.00045600962203883966, 0.003947302016837419, -0.00037685419945029366, 0.006752837745554221, -0.001238066586347618, -0.0022129231880836033, -0.0010641625877485896, -0.0007361792329126589, 0.001186926242029119, 0.0004909049804910819, -0.0009619450028628241, 0.0009185358050280394, 0.0014653231666636117, 0.005103716433686148, 0.008587827041698703, -0.00652067928001831, -0.0002421157823501929, -0.00892350304888186, -0.0009458215569350917, 0.002989532159351483, 0.0006659061681772229, -0.003297222579348199, 0.006075815847907338, -0.004595698744448348, 0.00038115377884292734, 0.0007104841170047921, 0.011181628588619217, 0.02171982023092632, 0.0035968621435010536, 0.01291308961804166, 0.008702798667149734, 0.023581574396719575, -0.0077808799148179585, 0.012000408462989047, -0.017445821903245305, -0.021643640499633864, 0.02759575354504953, 0.0011755320721840107, 0.034415363063109584, -0.009465214367131504, -0.03056089315364004]	1432764895660
[0.0020121672220150995, 0.00029915558466353997, 0.0013729685477031476, -0.0007225596214087346, 0.0010303577975257303, 0.0004436574043120213, 0.0011060507410995026, 0.0003100741613938151, 0.0007216042953929169, 0.00036404656998322005, 0.0024470443712340637, -0.00043454365641202463, 0.0033094971794842493, -2.267931938302069e-05, -3.626736210568729e-05, 0.0017420702341614067, -3.4497943684442694e-05, 0.0005413695429430059, 0.00023809255944114353, 6.070143673333952e-05, 0.00023621487633679482, 0.0008250622908899222, 0.001836412156599989, 0.003597428061828142, -0.000783793916058471, 0.0012367349518619276, 0.001378441725648813, 3.8470235108000074e-05, 0.0017924363981849207, 0.000982271020887182, 0.00016015275420563273, 0.001050577080829744, 0.00045012147791452685, 0.0006042920844320631, 7.032053617429315e-05, 0.0039879985840366805, 0.0033811466902523165, 0.0031191987620766827, -0.00029869794060654925, 0.002504585389499162, 0.0034072297538455575, 0.0011108926894852849, 0.0020798746258807186, -0.005994810878277786, 0.0010960797982085702, 0.005582979112147654, -0.0018376698424386868, 0.0038386787722896557, 0.0002456735880152269, 0.0022067798012259197]	1432766107659
[0.009910558343830273, 0.003807353101360853, 0.012783238099194995, -0.002500448911709813, 0.023870522997739847, 0.007289208189402695, 0.008742779998109665, 0.005174484725349852, 0.0024169657745574447, 0.01142180618947844, 0.3898899971876095, -0.6193504085438014, -0.14652727980787617, -0.00759178852428339, -0.029689285580944705, -0.038127516865213984, 0.18316944467601962, -0.031346659647565056, -0.031409517426754935, 0.047657437051636505, -0.017294374614297912, -0.04885802614176223, -0.0303396647987405, -0.014992478319353027, -0.0021111390561334804, -0.005988896272105967, 0.0019256706925042727, -0.0017404362914583901, -0.0051651617266985595, -0.00711302326494151, -0.005632079695880091, -0.006494663715362725, -0.00823823944358811, -0.006437897721401664, 0.006043610963226388, -0.012903074870213214, 0.0026339821200485228, -0.008256254922946595, 0.0025047408144459504, 0.0028116715340834003, -0.002003555969229645, 0.0002038736756645103, -0.0072988562664879015, 0.006173446491939801, -0.0022005534640658635, -0.004860750907408881, -0.0022305605324020403, -0.0024839467945095804, -0.0038235967719268986, 0.00046943634825302337]	1432766278660
[0.00015291946427750994, 6.92593752010471e-05, 0.00014879925902789275, -1.0254762276675694e-05, 0.0002412595815495277, 0.0003529249645546101, 0.00042349584770509055, 4.698610720408364e-05, 7.594769550344007e-05, 6.242856462367981e-05, 0.0004448863691560881, 0.00010596393599617296, 0.00040966565674853346, 4.531743641829485e-06, 0.0003711670288644526, 0.0003292125691213331, 7.493610472537361e-06, -1.9065127025726405e-05, 0.0002741888969936112, -0.00012007657841781794, 9.139480772616982e-05, 1.667309523212742e-05, 0.00011208201040357743, 0.00047249909419189135, 9.35363966113987e-05, 0.000564685856404215, -0.00020460733441696695, 0.00037708059543735715, -2.3305803732760042e-05, -8.730175899472983e-05, -0.00014205541475798542, 0.00023559971387188271, 1.1313018252525525e-05, 0.0001933731464125509, -0.0005110576411092548, 0.00047458709731242396, 0.0006593039078255028, -2.6704495247694058e-05, 5.678661301395451e-05, 0.00016006345828140087, 0.00012229554444768322, -0.0004051169475740602, 0.0002963715826721132, 3.727190909822141e-05, 0.00012577934768651054, -0.000105839351559558, 0.00013462396974999586, 0.00044175500547202333, 6.232173557466805e-05, 0.00016937329272237374]	1432766434666
[0.006376782698767332, 0.007843294859832674, 0.011789782797851391, -0.001097750937408808, 0.08007921445980122, 0.1799978520683957, -0.033299196467718783, -0.00397093629631288, -0.002996502930346854, -0.029709494052169785, 0.006430926613785997, 0.006830773001015339, 0.0034685630732529844, 0.0019967324413143407, 0.005295485639147437, 4.408124663651653e-05, 0.0008674728842222112, 0.015552518486805042, -0.001265151838259794, 0.0018384813534193822, -0.009193929476827317, -0.011069528157559504, 0.003671555637899895, 0.04879036088337005, 0.05535226876991959, 0.18535196038908103, -0.0436930714194598, -0.04730163251348239, -0.009788234057780731, -0.0011860201994207393, -0.00446628154311037, -0.01419492043464506, 0.009479757836346322, -0.0068537046537329145, -0.0001794146596898764, -0.01388520441521118, -0.005603331980154084, -0.007185605101285719, -0.00902167137543582, 0.009192881553625595, -0.01502085892559641, 0.006291331596102364, -0.002926532779148697, 0.0033610595418695813, 0.0022508596755138307, 0.01069905586839409, -0.016844289967379942, 0.005622809102541041, 0.007862258451365157, 0.006648796217707859]	1432766828664
[0.002712450187291751, 0.005600456806460013, 0.006276466985269333, -0.0015989699030269022, 0.03666489001791542, 0.006983867653078889, 0.0030954224858019655, 0.0009965955716969342, -0.0006005540340014141, -0.003708157723316029, 0.01619890400207144, 0.003205080222313249, 0.023189582886041685, 0.0024117221357305425, 0.025299010428374336, -0.00592484086268003, 0.0040871696390686356, 0.01903868282897443, -0.01437226361282456, -0.013644918969673783, 0.3283196755288361, -0.052942541478188096, -0.013196007680847999, -0.007215100749889906, -0.010649331299266795, -0.0041673170519511415, 0.01654971876253296, -0.02170573768092803, -0.0050348307991079505, -0.004168388130012822, -0.02124143131132192, -0.006362357091771808, 0.005771690884250069, -0.021320110876715623, 0.014354909933782153, -0.027701179447362004, 0.0060171181747365665, -0.01465826454735605, 0.012639612254166268, -0.018570148234282196, -0.006200840345648397, -0.028013191050329463, 0.06479142585837189, -0.03484927223324366, 0.07744322440661792, 0.03510274620336614, -0.0017773698281998709, -0.009580243439743072, -0.04629298221330279, -0.012141762082026757]	1432766916664
[0.00024482013762485566, 0.0002658480349812362, 0.0005794387242085524, -2.286511707943158e-05, 0.0012749856402399298, 0.0005526318815060618, 3.183637453415297e-05, 0.00012158563582461699, 1.2820409266590652e-05, 2.352231691466223e-05, 0.0012434486035001416, 2.4739237700376937e-05, 0.0011453728220701751, 5.862157098428095e-06, 0.0007938676029587367, -9.441005968370248e-05, 0.00017193841159780096, 0.0007626511594463477, 0.00016608468972298312, -0.00042169963106535545, 0.0004964176564274218, 0.003580065884609887, 0.0007067972874875755, 0.0014439206853651717, -0.0004638484502446046, 0.0013608154818256085, 0.0009265372196184358, 0.000984347781878898, -0.00035677681603892464, -0.0004207848543004533, -0.00016080892206171528, 0.000476216003535132, -2.0717293420635386e-05, 0.0003120169868307238, -0.00019915958211704141, 0.0008491870526164654, 0.002364740434362104, -0.0003838430482702662, 0.00010217650535799318, 0.0011979237157232867, -0.00096846531701336, -0.0014439588357376052, 0.0021068587299334913, -0.0006388908535176332, -0.00040797248189990907, 0.0006900889146675153, 0.0012470249719608746, 0.0005838746798426812, -0.0006104902486786212, 0.0006297244767076472]	1432767369659
[0.0005241462675986586, 0.00023130177374190906, 0.000657419128775249, -0.00018282041270234597, 0.0006983764572826998, 0.0003694184703411589, 0.0006805848136601244, 0.00027580278750391664, 6.564509232478657e-05, 0.00030650647515467056, 0.0017329130253532746, -0.00028862641415780993, 0.0011721550145561601, 5.580455029761849e-05, 0.0002182387928003701, 2.8668152567471295e-05, 4.4482180814329315e-05, 0.0004822937605684647, 4.9419279043592075e-05, -0.00012188244920045431, 0.00024751446097363107, 0.0009597038297123492, 0.0008338738025298566, 0.001574301760936708, 0.00023418018169360486, 0.0008623861409875266, -0.00020513727434502468, 0.0011502102112254434, 0.0013471732241689752, 0.0009439229969800307, 8.112189076485273e-05, 0.0005280514896067315, 0.00025820351224898144, 0.000765273779237934, -0.0006809607203616554, 0.001610042506841261, 0.001067938418090505, 0.00040628577856931936, -0.0005659897244652585, 0.0002399958919424, -0.0005430292549275699, -0.00038972788308905146, 0.0006721724499468373, -0.0004413017572535499, -0.0001602280545195606, -3.7385090237316157e-05, 0.0005238575299147826, 0.001455134156957718, -1.564932037961989e-05, 0.0005971234163382188]	1432769311663
[0.002552618620719354, 0.0011423361611287495, 0.00497725071119739, -0.0020021213370437626, 0.0025709406363982196, 0.0030175494999813263, 0.0010707947326173137, 0.0030736469890984643, 0.0010072103031007757, 0.00032515310219781847, 0.007675204586387421, -0.0011156573465800012, 0.004655598142801564, 0.0008023340311067805, 0.0007919623812240376, 0.0005991837421562775, 0.00022589567318474107, 0.0012092666662102689, 0.003021464698881548, -0.0003937924052776055, 0.0036593770645748126, 0.0027242867536316742, 0.10768863652141443, -0.019946101402585327, 0.0013067957519060933, -0.000265359570834803, 0.00133552605719415, -0.004448513500271411, -0.004697147453136992, -0.013961282556868735, -0.00706023301390553, 0.005798788263207074, 0.004686065767809137, 0.0016970386199455032, -0.01138153698743287, 0.0046642117393776265, -0.0032400906280265836, -0.0032220415456210827, 0.0002573479025009114, -0.0022072759739398934, -0.01028060622325833, 0.004263563091225338, 0.0028845564379010266, -0.0054684609062435035, 0.00043359667751380245, -0.00037670277401699343, -0.01536477878406762, 0.012612542680146659, 0.00413666363007286, 0.02196546663081811]	1432769427663
[0.00023113179913455167, 2.6900405966409987e-05, 7.703664520307438e-05, -7.298631248776403e-06, 0.00011972516175195243, 0.00013781623951357604, 3.526519119922058e-05, 0.00012885706510515712, 1.910024031706221e-05, 4.2211248609920966e-05, 0.0002580666037923401, 3.9670764661293504e-05, 0.0003285170960416159, 4.2365963493122496e-05, 0.00017785731007811796, -3.805620588274866e-05, 3.2564690619333045e-05, 0.0004978638284171938, -2.6615760144467748e-05, 4.1022639132246206e-05, 6.8918006802995004e-06, -3.915552008993187e-05, 0.00016408938214040964, 0.0004872793060666506, 0.0003591247336953094, 9.369504164808756e-05, 0.00011969892609210745, 1.0450639444227384e-05, 1.7413219550072185e-05, 0.00010259051548729882, -2.676189225464303e-06, -0.00016168425319712109, 3.734614205165275e-05, 0.0003559344506185285, -0.00039225685829408897, 0.00045124534293610564, 0.00011856829320213624, 0.0006336196466563935, 0.00010075819072587144, -7.691892464786546e-05, 2.3981851612437344e-05, -0.00042838005631622107, 4.7421447643617655e-05, -0.00014410325673525965, 0.00038739160161235336, -8.291500995473244e-06, 5.652968205100668e-05, 6.961150421059336e-05, -0.0001221900366887197, 0.0001894883539341197]	1432771385665
[0.0005459724462971135, 0.0008511813350325749, 0.0003669672970853687, -0.00021739561405849215, 0.0008946382893323634, 0.0010288100947767015, 9.32118575584523e-05, 7.219674985022321e-05, 9.059015879422457e-06, -0.00020639909899740572, 0.0010820471747901633, -0.00020466899118613485, 0.00134182059489131, 0.00029921607919248286, 0.0011589269877932639, 0.00012164398018329919, -4.1367274257897255e-05, -0.00020617202244677964, 0.000585829721002791, -3.957479630609419e-05, 0.00039453093622132375, 0.00033737306577631416, 0.0005936479522604358, 0.001062741944669598, -0.00032038512188095467, 0.0004718268583146099, -0.0005533388770915447, 0.0004715785495683882, 3.935295027501179e-05, 0.00043730429036324344, -0.0004179717669626054, -8.411786458070496e-05, 0.0005009659352599928, -0.0002786993605924185, 0.000116000948766784, 0.0014868081741227245, 0.0014930375762271003, -0.0010373517072678152, -0.0003763202176202808, 0.000199092209925784, -0.0002402962267160308, -0.0013156100077883874, 0.0010308395781461928, -0.0017712889718045411, 0.0008345975635718345, 0.0004124504361406629, 0.0006896426041645021, 0.0008591111880863921, -0.000530079522463505, 0.0003255075033298517]	1432772114661
[0.0011017615405314117, 0.0006150067019433131, 0.0013851414696511657, -0.0003378285079980065, 0.002425410736590708, -0.0001324119845126226, 0.00016975157169191066, 0.0003314666601604851, 0.00031957595371263393, 0.00023571752793812825, 0.0023571975507928567, 6.2510013171637e-05, 0.002308675544388949, 0.0005154631753086982, 0.0008973547712146727, 0.00025156723180788404, 0.00014911155627565748, 0.0013415207930530814, 0.00020271007731989673, -0.0008632086545699049, 0.0014757877383618856, -9.45634331024912e-05, 0.0007308552629391465, 0.0026519393072897647, -2.547760557067497e-06, 0.0018525724510417359, -0.0005078448445380655, 0.002826868521293135, 0.0027430535972932948, 0.00039057486479891144, -0.00016442637722292725, 0.0002566977101899146, -0.0009085813391222667, 0.0006358568080575077, -0.003243198785662255, 0.006998739561792462, -0.002396402957445848, 0.008052042415449493, -0.0012120329646189928, -0.0029203991403364267, 0.0010696021684878125, -0.0022716239483651303, 0.0017544832203249434, -0.00040710934297320144, -0.004243412659592979, 0.0024764549550215296, -0.0014371436012631824, 0.0042877740584533405, -0.004059146226035485, 0.0010133169800962563]	1432772480665
[0.0006491322133712582, 0.0003061522926909707, 0.0006730504818685177, -0.0001498081260456299, 0.0007945031127296848, 0.0004953454682446398, 0.0004939122938898168, 0.00032834884973775727, 0.00012186723399090356, 0.0002580311351480594, 0.002158763891792411, 9.622197005578318e-05, 0.001246156345538614, 1.9239549808036128e-05, 0.00025162347966109554, 0.00010928491142569291, 3.5428588826914284e-05, 0.0004679065124746664, 1.0190875761791945e-05, -0.00014726630454809473, 0.0003059660362140207, 0.0009764710770606433, 0.0010622993192807941, 0.0018234982631895737, 0.00027911167099132155, 0.0007516279266088024, -0.0004191664383768406, 0.0014082537974773935, 0.0009267200771802656, 0.0006353875814201342, 0.00016249753938886634, 0.0005195435332525553, 0.00028854798937969823, 0.0006122339692951967, -0.00022390811324121156, 0.0016999948043094834, 0.0014920574635612824, 0.0007763192082778378, -0.00028858690768032594, 0.0005559214751690884, -0.0005688244265784841, -0.0007071295775214208, 0.001318324982216094, -0.0005197716575012661, -0.0001161150654496907, -0.00011868790025203078, 0.0007523987671741016, 0.0007249275223477063, 1.475240601564495e-05, 0.0014374305670172183]	1432774422666
[0.0030425399008578505, 0.004649208467074156, 0.005164188416460508, -0.0015079258845036429, 0.02972349134995772, 0.005577327733711361, 0.002513525913689972, 0.001171090179119003, -0.00022478840174712156, -0.0022848778977459564, 0.014448943643674078, 0.002887729395501328, 0.020163492230152468, 0.0018712830730593425, 0.02077444927635805, -0.005026328291133266, 0.0032066201039931026, 0.016108339338944636, -0.01203271550292186, -0.010558980182937097, 0.2680948319484658, -0.04472294992934626, -0.010492863720604841, -0.005111589458722802, -0.007634009160290663, -0.0038017654583416796, 0.012439208302449807, -0.01717419632619043, -0.0025842116314128715, -0.0016725284089125828, -0.01658521722015155, -0.004861831438459641, 0.004774609565833045, -0.017912747811330502, 0.012102066299032271, -0.022188695419507277, 0.0052188531925894685, -0.011412524895042837, 0.009501430103816258, -0.014192877569677116, -0.0030670863327983693, -0.02149741176514553, 0.051588483561891496, -0.028891687287253286, 0.06254557786173452, 0.028618268564682716, -0.0013767627688040262, -0.006225839793873378, -0.038067420613887334, -0.009325650589115884]	1432774449665
[0.0016228877208922915, 0.0014635727653269346, 0.001807045900788987, -0.0003161784273747692, 0.004541990270256331, 0.004942641258136881, 0.0002936351527866482, 0.0005527259709985675, 0.00042692921864780797, 0.001092565694132779, 0.003472171046530675, -0.0005242208706388957, 0.0038925735315109016, 0.0008049856727116564, 0.001834513564007346, -0.00011629311139869948, 0.00046634959257654677, 6.205747968124688e-05, 0.00020772294094358333, -0.0006969300083645818, 0.0006049329135872716, 0.0012521931616754811, 0.004865633581724463, 0.006112806379551504, 0.0010042424962819257, 0.0011866770338993075, 0.0018601582519071564, 0.004428951354385711, -4.934209381750734e-05, -0.0005823857935185397, 0.0001351692543652743, -0.0005765677366613603, 0.0008452723733284592, 0.002595330546992074, 8.17947834492254e-05, 0.004853635665151753, 0.00624175266742504, 0.0016537940211556938, -0.0001386028850516196, 0.001861199520024681, -0.0008653168079035057, -0.003965443292995477, 0.005950651440134342, 0.010006924399603084, 0.0010144654177578077, 0.011863064385687516, 0.0027443356468655157, 0.0004683363015259165, 0.004539745910497176, -0.004973782075048292]	1432775320664
[0.0005084724780897748, 0.0004888929422158073, 0.0008563780570123344, -0.00015734863257789694, 0.0009203545777018662, 0.0005769553849622329, 0.0004375918788957702, 0.0005473540484891423, 5.2015054963904314e-05, 0.00034699544323744925, 0.0024272849028611127, -0.00013355082089756682, 0.0015636933292569144, 0.0001624241789660157, 0.0009205453205071345, 0.00018320657062048846, 0.00019934579706580775, 0.0012566103442819734, 0.00022596369152644958, -0.0005601006308213885, 0.0011795855539770308, 0.001993156917934887, 0.0014208164629367116, 0.00280507594760237, 0.002143842158284592, 0.0006880737253672854, -8.235297795937178e-05, 0.0019727437056727176, 0.0002884094928603335, 0.00013569258363071464, -0.00029853951778422344, 0.000385821728031473, 0.0001406353876931361, 0.0007795208132274964, -0.001039627824885694, 0.003369161552079156, 0.001112581882231804, 0.002593590060292998, 0.00030713102636505064, 0.0008518980074586519, -0.0012770241415931006, -0.0013511236000095053, 0.004854948001107945, -0.0011109063542551528, -0.0011394559668623273, 0.0006301771654934292, 0.00034863886090836214, -0.00035983065677056437, 0.0013623340043032893, 0.0007536526958012239]	1432776773657
[0.003039349665290769, 0.0026857202408949194, 0.0041395285139942, -0.0006313401576147501, 0.00521875102673428, 0.005250678822517816, 0.0030154436174283524, 0.0075999354146141455, 0.0012200136987689427, 0.002046282410562757, 0.046460965745227255, 0.013303423238297274, 0.049550317263048135, 0.006150625186024019, 0.05509478285744353, -0.0003596704986812977, 0.010735345463553212, 0.20102761154428764, -0.004504463857017838, 0.03712037586492032, -0.026820396604101866, -0.01636095279545887, -0.008969507441353648, -0.03568185200914824, -0.04616541469331808, -0.0019858602990844945, -0.006965551268872957, 0.007802579315134722, 0.002681279040098217, 0.005260134324683154, -0.010029668376489033, 0.014350669320964184, 0.0053137420880327016, -0.0074893439167879865, 0.0018420056981807652, -0.0027999990109529448, -0.005619251395853259, -0.013428402676287459, -0.021598426122274403, 0.006306450205318424, -0.003788750782874419, 0.0057299986475877794, 0.009597303862315386, -0.004996694710225589, 0.04149176464973997, -0.015210350699551876, -0.00856258761592202, 0.021298831017976205, -0.023969064243836137, 0.00987082064206391]	1432778874658
[0.012077312813048205, 0.004259765595249228, 0.012633533250526071, -0.005709175741646871, 0.030906821893567103, 0.008958333957448755, 0.011009693095315399, 0.006709487619549067, 0.0030938789869561175, 0.014277004678914013, 0.5110456551460419, -0.8161236226905818, -0.1971325538342923, -0.010281833163227533, -0.04669410239407122, -0.05252807166530272, 0.00201883043744941, -0.018143594562790393, -0.049630042081161646, 0.007708657346330911, -0.02686814376407038, -0.06603558722414167, -0.04156667662034745, -0.023123987635849212, -0.0037710673555955885, -0.009517931349100164, 0.00549540815389099, -0.008231777255764473, -0.006791111688441961, -0.008816155785576766, -0.00749433190582187, -0.009036781484896837, -0.011302449404851778, -0.009470886574943329, 0.008535984615665666, -0.018348987754760526, 0.0011168314414541762, -0.011739541399055736, 0.003501126212755053, 0.0024285060706530706, -0.0011125845339787716, 0.003746322324378581, -0.01177392355421904, 0.012637143623477395, -0.0046716336081738825, -0.0034519543958961576, 0.0003391848034597593, -0.005584212994182539, -0.0036552208648800936, 0.00039751148830218495]	1432783752657
[0.0005929283514639514, 0.0003377549085077644, 0.001415816327688725, -0.0003415541202689771, 0.0017867170516218398, 0.0006763557695056879, 0.0005440217339497883, 0.0010384411365650975, 1.9402392354524556e-05, 0.0003100209556018609, 0.003020115811834906, -0.0003476722570480394, 0.0036010908120835605, -0.00014722892707064002, 0.001922885075024149, -0.00012702670090097802, 0.00017738619991462267, 0.0001171046750753654, -0.0002801946144922442, -0.0004296220335974557, -3.223274075827369e-06, 0.001013334517776861, 0.0037058764614835765, 0.0026501246840782435, 0.0018209904225250778, 0.0009604200117194519, -0.00012219981066754592, 0.004881443123261926, -8.324768488721008e-05, 0.002189177611706881, 0.0006524955052418381, 0.0009500620289155339, 0.0008740455480135569, 0.0019642890597218066, 0.0011736939656241403, 0.0005939041673132683, 0.0013344983169392456, -6.339217793006659e-06, -0.0014242719898293337, 0.00021772218791628662, -0.0013547913368411142, -0.0008998709296197102, -0.00022822197802772364, 0.0020464832289282093, 0.0025779868740474893, -0.0018635678277112125, 0.001428307810792497, 0.004819583599027868, 0.004811149758888497, 0.0004710416952900729]	1432783761666
[0.001006174213985402, 0.0005227255562673215, 0.0008869195200026665, -0.0003607768226141511, 0.0017165244127819322, 0.0010266207850152362, 0.0008537037357211774, 0.00046851167791089177, 0.000239930999274237, 0.00041484798810628585, 0.002594103360109525, 5.597332293692424e-05, 0.0030664018325393524, -0.0002261826028430336, 0.00042718826020140405, 0.003172094734476712, 0.00013413102688889105, 0.0027570690408110785, -8.9428165814056e-05, 0.00032002144873396153, 0.002884091441624103, -0.00012712754382327986, 0.0002313380152422283, 0.0007412050743703977, -0.00021627178273933274, 0.0010379470025930503, -0.00043964867959850584, 0.0012171922590740825, 0.0007454752813100757, 0.0004783843162807849, 0.0007022947483887179, 0.00028307097839355146, -0.0005724963369722482, 8.897211827925717e-05, -0.0006306588301744856, 0.0021743558949291484, 0.000254671875422248, 0.0016840996454903622, -0.0003439003314313992, 0.0019198483882109892, -0.0003014906677393557, -0.0005082984675381509, 0.000225354652107746, -0.0009601059880476594, -0.00023079665685911294, 0.0001869563280938689, 0.0008855707429674752, 0.0019182149315280853, -0.00037986627773634003, -7.794799197132998e-05]	1432786135657
[0.011225799856816196, 0.0046226237723515605, 0.008776725674576026, -0.0031428221865871606, 0.013021268357178513, 0.007399189445243375, 0.003604677676951577, 0.003933755114329091, 0.0059636439315200965, 0.0037289354082913396, 0.024786208899561415, -0.005957537257846924, 0.031549770588269826, 0.0011239440859038012, 0.014714745696475622, 0.004076247445088692, 0.002498620661449105, 0.003535335042789384, -7.170628799135671e-05, -0.0009793531778307103, 0.016347744298192066, 0.03016358476785452, 0.02029949437368993, 0.06865219771626031, -0.011454293363511088, 0.033330295007179725, 0.02785437494075253, 0.030739601863418103, 0.07753826525219269, 0.025462232168273185, 0.01666898105516416, 0.018291844325303987, -0.020489459109731357, 0.015198606649965585, -0.031233269256940005, 0.1255660160706089, 0.21198275067730404, 0.14427599851545822, 0.4730488520524603, 0.15726957993157983, -0.17141019572978447, 0.16753483908839625, -0.1623189792620506, -0.058674336632819665, -0.07507463482090622, -0.07875333567884005, -0.020955717782843882, 0.01718083731849258, -0.05844103542298729, -0.06046780397541762]	1432787785661
[0.0017946227383978887, 0.0018665901977280225, 0.0029136439685742525, 0.00013509734646396853, 0.004576397997391327, 0.00379934210368307, 0.002166133271919662, 0.026581868738337917, -0.0004993262724385026, 0.004062306794707112, 0.017994145167293658, 0.003328673340120522, 0.021330507718189434, 0.0016852555359790347, 0.02316813658161594, -0.0008453909116258464, 0.003675167406399713, 0.062437648057693355, -0.0034545242088933107, 0.004874313086013056, -0.003028351144253938, -0.0036775192220556306, 0.01623343469727701, 0.13067983576404926, 0.1918847785125994, -0.10970031299290663, 0.0464263890019942, -0.049840757215966175, -0.024790363152649902, -0.018444002469380712, -0.0036938155298674455, -0.08232468883482402, 0.03466216480328793, -0.007126076726782504, -0.008908133177508226, -0.01026983868589588, -0.02406597456411179, 0.00066035517048657, 0.004125777239143373, 0.006944334644027065, 0.0008150548099885289, -0.001337335758623992, 0.0023930233401182025, 0.000839516962117471, -0.0014588064406012918, -0.0017344590887818422, -0.001286324231333214, -0.0005066012410812734, -0.001919817359626399, 0.00214771905205404]	1432791303659
[0.001536984593644554, 0.0015483717061264446, 0.0010216347337685403, -0.0004550271919683554, 0.0018305969496704778, 0.001285678641012172, 0.0015130757718561393, 0.0010456953176754989, 0.0015925721494612457, 0.0018378382189416919, 0.005245767121254873, -0.0004833906452301398, 0.010826797869288774, -0.0006813606140878693, 0.00989558094900508, 0.0014026386031373355, -0.0009051302439065012, -0.005422568589632719, -0.0082409570157035, 0.0017799570331205135, -7.355192643940386e-05, 0.0002724827843054187, 0.0022061850113879963, 0.0038105976593460185, -0.002640443697488924, 0.0013694662437682573, 9.923811257030526e-05, 0.0015133184622288692, 0.0006889962262603838, 0.00040751179865345467, 0.0015550780807461844, 0.001035423083236926, 0.0007974629534221128, 0.002811831800305928, -0.0012864505732539915, 0.002591020877287062, 0.001163204067928012, -0.000704641594440395, -0.0003764835292271249, 0.0030186497945561956, -0.0006869857406981625, -0.004460777899471436, 0.004436134331046827, 0.0007550853518259004, 0.002489587188094163, 0.0005414293265139959, 0.00199558124299166, 0.009930223355615258, 0.0001639353228422472, -0.00029254095173074336]	1432792982660
[0.0007391872850694397, 5.020806890760793e-05, 0.00041530420950303105, -0.00018251694733707657, 0.00028407401642324177, 0.00015130964873743007, 0.00014860397774829707, 0.00028880415093084257, 0.00022426327219201412, 0.0003536784297811516, 0.0013490209576161967, 0.0004407763909278059, 0.0014555581259108386, -0.00016935388535941915, 0.0004919912037361145, -7.768491026608901e-05, 2.757824776595289e-06, 0.0008602898089211181, 1.0292431004537435e-05, 0.000170575065049507, 0.0007684989872676416, 0.00014179994494592762, 0.00021388896788704292, 0.0007022399299224996, 0.0002628159548393969, 0.0008402900684762209, -0.0004435739840494133, 0.00047376444372634365, 0.0005295349042952716, 0.00034088089815945485, 0.0005949274818252821, 0.00020920172688536421, -0.0001353257074911767, -0.000566745589002779, -4.7488183336024113e-05, 0.0012977947329447896, 0.0007607934713975027, 0.0003886706042502975, -0.0007976022832512051, 0.0017003583800682476, -0.0005435022183446215, -0.0001085905449889087, 0.00022329505501449072, -0.00011678783880335135, -0.0010073659801934838, 0.0002549360101883562, 0.000495466842382533, 0.002130309364393565, -0.0008750068753332933, 0.0006201355878457121]	1432794221659
[0.0002080949242492942, 4.827268577244776e-05, 0.000325473475365908, 2.6309340598890883e-05, 0.000289423659458261, 4.271462618414137e-05, 2.987446638957316e-05, 4.9838580245436104e-05, 0.00010055366131973698, 2.022575020098276e-05, 0.0004832470723245801, -3.647078608355349e-05, 0.0006549830063334564, 3.2954791299462036e-06, 0.00020751014968712535, 7.714663828848433e-05, 8.811568851556218e-05, 0.0003756589798873365, -3.600738785143e-05, -0.0003437964464406392, 5.6836594059657866e-05, 0.0006406235297219531, 0.0002501390402025797, 0.00043983297528333535, 0.0002865768700076577, 0.00015877172981592274, -0.00010917803147588828, 0.0010208451172122484, 0.00013327716520024279, -0.0002572468192948817, 0.000254330598290458, 8.950085746675803e-05, -4.943908227154572e-05, -4.074078654061705e-05, -4.271392634743994e-05, 0.00018580995596646465, 0.000257101808556473, -9.284277265614625e-05, 4.7148698792043385e-05, 0.00017502808240078845, -0.000878355222594365, 0.00011808500108889966, 3.3338969493740775e-06, 2.2253312036916266e-05, 0.0002079154411751708, -0.0005210757423603549, 0.00015740114811005885, 0.00019732933388786432, -0.00047182587421613724, 5.6591367358530606e-05]	1432795421658
[0.5309737327362243, -0.0906182077750834, -0.028134956278480776, 0.002229821414896235, -0.0172327164472114, -0.00607835634417071, -0.016492720463901135, -0.0028331070727145528, -0.004217945597987012, -0.0031546808398398014, -0.006545433061697332, 0.004306091440990456, -0.0029973174963645786, -0.0006172342595237403, 0.0007285255359943018, -0.0023675115017735894, -0.00020618246455101244, -0.0006178230340756175, -0.0012288901095198535, 0.0015176282340468744, -0.0006941612625254962, -0.005044655160474568, -0.0040867708949933615, -0.0034140485336587242, 0.0007321813855157438, -0.001398778328424467, -0.0019158524081320143, 0.0006457712901681273, -0.002802555829818826, -0.0017899537211773535, -0.0004078939284077427, -0.000966566472655938, -0.002258384408653799, -0.0021821069572640077, 0.0013660051349488917, -0.000869323016821746, -0.005060245128797258, -0.0026780681085173423, -0.003364286836327828, -0.0037836129846160966, -0.0011913768033726194, 0.0013704008079416972, 0.0013496930048644419, 0.00302634428968289, -0.003573781273554989, -0.0023628091609933185, -0.0013234497922822374, 0.0018914031802252159, -0.0021272526158594733, 0.0027272322819225166]	1432796695661
[0.00023175697116192086, 7.029028655727246e-05, 0.00043259726777209064, -0.00017811038272605326, 0.00016436698622906485, 0.00010980526680165204, 4.953362192819771e-06, 0.00012177171297707421, 7.256852592744981e-05, 5.832542634267106e-05, 0.0006122719584768332, -2.500727655688233e-05, 0.0005345917783769673, -2.7290171330628243e-06, -3.2105937772196646e-05, -6.95030070829531e-05, 4.118660211217014e-05, 0.0004717490450672067, 0.0001482972930154237, -2.618358087775899e-06, 6.235257741512688e-05, 0.0001363451942491316, 0.0002398404812822718, 0.00030814090939037446, 0.00022519568055237165, 0.0005179490183603622, -0.00014740738426648908, 0.0003859228085379848, 4.6224299845599694e-05, 0.00012064375778467766, 3.913285323448165e-05, 2.1248139083291244e-05, 0.00017302437971214424, -2.038496717607306e-05, -0.00015148617619915582, 0.00026733641271400643, 0.00032783490628981863, 5.7928563403920395e-06, -0.00015024499842216765, 0.00031236304240355594, -0.00042776049508572113, -4.917002980067382e-05, 2.4801459212583424e-05, -0.00020134888522368568, 9.919961968362316e-05, -0.00017647713439941353, 0.00020828252783078034, 0.0004103985792494379, -0.00035687805338968767, 1.0291190087232391e-05]	1432796806660
[0.0010719152692548592, 0.0009360910742802411, 0.001178489960568579, -0.00015381504330762253, 0.0028212585305993562, 0.0023142564424480476, 0.0001201537593580847, 0.00040985712841809687, 0.00033431636683748696, 0.0005955542656122869, 0.0031797025862081957, -0.00040336106899258804, 0.002694912150337545, 0.00035621958987626525, 0.0019250011781203327, 0.00020623918191608928, 0.000143870053851357, 0.0004389654217858887, 3.3220672150549375e-05, -0.0005998058185975347, 0.0007494225443077151, 0.003160343129216675, 0.0018073381377096498, 0.003367791757899619, 0.000980714871874681, 0.0015194350626715485, 0.00023545627999641547, 0.0027639127766891664, 9.081791670875923e-05, 8.95455300116611e-05, 0.00039411148846978144, 0.00037220062090725464, -0.00033867092583855676, 0.00231643649709264, -0.00012188584879212939, 0.0016874567505588728, 0.0032396759839934115, 0.0008051239650987902, 0.0025979067077812235, 0.002320526466749782, 0.00044012214599235827, -0.006527531040858533, 0.0008039804323900345, -0.00028290403046140364, 0.0012340327072680652, 0.0028234406745716524, 0.00015794572130289005, 0.0014039955598067362, -0.0033628920107968098, 0.0017732772124733297]	1432799653660
[0.0007642277772779657, 0.0008974998831144482, 0.0011875796794726834, -0.00039255094466257204, 0.0017665394257819747, 0.0012057175491542054, 0.00025355809882083674, 0.00024026779080193517, 9.005270201490199e-05, -2.7443331297663936e-05, 0.002426413890094136, -0.0002501718485121969, 0.0023668550155314973, 8.748033424989752e-05, 0.0016389870292293962, 0.00024038342539796882, 7.019383158411157e-05, 7.112972386760002e-05, -0.000278671283907029, -0.000256244457211607, 0.00037088902614927627, 0.003039584248635218, 0.0014377656529666733, 0.0031538172465526066, -0.0011388621087956407, 0.0014393419051903613, 0.0005516144070445598, 0.0016123175424030429, 0.0002658557720112501, -0.0001607343340428033, -0.0006424465609492983, 0.0006828282098439023, 0.0006743689175135704, 0.0005581054283371278, -0.0003630403495454758, 0.0027176034083713856, 0.0035830903808566164, 0.0011443951972694784, 0.000634205121431229, 0.0008183860114135782, -0.0016755146819794292, -0.0032028092454419524, 0.0028034672733452406, -9.984719811940313e-05, 0.00097649486589793, 8.187524159884767e-05, -0.0003382008497747848, 0.003082574150939223, 0.0011883360247969357, 0.0019506368783223248]	1432800613661
[0.00020140188225349488, 0.00016567747252320582, 0.00026563134881020165, -0.00010983403781562013, 0.00028306021586156237, 0.00021063708203338717, 4.4501456799964275e-05, 6.531026642551207e-05, 0.0001609636470303022, 0.00016659299188017906, 0.0006105741086784971, 1.2060162575928358e-05, 0.0009772873871177758, -6.51978021390319e-05, 0.0001251784320100049, -0.00013793904350986125, 0.0001239358340025985, -7.496742471868469e-05, -4.869914541432023e-05, -2.6266721004231995e-05, 0.00041311496852811287, 0.000178524098053724, 0.0007880476841264808, 0.0008280385679795901, -0.00010723849637103376, 0.0001677615284894573, -0.0003211241786839628, 0.0006685765782299777, 0.00025591893360309414, 2.347219251123635e-05, 0.0005848749689254122, -3.144886029581614e-05, -2.884140283757394e-05, 4.323211733390587e-05, 4.2631622609822374e-05, 0.00044735983239826613, 0.000522638751672417, -1.2187876673025204e-05, -0.00024313391953929988, 0.0005785266272685869, -0.00037073946611043375, -0.0002560562407945064, 0.00024302696945013638, -0.0002968952585192801, 0.00023179715338732054, 0.00037456471580689187, 4.5057665287798585e-05, 0.0004279062512561747, 0.00011256546018437633, 0.0001721831542088536]	1432801450666
[0.006899933302973335, 0.0027333386600667626, 0.006382248161395198, -0.002532321692669956, 0.014669468186348553, 0.004875426251294436, 0.006295852760003406, 0.004088208924164917, 0.0018302443236468454, 0.00646818169450644, 0.22143285682695632, -0.34813955865090374, -0.08045092143728182, -0.00365085472304323, -0.02011215921295691, -0.021104244844459167, 0.0008071223670873118, -0.004287491530262384, -0.021084888190441308, 0.0019080609037534812, -0.009675812273535539, -0.02583918622197862, -0.014393833293520479, -0.0031500165834432966, -0.005054433546456976, -0.003893175834191629, 0.0018862214057525242, -0.0021615308194314745, -0.0032154730685408093, -0.004544951616345326, -0.010776649642799487, -0.003541311737503744, -0.005279334118193823, -0.012890505847237577, 0.0034011183837120706, 0.0017654443270456693, 0.006874754521109153, 0.01267819253986302, 0.004827397839359596, -0.016767890631256676, 0.0030166491323575556, -0.0062054483438095396, -0.0025379081880822015, -0.004466641803802202, 0.011158876404135468, -0.0068354030257320566, -0.01672542780947594, 0.0024733067469528292, 0.001475635915297898, 0.004484349260178408]	1432806991657
[0.0007305661004694499, 0.0003900065640478303, 0.00048529186050389253, 0.00011347344573593593, 0.00040589322350178386, 0.0005687710045714458, 0.00016336604293643535, 0.00046592229833885564, 0.00021375693184929386, 0.0007981820866727361, 0.0018531505971369996, 0.00035858701866065104, 0.0008160398874356342, -1.8006618766864776e-05, 0.00035185476897006397, 8.819788120060953e-05, 0.00011738201294378905, 0.0005554346767656222, 0.0003300049145250425, -0.0008198457331775523, 0.0020152163471322576, 0.00019889014996274864, 0.0007780262388795736, 0.0016091117190824642, 9.11992641652239e-05, 0.00019265250468884846, -0.0005415296414284233, 0.0015336017858607386, 0.0006896901328886326, 8.45520219091305e-05, 0.004709670403433908, 0.0005806632178847335, -0.0010584702929344202, 0.002482208619973023, -0.0005125596310930981, 0.0016670914244297532, -0.0003321985883962526, 0.0010869018840164169, -0.00029564410152304265, -0.000961553657385892, 0.0007518400218932009, 0.0010600550273211315, 0.0005297188834789645, -0.0012990703540627306, 0.0010944352563540423, 0.00133902952700045, -4.424714320654729e-05, 0.000847163664593214, 3.5368827068062777e-05, 0.0012000630856376711]	1432808547660
[0.0036378263999007334, 0.0013150596191734154, 0.0017517365519920444, -0.0008522517773497902, 0.003914474511455995, 0.0014899400028683017, 0.0014339720556621285, 0.0008188297199815223, 0.001426929857905461, 0.0006052459061186282, 0.005326482913583363, -0.0008012699645312142, 0.006932979768348203, -0.0003031852658297555, 0.00022900166853612593, 0.002227478568428144, 0.0005522450491851222, -0.000515668353462444, 0.00038028233108048704, 5.503112617887204e-06, 0.00031010611235249616, 0.001003121733924496, 0.009547968396719213, 0.028722623012905783, -0.01008087348983824, 0.006396510668047442, 0.01936290110317709, 0.0007346885100905011, 0.02719433050494361, 0.009843347690872424, 0.00872236510994081, 0.0032953784907791992, 0.003008943231410557, 0.01428471761772575, 0.002454211789038602, 0.04694796701961701, 0.07948994616211592, 0.05114405173159904, 0.15928878258635465, 0.0019363181485593584, 0.0013846012921766558, -0.06468265982118672, 0.007987599934907644, 0.11923646100306334, 0.05357822511979763, -0.01573800623045115, -0.04128471747098747, 0.02370701371691516, -0.021786350737034797, 0.01796468602954118]	1432812174660
[0.0013023501255070254, 0.0008088260170430956, 0.001419213628562533, 1.5769085856090796e-05, 0.0019333840978725204, 0.0031086829880967, 0.012811506116007785, -0.000571058887762677, -0.00023544806932287532, -0.00037820128207255286, 0.0033335556141590775, 0.0009121795464494336, 0.001996828454679941, -0.00016796567263593513, -0.0007450666189176524, -0.0001883239042799423, 0.00011665294459288008, 0.0012456288615104209, 0.0003437057334272003, -0.0008988086568073418, 0.0002411310883601672, 0.002190593513294483, 0.0028248642387687104, 0.00295599161086138, -0.0012942710372697286, -0.00044613790074717323, 0.002103820692624391, 0.002200559862847076, 0.007630879834673665, 0.0008965257426006503, 0.00024035779732937236, 0.0058527335757043416, 0.008369449399512788, 0.00041135551156083234, -0.0004572552443038026, 0.0017551953322506174, 0.0018890051768594863, 0.0024124799519620174, 0.002005095619880394, 0.0038756617071646084, -0.0019454572733927388, -0.0007684287242723756, 0.004128749847822974, 0.0014653114817866635, 0.0023807983823507955, 0.006030895960934101, -0.002612137355860997, 0.00172924411865665, 0.0007641468638944324, 0.004755630683745198]	1432812295662
[0.0016766530227265727, 0.002323422858650879, 0.0024915703881045956, 0.002284108659429534, 0.001887694512186001, 0.0017220631490928921, 0.0008749635612979573, 0.0009645788208940668, 0.0010436981075466498, 0.0011433102690831937, 0.005197324807004275, -0.00010281134126279953, 0.0071863038955680796, 0.0001505931324624281, 0.006369304699807173, 0.0009476855336235479, -0.00048312523331133005, -0.0019721484330488238, -0.003975383431047189, -3.4610900090313854e-06, 0.0009032900100142742, 0.0010631213309383793, 0.002142258029317645, 0.004404179546380672, -0.0002848321867857492, 0.002272047843820103, -0.0006872578480446475, 0.007200714087393003, -0.0002382763594222924, -0.0016278480077585175, 0.0008720227087807656, 0.0006139777328880274, 0.0009272249992731053, 0.0012989050859710046, -0.0009849347778024074, 0.001408043765478256, 0.0020396629277507454, -0.001001650619478438, -4.46318349736491e-06, 0.004715025225731192, -0.0016484178764105243, -0.0026096554447801435, 0.002134896854554792, -0.00046580496584815975, 0.0036338743419724036, 0.00015044497820157246, 0.001389364975967557, 0.00735506804732785, -0.002416456414036149, -0.00022338690641876885]	1432814456663
[0.0011099506976335915, 0.0007472529543481616, 0.0010154463043059582, -0.0002891827068040924, 0.001379591744802448, 0.000977509078120335, 0.0011846417459363766, 0.00044343675795587, 0.000326769919927754, 0.0004509781295373522, 0.002877707684949332, -0.0007533908946227231, 0.00396294966605476, -6.469064860570516e-06, 0.003324595954633715, 0.0011979502353548803, -0.00011477265560747475, -0.000668175151432635, -0.0013445275240530027, -0.0003121777543084004, 0.0006608339054845822, 0.002142831725802218, 0.0011229063586018647, 0.002417066415213224, -0.0005306718907969179, 0.00151408035746403, -9.56731959911682e-05, 0.003329268578338759, 0.0005697196537228056, -0.0004614613989806226, -0.0005235872263921528, 0.0004640049270546877, 0.0002729314667066953, 0.0006827635703075683, -0.0002557969410455267, 0.003688362830779247, 0.0017793089772433132, 0.00031229994284939696, -0.00025657143919848333, 0.0006912307363149519, -0.0001334064427888026, -0.0021103269012848697, 0.002396427589851833, -0.002464269534317823, 0.0016793727252937302, 0.0011674386458082311, 0.001768736915327903, 0.006350005795538004, -0.0029815161889715997, 0.0023700975045953983]	1432815077659
[0.0035998591799866874, 0.005229249780045575, 0.00969012533540354, 0.014744031756105475, 0.0037126939783793745, 0.00661725829886076, 0.001755254334689788, 0.004280051396607645, 0.00033349756591600794, 0.006928387419217279, 0.02235062175520686, -0.0036920909421026696, 0.026140666345552968, -0.00018749749107033255, 0.03321370834866033, 0.014196353085894555, -0.00019400478003545166, -0.007532845744666713, 0.07984604083115485, -0.030665704517684217, 0.0037445559506654085, -0.0021600864566996593, 0.029832392040606063, 0.031094010832784978, 0.011983936884149865, 0.00707327524022754, 0.018650812547002918, 0.0474677506773205, -0.0160234993327054, 0.31914859120008787, -0.01932888301568673, 0.07994705669237454, -0.08337600347896906, 0.39007532497378156, -0.48802380714159355, -0.2427706192119738, -0.06700080601144293, -0.07655929942593426, 0.01512331088331435, 0.021016599204453736, 0.03989827567838926, 0.014105951504248827, -0.021165479654193006, 0.07600690969929852, 0.009436700206890195, -0.14216132384890312, 0.03507402856574667, -0.04636777388314635, 0.022444144039854768, 0.018009027188195574]	1432815137665
[0.0029843860499323706, 0.0025005429072992255, 0.002831001876528181, -0.00029241055967926924, 0.004082441392151448, 0.0047269449362650675, 0.01041022080779589, 0.004512609739652533, 0.0002508017859343977, 0.002185048391710429, 0.020023094155948353, 0.004193871433962072, 0.010927769269167015, 0.0005947283513885229, 0.010329796499283147, 0.0029375675443438724, 0.0014310113163001918, 0.029592344867646267, 0.0014178196311131327, -0.0018604067745316025, 0.004383993029362702, -0.004215078035989515, 0.01113758002603108, 0.06842495329914011, 0.07678525798258454, 0.26617215787096926, -0.06208794058677833, -0.06982805636681048, -0.011373121084196858, 0.0006770166670087337, -0.008336583295594276, -0.020213807804017325, 0.003819026657261188, -0.007147992598728517, 0.00265506054368422, -0.009925134071372561, -0.003791777195582177, 0.00043114144481663677, -0.0020193295497176866, -0.001480876068947371, -0.0004984177751706033, 0.0015893030070730618, -0.003595844136065861, 0.002101005274592095, 0.00028112606725286325, -0.002238300111158067, -0.0006492644981046676, 0.000991735555915955, -0.0014461741438162232, 0.001644769121831097]	1432816821663
[0.004020440686666238, 0.0036027286366921074, 0.0090027512916067, 0.00272654911682349, 0.006487542321959965, 0.007272958708759969, 0.0014829507438539069, 0.004376319316307776, 0.0012274576092296521, 0.0022817419433967517, 0.01317022145608412, -0.0009868601088182008, 0.008052200725992673, 0.0018895994077122542, 0.0031166836883523073, 0.0009189688843133906, 0.0005859177466766656, 0.0034888839841169055, 0.003575482106258539, -0.0031390004558758326, 0.0046329189009807125, 0.006480721202007013, 0.11337111349109252, -0.01369597755785292, 0.005512467787180949, 0.0019939339034864426, 0.0011349960680367825, 0.009623030780496745, -0.005256631247800747, -0.018218731569059836, -0.004674595546920172, 0.00528738817300716, 0.0009009834882466321, 0.005558406584540872, -0.01324620186809875, 0.004572548595409795, -0.0013376440017281175, -0.004171386008910087, 0.007890555229385237, 0.002414577799898742, -0.008458178671666702, -0.0023776569080042127, 0.0021518300417751324, -0.0028116844476604726, 0.004220336411492726, 0.0033541547012797433, -0.014037297689473174, 0.02025940560484502, -0.0073412719271391935, 0.02380723470749261]	1432818071662
[0.00014444862745476293, 8.892653976160745e-05, 0.00016892562278494625, -8.666298298942405e-05, 0.00011803730095746906, 3.3544168091728344e-06, 0.00010075916160080885, 1.7398348488283317e-05, 0.00015452908636585396, 1.5223165288925079e-05, 0.00018898423066858257, -1.2360605641340398e-05, 0.00021127932705806995, -1.0581041671029953e-05, 0.00013879346760985986, 0.00013527150583404098, 8.936063868209602e-06, 2.838651119719111e-05, -9.555339984661233e-05, -9.864817078728237e-06, 8.611989020334773e-05, 0.0002779741992607294, 0.00016826373963505994, 0.00031942765331555644, -3.604369574290976e-05, 9.276267983772816e-05, -8.044127520535557e-05, 0.0003080586246991981, 3.085399368468736e-05, 0.0002644679727821921, 6.12535757531123e-06, 9.005215437337282e-05, 1.9220502284737822e-05, -2.1884785751566767e-05, 6.522393206685788e-05, 0.00034076843172986743, 0.0004942875501823573, 0.00018063954375939422, -2.8664601107508592e-05, 0.00019932207189512528, -5.577766808858361e-05, -0.00017691507581515665, -3.349512741758575e-05, -4.753284317319481e-05, 0.00017672243839771403, 0.00043134105720747364, 0.00031033669538964667, 7.413283916281778e-05, 0.00012839453033555143, 0.0004222693419524973]	1432820174662
[0.003721282003742048, 0.002965023716501093, 0.0043594286183422995, 0.0014150037100250509, 0.006717201254486786, 0.006219001979391752, 0.0008628642034579332, 0.001263745700407595, 0.0009651712242342889, 0.0020420053028025052, 0.009630392816592668, -0.0007753102901841989, 0.0068432308917975495, 0.0008029284089649431, 0.002978632185632557, 0.00318845783161026, -0.0003302973361799081, 0.00269002690218695, 0.0016656620231679168, 0.0007060160403701707, 0.00426918744587948, 0.0038854352477269588, 0.009743940030710477, 0.012196841171155569, 0.005743763049836552, 0.0011500552075425045, 0.004315760282359787, 0.011279752634004589, 0.0019404155174149696, 0.009123985051297266, -0.0017750918982844842, -0.004080338081443255, -0.005463544269344145, -0.003209517693370908, 0.0014459943510797667, 0.008829479997868326, 0.01056241954031841, 0.007614142358795711, 0.001984013555068289, 0.01191850463056262, -0.01337337941539702, -0.00516185545971558, 0.02449313273749412, -0.0033370136638314254, 0.0007008500822137632, 0.007523413647400674, 0.013029784299152723, -0.00987093228203506, -0.0018905603746185462, -0.0015941373664121778]	1432821091658
[3.820804987264181e-05, 6.66412009595243e-05, 0.00021100845732625984, -5.063924522549582e-05, 0.0002525149935458599, 0.00035306799358498294, 0.00012819285542052433, 6.916043474118837e-05, 0.0002330975173982294, -4.310588848410885e-05, 0.0005090033252439849, 0.0001341949344096307, 0.0005654654098136726, 0.00015351444772674519, 5.848107253129342e-07, -0.0001397045383476338, 3.6718484163452545e-05, 0.0002493204139173124, -9.51684593914954e-05, -5.509686904434168e-05, 0.0005050066245397912, 0.00013122790600698692, 0.0004240849857009062, 0.00042276721397815377, 0.0002893155162779204, 0.0004228497167625482, -0.0002017286636387717, 0.0004791461078361607, 4.7834787449525395e-05, 0.00017465486926181343, 5.9175331063517314e-05, 0.0001006827611145924, 0.0005416006154279939, -5.172444707258919e-05, -6.490752473172263e-06, 0.00040982243338409153, -4.5148654383307614e-05, -7.723075945500749e-05, -0.00036855866365904575, 0.00038526718465315595, -0.0002880704237910869, -0.00017879525811513594, 0.0009106105486572401, -0.00019110551150921677, -0.0003007523347298305, -0.00021423699500301767, 0.0003394583855787666, 0.001229930635207331, -0.0004616062113390802, 0.0009330491477966518]	1432821367664
